LocationTime,LOCATION,TIME,Alcohol_Val
AUS-1990,AUS,1990,10.6
AUS-1991,AUS,1991,10.1
AUS-1992,AUS,1992,9.9
AUS-1993,AUS,1993,10.2
AUS-1994,AUS,1994,10.0
AUS-1995,AUS,1995,9.8
AUS-1996,AUS,1996,10.0
AUS-1997,AUS,1997,10.2
AUS-1998,AUS,1998,10.0
AUS-1999,AUS,1999,10.0
AUS-2000,AUS,2000,10.2
AUS-2001,AUS,2001,10.0
AUS-2002,AUS,2002,10.4
AUS-2003,AUS,2003,10.3
AUS-2004,AUS,2004,10.5
AUS-2005,AUS,2005,10.5
AUS-2006,AUS,2006,10.8
AUS-2007,AUS,2007,10.8
AUS-2008,AUS,2008,10.8
AUS-2009,AUS,2009,10.7
AUS-2010,AUS,2010,10.4
AUS-2011,AUS,2011,10.2
AUS-2012,AUS,2012,10.0
AUS-2013,AUS,2013,9.9
AUS-2014,AUS,2014,9.7
AUS-2015,AUS,2015,9.8
AUS-2016,AUS,2016,9.5
AUS-2017,AUS,2017,9.5
AUT-1990,AUT,1990,14.0
AUT-1991,AUT,1991,14.0
AUT-1992,AUT,1992,13.6
AUT-1993,AUT,1993,13.5
AUT-1994,AUT,1994,12.5
AUT-1995,AUT,1995,13.4
AUT-1996,AUT,1996,13.5
AUT-1997,AUT,1997,12.9
AUT-1998,AUT,1998,12.9
AUT-1999,AUT,1999,12.8
AUT-2000,AUT,2000,13.2
AUT-2001,AUT,2001,12.3
AUT-2002,AUT,2002,12.1
AUT-2003,AUT,2003,12.3
AUT-2004,AUT,2004,12.1
AUT-2005,AUT,2005,12.2
AUT-2006,AUT,2006,12.5
AUT-2007,AUT,2007,12.5
AUT-2008,AUT,2008,12.0
AUT-2009,AUT,2009,11.8
AUT-2010,AUT,2010,12.1
AUT-2011,AUT,2011,11.9
AUT-2012,AUT,2012,12.1
AUT-2013,AUT,2013,11.9
AUT-2014,AUT,2014,12.2
AUT-2015,AUT,2015,11.2
AUT-2016,AUT,2016,11.4
AUT-2017,AUT,2017,11.3
AUT-2018,AUT,2018,11.3
AUT-2019,AUT,2019,11.6
AUT-2020,AUT,2020,11.3
BEL-1990,BEL,1990,12.2
BEL-1991,BEL,1991,11.4
BEL-1992,BEL,1992,11.7
BEL-1993,BEL,1993,11.7
BEL-1994,BEL,1994,11.1
BEL-1995,BEL,1995,11.0
BEL-1996,BEL,1996,10.9
BEL-1997,BEL,1997,10.9
BEL-1998,BEL,1998,9.9
BEL-1999,BEL,1999,10.1
BEL-2000,BEL,2000,11.2
BEL-2001,BEL,2001,11.0
BEL-2002,BEL,2002,11.3
BEL-2003,BEL,2003,11.3
BEL-2004,BEL,2004,12.1
BEL-2005,BEL,2005,12.2
BEL-2006,BEL,2006,10.9
BEL-2007,BEL,2007,10.3
BEL-2008,BEL,2008,10.5
BEL-2009,BEL,2009,10.1
BEL-2010,BEL,2010,10.3
BEL-2011,BEL,2011,10.1
BEL-2012,BEL,2012,10.1
BEL-2013,BEL,2013,10.3
BEL-2014,BEL,2014,10.6
BEL-2015,BEL,2015,10.4
BEL-2016,BEL,2016,9.4
BEL-2017,BEL,2017,9.3
BEL-2018,BEL,2018,9.2
BEL-2019,BEL,2019,9.2
CAN-1990,CAN,1990,8.5
CAN-1991,CAN,1991,8.2
CAN-1992,CAN,1992,7.8
CAN-1993,CAN,1993,7.5
CAN-1994,CAN,1994,7.4
CAN-1995,CAN,1995,7.4
CAN-1996,CAN,1996,7.4
CAN-1997,CAN,1997,7.2
CAN-1998,CAN,1998,7.3
CAN-1999,CAN,1999,7.5
CAN-2000,CAN,2000,7.6
CAN-2001,CAN,2001,7.6
CAN-2002,CAN,2002,7.7
CAN-2003,CAN,2003,7.7
CAN-2004,CAN,2004,7.8
CAN-2005,CAN,2005,8.0
CAN-2006,CAN,2006,8.2
CAN-2007,CAN,2007,8.4
CAN-2008,CAN,2008,8.4
CAN-2009,CAN,2009,8.4
CAN-2010,CAN,2010,8.4
CAN-2011,CAN,2011,8.2
CAN-2012,CAN,2012,8.3
CAN-2013,CAN,2013,8.2
CAN-2014,CAN,2014,8.0
CAN-2015,CAN,2015,8.0
CAN-2016,CAN,2016,8.1
CAN-2017,CAN,2017,8.2
CAN-2018,CAN,2018,8.2
CAN-2019,CAN,2019,8.0
CAN-2020,CAN,2020,8.1
CZE-1990,CZE,1990,11.3
CZE-1991,CZE,1991,11.5
CZE-1992,CZE,1992,11.8
CZE-1993,CZE,1993,11.5
CZE-1994,CZE,1994,11.6
CZE-1995,CZE,1995,11.5
CZE-1996,CZE,1996,11.6
CZE-1997,CZE,1997,11.9
CZE-1998,CZE,1998,11.8
CZE-1999,CZE,1999,11.9
CZE-2000,CZE,2000,11.8
CZE-2001,CZE,2001,11.8
CZE-2002,CZE,2002,11.9
CZE-2003,CZE,2003,12.1
CZE-2004,CZE,2004,11.5
CZE-2005,CZE,2005,12.0
CZE-2006,CZE,2006,11.9
CZE-2007,CZE,2007,12.1
CZE-2008,CZE,2008,12.1
CZE-2009,CZE,2009,12.1
CZE-2010,CZE,2010,11.4
CZE-2011,CZE,2011,11.5
CZE-2012,CZE,2012,11.6
CZE-2013,CZE,2013,11.5
CZE-2014,CZE,2014,11.9
CZE-2015,CZE,2015,11.5
CZE-2016,CZE,2016,11.7
CZE-2017,CZE,2017,11.6
CZE-2018,CZE,2018,11.8
CZE-2019,CZE,2019,11.9
CZE-2020,CZE,2020,11.6
DNK-1990,DNK,1990,12.3
DNK-1991,DNK,1991,12.2
DNK-1992,DNK,1992,12.5
DNK-1993,DNK,1993,12.3
DNK-1994,DNK,1994,12.5
DNK-1995,DNK,1995,12.7
DNK-1996,DNK,1996,12.7
DNK-1997,DNK,1997,12.6
DNK-1998,DNK,1998,12.1
DNK-1999,DNK,1999,12.1
DNK-2000,DNK,2000,12.2
DNK-2001,DNK,2001,12.0
DNK-2002,DNK,2002,11.8
DNK-2003,DNK,2003,12.0
DNK-2004,DNK,2004,11.8
DNK-2005,DNK,2005,11.8
DNK-2006,DNK,2006,11.6
DNK-2007,DNK,2007,11.6
DNK-2008,DNK,2008,11.3
DNK-2009,DNK,2009,10.6
DNK-2010,DNK,2010,10.8
DNK-2011,DNK,2011,11.0
DNK-2012,DNK,2012,9.8
DNK-2013,DNK,2013,10.0
DNK-2014,DNK,2014,10.1
DNK-2015,DNK,2015,9.9
DNK-2016,DNK,2016,10.0
DNK-2017,DNK,2017,9.7
DNK-2018,DNK,2018,9.7
DNK-2019,DNK,2019,9.5
DNK-2020,DNK,2020,9.7
FIN-1990,FIN,1990,9.5
FIN-1991,FIN,1991,9.2
FIN-1992,FIN,1992,8.9
FIN-1993,FIN,1993,8.4
FIN-1994,FIN,1994,8.2
FIN-1995,FIN,1995,8.3
FIN-1996,FIN,1996,8.2
FIN-1997,FIN,1997,8.6
FIN-1998,FIN,1998,8.6
FIN-1999,FIN,1999,8.6
FIN-2000,FIN,2000,8.6
FIN-2001,FIN,2001,9.0
FIN-2002,FIN,2002,9.2
FIN-2003,FIN,2003,9.3
FIN-2004,FIN,2004,9.9
FIN-2005,FIN,2005,10.0
FIN-2006,FIN,2006,10.1
FIN-2007,FIN,2007,10.5
FIN-2008,FIN,2008,10.3
FIN-2009,FIN,2009,10.0
FIN-2010,FIN,2010,9.7
FIN-2011,FIN,2011,9.8
FIN-2012,FIN,2012,9.3
FIN-2013,FIN,2013,9.1
FIN-2014,FIN,2014,8.8
FIN-2015,FIN,2015,8.5
FIN-2016,FIN,2016,8.4
FIN-2017,FIN,2017,8.4
FIN-2018,FIN,2018,8.4
FIN-2019,FIN,2019,8.2
FIN-2020,FIN,2020,8.2
FRA-1990,FRA,1990,15.4
FRA-1991,FRA,1991,15.4
FRA-1992,FRA,1992,15.4
FRA-1993,FRA,1993,14.7
FRA-1994,FRA,1994,14.6
FRA-1995,FRA,1995,14.5
FRA-1996,FRA,1996,14.5
FRA-1997,FRA,1997,14.3
FRA-1998,FRA,1998,14.5
FRA-1999,FRA,1999,14.4
FRA-2000,FRA,2000,13.9
FRA-2001,FRA,2001,14.1
FRA-2002,FRA,2002,13.9
FRA-2003,FRA,2003,13.4
FRA-2004,FRA,2004,13.1
FRA-2005,FRA,2005,12.9
FRA-2006,FRA,2006,13.1
FRA-2007,FRA,2007,12.9
FRA-2008,FRA,2008,12.5
FRA-2009,FRA,2009,12.6
FRA-2010,FRA,2010,12.3
FRA-2011,FRA,2011,12.4
FRA-2012,FRA,2012,12.2
FRA-2013,FRA,2013,11.6
FRA-2014,FRA,2014,12.0
FRA-2015,FRA,2015,11.9
FRA-2016,FRA,2016,11.7
FRA-2017,FRA,2017,11.7
FRA-2018,FRA,2018,11.6
FRA-2019,FRA,2019,11.4
FRA-2020,FRA,2020,10.4
DEU-1990,DEU,1990,14.9
DEU-1991,DEU,1991,13.9
DEU-1992,DEU,1992,13.8
DEU-1993,DEU,1993,13.5
DEU-1994,DEU,1994,13.4
DEU-1995,DEU,1995,13.4
DEU-1996,DEU,1996,13.1
DEU-1997,DEU,1997,13.0
DEU-1998,DEU,1998,12.7
DEU-1999,DEU,1999,12.8
DEU-2000,DEU,2000,12.9
DEU-2001,DEU,2001,12.5
DEU-2002,DEU,2002,12.3
DEU-2003,DEU,2003,11.9
DEU-2004,DEU,2004,11.8
DEU-2005,DEU,2005,11.7
DEU-2006,DEU,2006,11.8
DEU-2007,DEU,2007,11.5
DEU-2008,DEU,2008,11.4
DEU-2009,DEU,2009,11.2
DEU-2010,DEU,2010,11.6
DEU-2011,DEU,2011,11.3
DEU-2012,DEU,2012,11.3
DEU-2013,DEU,2013,11.1
DEU-2014,DEU,2014,11.1
DEU-2015,DEU,2015,11.1
DEU-2016,DEU,2016,11.0
DEU-2017,DEU,2017,10.9
DEU-2018,DEU,2018,10.9
DEU-2019,DEU,2019,10.6
GRC-1990,GRC,1990,10.3
GRC-1991,GRC,1991,10.2
GRC-1992,GRC,1992,10.0
GRC-1993,GRC,1993,10.7
GRC-1994,GRC,1994,10.4
GRC-1995,GRC,1995,10.1
GRC-1996,GRC,1996,9.7
GRC-1997,GRC,1997,9.5
GRC-1998,GRC,1998,9.0
GRC-1999,GRC,1999,9.5
GRC-2000,GRC,2000,8.6
GRC-2001,GRC,2001,8.8
GRC-2002,GRC,2002,8.2
GRC-2003,GRC,2003,8.9
GRC-2004,GRC,2004,9.1
GRC-2005,GRC,2005,9.2
GRC-2006,GRC,2006,8.7
GRC-2007,GRC,2007,8.9
GRC-2008,GRC,2008,8.7
GRC-2009,GRC,2009,8.3
GRC-2010,GRC,2010,8.3
GRC-2011,GRC,2011,7.5
GRC-2012,GRC,2012,7.6
GRC-2013,GRC,2013,7.6
GRC-2014,GRC,2014,7.1
GRC-2015,GRC,2015,6.7
GRC-2016,GRC,2016,6.7
GRC-2017,GRC,2017,6.7
GRC-2018,GRC,2018,6.5
GRC-2019,GRC,2019,6.3
HUN-1990,HUN,1990,13.9
HUN-1991,HUN,1991,13.3
HUN-1992,HUN,1992,13.0
HUN-1993,HUN,1993,13.1
HUN-1994,HUN,1994,12.9
HUN-1995,HUN,1995,12.2
HUN-1996,HUN,1996,12.5
HUN-1997,HUN,1997,12.3
HUN-1998,HUN,1998,12.2
HUN-1999,HUN,1999,12.2
HUN-2000,HUN,2000,12.0
HUN-2001,HUN,2001,13.2
HUN-2002,HUN,2002,13.3
HUN-2003,HUN,2003,13.2
HUN-2004,HUN,2004,13.2
HUN-2005,HUN,2005,13.0
HUN-2006,HUN,2006,13.2
HUN-2007,HUN,2007,12.6
HUN-2008,HUN,2008,11.8
HUN-2009,HUN,2009,11.5
HUN-2010,HUN,2010,10.8
HUN-2011,HUN,2011,11.4
HUN-2012,HUN,2012,11.1
HUN-2013,HUN,2013,10.6
HUN-2014,HUN,2014,10.9
HUN-2015,HUN,2015,10.8
HUN-2016,HUN,2016,11.1
HUN-2017,HUN,2017,10.7
HUN-2018,HUN,2018,11.4
HUN-2019,HUN,2019,10.7
HUN-2020,HUN,2020,10.4
ISL-1990,ISL,1990,5.1
ISL-1991,ISL,1991,5.0
ISL-1992,ISL,1992,4.6
ISL-1993,ISL,1993,4.4
ISL-1994,ISL,1994,4.6
ISL-1995,ISL,1995,4.7
ISL-1996,ISL,1996,4.8
ISL-1997,ISL,1997,5.1
ISL-1998,ISL,1998,5.5
ISL-1999,ISL,1999,5.9
ISL-2000,ISL,2000,6.2
ISL-2001,ISL,2001,6.4
ISL-2002,ISL,2002,6.6
ISL-2003,ISL,2003,6.6
ISL-2004,ISL,2004,6.8
ISL-2005,ISL,2005,7.1
ISL-2006,ISL,2006,7.2
ISL-2007,ISL,2007,7.5
ISL-2008,ISL,2008,7.2
ISL-2009,ISL,2009,7.2
ISL-2010,ISL,2010,6.8
ISL-2011,ISL,2011,6.8
ISL-2012,ISL,2012,6.8
ISL-2013,ISL,2013,6.8
ISL-2014,ISL,2014,7.0
ISL-2015,ISL,2015,7.7
ISL-2016,ISL,2016,7.5
ISL-2017,ISL,2017,7.7
ISL-2018,ISL,2018,7.7
ISL-2019,ISL,2019,7.4
ISL-2020,ISL,2020,7.4
IRL-1990,IRL,1990,11.2
IRL-1991,IRL,1991,11.2
IRL-1992,IRL,1992,11.4
IRL-1993,IRL,1993,11.2
IRL-1994,IRL,1994,11.2
IRL-1995,IRL,1995,11.5
IRL-1996,IRL,1996,12.2
IRL-1997,IRL,1997,12.8
IRL-1998,IRL,1998,13.2
IRL-1999,IRL,1999,13.8
IRL-2000,IRL,2000,14.2
IRL-2001,IRL,2001,14.5
IRL-2002,IRL,2002,14.3
IRL-2003,IRL,2003,13.5
IRL-2004,IRL,2004,13.6
IRL-2005,IRL,2005,13.4
IRL-2006,IRL,2006,13.4
IRL-2007,IRL,2007,13.2
IRL-2008,IRL,2008,12.2
IRL-2009,IRL,2009,11.0
IRL-2010,IRL,2010,11.6
IRL-2011,IRL,2011,11.7
IRL-2012,IRL,2012,11.5
IRL-2013,IRL,2013,10.6
IRL-2014,IRL,2014,10.8
IRL-2015,IRL,2015,10.7
IRL-2016,IRL,2016,11.2
IRL-2017,IRL,2017,11.0
IRL-2018,IRL,2018,11.0
IRL-2019,IRL,2019,10.8
IRL-2020,IRL,2020,10.1
ITA-1990,ITA,1990,11.0
ITA-1991,ITA,1991,10.8
ITA-1992,ITA,1992,10.6
ITA-1993,ITA,1993,10.3
ITA-1994,ITA,1994,10.1
ITA-1995,ITA,1995,9.6
ITA-1996,ITA,1996,9.1
ITA-1997,ITA,1997,9.1
ITA-1998,ITA,1998,9.0
ITA-1999,ITA,1999,8.9
ITA-2000,ITA,2000,9.8
ITA-2001,ITA,2001,9.7
ITA-2002,ITA,2002,9.3
ITA-2003,ITA,2003,9.3
ITA-2004,ITA,2004,9.0
ITA-2005,ITA,2005,8.7
ITA-2006,ITA,2006,8.4
ITA-2007,ITA,2007,8.4
ITA-2008,ITA,2008,8.0
ITA-2009,ITA,2009,7.3
ITA-2010,ITA,2010,7.0
ITA-2011,ITA,2011,7.0
ITA-2012,ITA,2012,7.5
ITA-2013,ITA,2013,7.4
ITA-2014,ITA,2014,7.6
ITA-2015,ITA,2015,7.1
ITA-2016,ITA,2016,7.1
ITA-2017,ITA,2017,7.4
ITA-2018,ITA,2018,7.8
ITA-2019,ITA,2019,7.7
JPN-1990,JPN,1990,9.2
JPN-1991,JPN,1991,8.9
JPN-1992,JPN,1992,8.9
JPN-1993,JPN,1993,9.2
JPN-1994,JPN,1994,9.1
JPN-1995,JPN,1995,8.9
JPN-1996,JPN,1996,9.0
JPN-1997,JPN,1997,8.8
JPN-1998,JPN,1998,8.7
JPN-1999,JPN,1999,8.8
JPN-2000,JPN,2000,8.6
JPN-2001,JPN,2001,8.6
JPN-2002,JPN,2002,8.4
JPN-2003,JPN,2003,8.4
JPN-2004,JPN,2004,8.2
JPN-2005,JPN,2005,8.5
JPN-2006,JPN,2006,7.9
JPN-2007,JPN,2007,7.7
JPN-2008,JPN,2008,7.5
JPN-2009,JPN,2009,7.4
JPN-2010,JPN,2010,7.3
JPN-2011,JPN,2011,7.3
JPN-2012,JPN,2012,7.2
JPN-2013,JPN,2013,7.4
JPN-2014,JPN,2014,7.1
JPN-2015,JPN,2015,7.2
JPN-2016,JPN,2016,7.2
JPN-2017,JPN,2017,7.2
JPN-2018,JPN,2018,7.2
JPN-2019,JPN,2019,7.1
JPN-2020,JPN,2020,6.7
KOR-1990,KOR,1990,9.1
KOR-1991,KOR,1991,8.8
KOR-1992,KOR,1992,8.9
KOR-1993,KOR,1993,8.7
KOR-1994,KOR,1994,9.1
KOR-1995,KOR,1995,8.9
KOR-1996,KOR,1996,9.1
KOR-1997,KOR,1997,8.9
KOR-1998,KOR,1998,8.7
KOR-1999,KOR,1999,9.2
KOR-2000,KOR,2000,8.9
KOR-2001,KOR,2001,8.5
KOR-2002,KOR,2002,9.2
KOR-2003,KOR,2003,9.3
KOR-2004,KOR,2004,9.3
KOR-2005,KOR,2005,9.0
KOR-2006,KOR,2006,9.2
KOR-2007,KOR,2007,9.3
KOR-2008,KOR,2008,9.5
KOR-2009,KOR,2009,8.9
KOR-2010,KOR,2010,8.9
KOR-2011,KOR,2011,8.9
KOR-2012,KOR,2012,9.0
KOR-2013,KOR,2013,8.7
KOR-2014,KOR,2014,8.9
KOR-2015,KOR,2015,9.1
KOR-2016,KOR,2016,8.7
KOR-2017,KOR,2017,8.7
KOR-2018,KOR,2018,8.5
KOR-2019,KOR,2019,8.3
KOR-2020,KOR,2020,7.9
LUX-1990,LUX,1990,15.3
LUX-1991,LUX,1991,14.4
LUX-1992,LUX,1992,14.3
LUX-1993,LUX,1993,13.9
LUX-1994,LUX,1994,13.7
LUX-1995,LUX,1995,13.7
LUX-1996,LUX,1996,13.4
LUX-1997,LUX,1997,13.2
LUX-1998,LUX,1998,13.0
LUX-1999,LUX,1999,13.0
LUX-2000,LUX,2000,13.4
LUX-2001,LUX,2001,13.3
LUX-2002,LUX,2002,13.1
LUX-2003,LUX,2003,12.7
LUX-2004,LUX,2004,12.5
LUX-2005,LUX,2005,12.3
LUX-2006,LUX,2006,12.4
LUX-2007,LUX,2007,12.2
LUX-2008,LUX,2008,12.0
LUX-2009,LUX,2009,11.9
LUX-2010,LUX,2010,11.9
LUX-2011,LUX,2011,11.8
LUX-2012,LUX,2012,11.8
LUX-2013,LUX,2013,11.4
LUX-2014,LUX,2014,11.6
LUX-2015,LUX,2015,11.5
LUX-2016,LUX,2016,11.4
LUX-2017,LUX,2017,11.3
LUX-2018,LUX,2018,11.1
LUX-2019,LUX,2019,11.0
MEX-1990,MEX,1990,4.9
MEX-1991,MEX,1991,4.8
MEX-1992,MEX,1992,5.3
MEX-1993,MEX,1993,5.2
MEX-1994,MEX,1994,5.2
MEX-1995,MEX,1995,5.1
MEX-1996,MEX,1996,5.3
MEX-1997,MEX,1997,4.8
MEX-1998,MEX,1998,4.9
MEX-1999,MEX,1999,4.9
MEX-2000,MEX,2000,5.2
MEX-2001,MEX,2001,5.0
MEX-2002,MEX,2002,4.9
MEX-2003,MEX,2003,5.0
MEX-2004,MEX,2004,5.0
MEX-2005,MEX,2005,5.0
MEX-2006,MEX,2006,5.2
MEX-2007,MEX,2007,4.1
MEX-2008,MEX,2008,4.0
MEX-2009,MEX,2009,4.3
MEX-2010,MEX,2010,4.0
MEX-2011,MEX,2011,4.0
MEX-2012,MEX,2012,3.9
MEX-2013,MEX,2013,3.8
MEX-2014,MEX,2014,4.0
MEX-2015,MEX,2015,4.3
MEX-2016,MEX,2016,4.4
MEX-2017,MEX,2017,4.7
MEX-2018,MEX,2018,4.8
MEX-2019,MEX,2019,4.9
MEX-2020,MEX,2020,3.9
NLD-1990,NLD,1990,9.9
NLD-1991,NLD,1991,10.0
NLD-1992,NLD,1992,10.0
NLD-1993,NLD,1993,9.7
NLD-1994,NLD,1994,9.7
NLD-1995,NLD,1995,9.8
NLD-1996,NLD,1996,9.9
NLD-1997,NLD,1997,10.1
NLD-1998,NLD,1998,9.9
NLD-1999,NLD,1999,10.1
NLD-2000,NLD,2000,10.1
NLD-2001,NLD,2001,10.0
NLD-2002,NLD,2002,9.8
NLD-2003,NLD,2003,9.7
NLD-2004,NLD,2004,9.6
NLD-2005,NLD,2005,9.6
NLD-2006,NLD,2006,9.6
NLD-2007,NLD,2007,9.6
NLD-2008,NLD,2008,9.7
NLD-2009,NLD,2009,9.4
NLD-2010,NLD,2010,9.1
NLD-2011,NLD,2011,9.0
NLD-2012,NLD,2012,9.1
NLD-2013,NLD,2013,8.7
NLD-2014,NLD,2014,8.4
NLD-2015,NLD,2015,8.3
NLD-2016,NLD,2016,8.2
NLD-2017,NLD,2017,8.3
NLD-2018,NLD,2018,8.3
NLD-2019,NLD,2019,8.2
NLD-2020,NLD,2020,7.2
NZL-1990,NZL,1990,10.3
NZL-1991,NZL,1991,9.9
NZL-1992,NZL,1992,9.8
NZL-1993,NZL,1993,9.3
NZL-1994,NZL,1994,9.5
NZL-1995,NZL,1995,9.3
NZL-1996,NZL,1996,8.8
NZL-1997,NZL,1997,8.7
NZL-1998,NZL,1998,8.7
NZL-1999,NZL,1999,8.9
NZL-2000,NZL,2000,8.9
NZL-2001,NZL,2001,8.7
NZL-2002,NZL,2002,9.1
NZL-2003,NZL,2003,8.9
NZL-2004,NZL,2004,9.1
NZL-2005,NZL,2005,9.3
NZL-2006,NZL,2006,9.3
NZL-2007,NZL,2007,9.2
NZL-2008,NZL,2008,9.5
NZL-2009,NZL,2009,9.3
NZL-2010,NZL,2010,9.6
NZL-2011,NZL,2011,9.5
NZL-2012,NZL,2012,9.2
NZL-2013,NZL,2013,9.2
NZL-2014,NZL,2014,9.1
NZL-2015,NZL,2015,8.7
NZL-2016,NZL,2016,8.9
NZL-2017,NZL,2017,8.8
NZL-2018,NZL,2018,8.8
NZL-2019,NZL,2019,8.8
NZL-2020,NZL,2020,8.7
NOR-1990,NOR,1990,5.0
NOR-1991,NOR,1991,4.9
NOR-1992,NOR,1992,4.7
NOR-1993,NOR,1993,4.6
NOR-1994,NOR,1994,4.7
NOR-1995,NOR,1995,4.8
NOR-1996,NOR,1996,5.0
NOR-1997,NOR,1997,5.3
NOR-1998,NOR,1998,5.2
NOR-1999,NOR,1999,5.5
NOR-2000,NOR,2000,5.7
NOR-2001,NOR,2001,5.5
NOR-2002,NOR,2002,5.9
NOR-2003,NOR,2003,6.0
NOR-2004,NOR,2004,6.2
NOR-2005,NOR,2005,6.4
NOR-2006,NOR,2006,6.5
NOR-2007,NOR,2007,6.6
NOR-2008,NOR,2008,6.8
NOR-2009,NOR,2009,6.7
NOR-2010,NOR,2010,6.6
NOR-2011,NOR,2011,6.4
NOR-2012,NOR,2012,6.2
NOR-2013,NOR,2013,6.2
NOR-2014,NOR,2014,6.1
NOR-2015,NOR,2015,6.0
NOR-2016,NOR,2016,6.0
NOR-2017,NOR,2017,6.0
NOR-2018,NOR,2018,6.0
NOR-2019,NOR,2019,6.1
NOR-2020,NOR,2020,7.2
POL-1990,POL,1990,8.3
POL-1991,POL,1991,8.8
POL-1992,POL,1992,8.3
POL-1993,POL,1993,8.4
POL-1994,POL,1994,8.3
POL-1995,POL,1995,8.1
POL-1996,POL,1996,8.1
POL-1997,POL,1997,8.6
POL-1998,POL,1998,8.4
POL-1999,POL,1999,8.3
POL-2000,POL,2000,8.4
POL-2001,POL,2001,7.8
POL-2002,POL,2002,8.1
POL-2003,POL,2003,9.1
POL-2004,POL,2004,9.2
POL-2005,POL,2005,9.1
POL-2006,POL,2006,9.9
POL-2007,POL,2007,10.3
POL-2008,POL,2008,10.8
POL-2009,POL,2009,10.2
POL-2010,POL,2010,10.0
POL-2011,POL,2011,10.3
POL-2012,POL,2012,10.2
POL-2013,POL,2013,10.8
POL-2014,POL,2014,10.5
POL-2015,POL,2015,10.5
POL-2016,POL,2016,10.5
POL-2017,POL,2017,10.6
POL-2018,POL,2018,10.7
POL-2019,POL,2019,11.0
PRT-1990,PRT,1990,14.4
PRT-1991,PRT,1991,14.0
PRT-1992,PRT,1992,13.6
PRT-1993,PRT,1993,13.4
PRT-1994,PRT,1994,13.3
PRT-1995,PRT,1995,12.8
PRT-1996,PRT,1996,12.1
PRT-1997,PRT,1997,11.8
PRT-1998,PRT,1998,11.7
PRT-1999,PRT,1999,13.2
PRT-2000,PRT,2000,12.8
PRT-2001,PRT,2001,12.6
PRT-2002,PRT,2002,12.5
PRT-2003,PRT,2003,12.2
PRT-2004,PRT,2004,12.3
PRT-2005,PRT,2005,12.0
PRT-2006,PRT,2006,11.8
PRT-2007,PRT,2007,11.5
PRT-2008,PRT,2008,11.5
PRT-2009,PRT,2009,11.5
PRT-2010,PRT,2010,11.3
PRT-2011,PRT,2011,10.9
PRT-2012,PRT,2012,9.8
PRT-2013,PRT,2013,9.5
PRT-2014,PRT,2014,10.2
PRT-2015,PRT,2015,10.3
PRT-2016,PRT,2016,10.4
PRT-2017,PRT,2017,10.4
PRT-2018,PRT,2018,10.4
PRT-2019,PRT,2019,10.4
SVK-1990,SVK,1990,13.4
SVK-1991,SVK,1991,13.7
SVK-1992,SVK,1992,12.7
SVK-1993,SVK,1993,12.1
SVK-1994,SVK,1994,10.6
SVK-1995,SVK,1995,10.3
SVK-1996,SVK,1996,10.7
SVK-1997,SVK,1997,10.8
SVK-1998,SVK,1998,10.0
SVK-1999,SVK,1999,10.0
SVK-2000,SVK,2000,11.0
SVK-2001,SVK,2001,10.8
SVK-2002,SVK,2002,10.8
SVK-2003,SVK,2003,9.9
SVK-2004,SVK,2004,10.1
SVK-2005,SVK,2005,11.0
SVK-2006,SVK,2006,10.6
SVK-2007,SVK,2007,10.7
SVK-2008,SVK,2008,11.2
SVK-2009,SVK,2009,10.7
SVK-2010,SVK,2010,10.1
SVK-2011,SVK,2011,10.2
SVK-2012,SVK,2012,10.1
SVK-2013,SVK,2013,9.9
SVK-2014,SVK,2014,10.1
SVK-2015,SVK,2015,10.2
SVK-2016,SVK,2016,9.9
SVK-2017,SVK,2017,9.7
SVK-2018,SVK,2018,10.1
SVK-2019,SVK,2019,10.3
SVK-2020,SVK,2020,9.9
ESP-1990,ESP,1990,12.9
ESP-1991,ESP,1991,12.8
ESP-1992,ESP,1992,12.1
ESP-1993,ESP,1993,11.6
ESP-1994,ESP,1994,11.3
ESP-1995,ESP,1995,11.0
ESP-1996,ESP,1996,10.8
ESP-1997,ESP,1997,11.6
ESP-1998,ESP,1998,11.5
ESP-1999,ESP,1999,11.3
ESP-2000,ESP,2000,11.8
ESP-2001,ESP,2001,12.4
ESP-2002,ESP,2002,10.7
ESP-2003,ESP,2003,11.4
ESP-2004,ESP,2004,11.7
ESP-2005,ESP,2005,11.9
ESP-2006,ESP,2006,11.9
ESP-2007,ESP,2007,11.1
ESP-2008,ESP,2008,10.2
ESP-2009,ESP,2009,10.0
ESP-2010,ESP,2010,9.8
ESP-2011,ESP,2011,9.6
ESP-2012,ESP,2012,9.4
ESP-2013,ESP,2013,9.2
ESP-2014,ESP,2014,9.5
ESP-2015,ESP,2015,10.4
ESP-2016,ESP,2016,10.8
ESP-2017,ESP,2017,10.8
ESP-2018,ESP,2018,10.4
ESP-2019,ESP,2019,10.8
ESP-2020,ESP,2020,7.8
SWE-1990,SWE,1990,6.4
SWE-1991,SWE,1991,6.3
SWE-1992,SWE,1992,6.3
SWE-1993,SWE,1993,6.2
SWE-1994,SWE,1994,6.3
SWE-1995,SWE,1995,6.2
SWE-1996,SWE,1996,6.0
SWE-1997,SWE,1997,5.9
SWE-1998,SWE,1998,5.8
SWE-1999,SWE,1999,6.1
SWE-2000,SWE,2000,6.2
SWE-2001,SWE,2001,6.5
SWE-2002,SWE,2002,6.9
SWE-2003,SWE,2003,6.9
SWE-2004,SWE,2004,6.5
SWE-2005,SWE,2005,6.5
SWE-2006,SWE,2006,6.8
SWE-2007,SWE,2007,7.0
SWE-2008,SWE,2008,7.0
SWE-2009,SWE,2009,7.3
SWE-2010,SWE,2010,7.4
SWE-2011,SWE,2011,7.3
SWE-2012,SWE,2012,7.2
SWE-2013,SWE,2013,7.3
SWE-2014,SWE,2014,7.2
SWE-2015,SWE,2015,7.1
SWE-2016,SWE,2016,7.2
SWE-2017,SWE,2017,7.0
SWE-2018,SWE,2018,7.2
SWE-2019,SWE,2019,7.1
SWE-2020,SWE,2020,7.5
CHE-1990,CHE,1990,12.9
CHE-1991,CHE,1991,12.9
CHE-1992,CHE,1992,12.3
CHE-1993,CHE,1993,12.1
CHE-1994,CHE,1994,11.8
CHE-1995,CHE,1995,11.4
CHE-1996,CHE,1996,11.3
CHE-1997,CHE,1997,11.2
CHE-1998,CHE,1998,11.1
CHE-1999,CHE,1999,11.1
CHE-2000,CHE,2000,11.2
CHE-2001,CHE,2001,11.1
CHE-2002,CHE,2002,10.8
CHE-2003,CHE,2003,10.8
CHE-2004,CHE,2004,10.7
CHE-2005,CHE,2005,10.1
CHE-2006,CHE,2006,10.2
CHE-2007,CHE,2007,10.4
CHE-2008,CHE,2008,10.2
CHE-2009,CHE,2009,10.1
CHE-2010,CHE,2010,10.0
CHE-2011,CHE,2011,10.0
CHE-2012,CHE,2012,9.9
CHE-2013,CHE,2013,9.8
CHE-2014,CHE,2014,9.5
CHE-2015,CHE,2015,9.5
CHE-2016,CHE,2016,9.3
CHE-2017,CHE,2017,9.2
CHE-2018,CHE,2018,9.1
CHE-2019,CHE,2019,9.3
CHE-2020,CHE,2020,8.9
TUR-1990,TUR,1990,1.4
TUR-1991,TUR,1991,1.4
TUR-1992,TUR,1992,1.5
TUR-1993,TUR,1993,1.6
TUR-1994,TUR,1994,1.6
TUR-1995,TUR,1995,1.7
TUR-1996,TUR,1996,1.6
TUR-1997,TUR,1997,1.6
TUR-1998,TUR,1998,1.6
TUR-1999,TUR,1999,1.6
TUR-2000,TUR,2000,1.5
TUR-2001,TUR,2001,1.4
TUR-2002,TUR,2002,1.4
TUR-2003,TUR,2003,1.5
TUR-2004,TUR,2004,1.4
TUR-2005,TUR,2005,1.3
TUR-2006,TUR,2006,1.2
TUR-2007,TUR,2007,1.3
TUR-2008,TUR,2008,1.5
TUR-2009,TUR,2009,1.5
TUR-2010,TUR,2010,1.5
TUR-2011,TUR,2011,1.5
TUR-2012,TUR,2012,1.6
TUR-2013,TUR,2013,1.4
TUR-2014,TUR,2014,1.5
TUR-2015,TUR,2015,1.4
TUR-2016,TUR,2016,1.3
TUR-2017,TUR,2017,1.4
TUR-2018,TUR,2018,1.4
TUR-2019,TUR,2019,1.3
TUR-2020,TUR,2020,1.2
GBR-1990,GBR,1990,9.8
GBR-1991,GBR,1991,9.4
GBR-1992,GBR,1992,9.3
GBR-1993,GBR,1993,9.3
GBR-1994,GBR,1994,9.6
GBR-1995,GBR,1995,9.3
GBR-1996,GBR,1996,9.8
GBR-1997,GBR,1997,10.0
GBR-1998,GBR,1998,9.8
GBR-1999,GBR,1999,10.3
GBR-2000,GBR,2000,10.4
GBR-2001,GBR,2001,10.8
GBR-2002,GBR,2002,11.1
GBR-2003,GBR,2003,11.3
GBR-2004,GBR,2004,11.6
GBR-2005,GBR,2005,11.4
GBR-2006,GBR,2006,11.0
GBR-2007,GBR,2007,11.1
GBR-2008,GBR,2008,10.8
GBR-2009,GBR,2009,10.1
GBR-2010,GBR,2010,10.1
GBR-2011,GBR,2011,9.9
GBR-2012,GBR,2012,9.6
GBR-2013,GBR,2013,9.4
GBR-2014,GBR,2014,9.4
GBR-2015,GBR,2015,9.5
GBR-2016,GBR,2016,9.5
GBR-2017,GBR,2017,9.7
GBR-2018,GBR,2018,9.8
GBR-2019,GBR,2019,9.7
GBR-2020,GBR,2020,9.7
USA-1990,USA,1990,9.3
USA-1991,USA,1991,8.7
USA-1992,USA,1992,8.7
USA-1993,USA,1993,8.4
USA-1994,USA,1994,8.3
USA-1995,USA,1995,8.1
USA-1996,USA,1996,8.2
USA-1997,USA,1997,8.1
USA-1998,USA,1998,8.1
USA-1999,USA,1999,8.2
USA-2000,USA,2000,8.3
USA-2001,USA,2001,8.3
USA-2002,USA,2002,8.3
USA-2003,USA,2003,8.4
USA-2004,USA,2004,8.5
USA-2005,USA,2005,8.5
USA-2006,USA,2006,8.6
USA-2007,USA,2007,8.7
USA-2008,USA,2008,8.7
USA-2009,USA,2009,8.7
USA-2010,USA,2010,8.6
USA-2011,USA,2011,8.7
USA-2012,USA,2012,8.9
USA-2013,USA,2013,8.8
USA-2014,USA,2014,8.8
USA-2015,USA,2015,8.8
USA-2016,USA,2016,8.9
USA-2017,USA,2017,8.9
USA-2018,USA,2018,8.9
USA-2019,USA,2019,9.0
USA-2020,USA,2020,9.3
BRA-1990,BRA,1990,5.3
BRA-1991,BRA,1991,5.5
BRA-1992,BRA,1992,5.3
BRA-1993,BRA,1993,4.9
BRA-1994,BRA,1994,5.2
BRA-1995,BRA,1995,5.9
BRA-1996,BRA,1996,6.0
BRA-1997,BRA,1997,5.9
BRA-1998,BRA,1998,5.7
BRA-1999,BRA,1999,5.9
BRA-2000,BRA,2000,7.3
BRA-2001,BRA,2001,7.2
BRA-2002,BRA,2002,7.0
BRA-2003,BRA,2003,6.8
BRA-2004,BRA,2004,6.7
BRA-2005,BRA,2005,6.8
BRA-2006,BRA,2006,6.9
BRA-2007,BRA,2007,6.9
BRA-2008,BRA,2008,6.8
BRA-2009,BRA,2009,7.0
BRA-2010,BRA,2010,7.2
BRA-2011,BRA,2011,7.1
BRA-2012,BRA,2012,7.1
BRA-2013,BRA,2013,6.9
BRA-2014,BRA,2014,6.9
BRA-2015,BRA,2015,6.6
BRA-2016,BRA,2016,6.4
BRA-2017,BRA,2017,6.3
BRA-2018,BRA,2018,6.2
BRA-2019,BRA,2019,6.1
CHL-1990,CHL,1990,8.6
CHL-1991,CHL,1991,8.0
CHL-1992,CHL,1992,7.8
CHL-1993,CHL,1993,7.7
CHL-1994,CHL,1994,7.7
CHL-1995,CHL,1995,8.3
CHL-1996,CHL,1996,7.4
CHL-1997,CHL,1997,6.6
CHL-1998,CHL,1998,7.3
CHL-1999,CHL,1999,7.6
CHL-2000,CHL,2000,6.2
CHL-2001,CHL,2001,6.2
CHL-2002,CHL,2002,5.5
CHL-2003,CHL,2003,6.5
CHL-2004,CHL,2004,6.8
CHL-2005,CHL,2005,7.2
CHL-2006,CHL,2006,6.9
CHL-2007,CHL,2007,7.4
CHL-2008,CHL,2008,7.4
CHL-2009,CHL,2009,7.2
CHL-2010,CHL,2010,7.6
CHL-2011,CHL,2011,7.1
CHL-2012,CHL,2012,8.3
CHL-2013,CHL,2013,7.2
CHL-2014,CHL,2014,7.9
CHL-2015,CHL,2015,7.9
CHL-2016,CHL,2016,6.4
CHL-2017,CHL,2017,5.7
CHL-2018,CHL,2018,6.3
CHL-2019,CHL,2019,7.1
CHN-1990,CHN,1990,3.4
CHN-1991,CHN,1991,3.7
CHN-1992,CHN,1992,3.8
CHN-1993,CHN,1993,4.1
CHN-1994,CHN,1994,4.3
CHN-1995,CHN,1995,4.8
CHN-1996,CHN,1996,5.1
CHN-1997,CHN,1997,5.0
CHN-1998,CHN,1998,5.0
CHN-1999,CHN,1999,5.1
CHN-2000,CHN,2000,3.0
CHN-2001,CHN,2001,2.8
CHN-2002,CHN,2002,2.9
CHN-2003,CHN,2003,2.9
CHN-2004,CHN,2004,3.0
CHN-2005,CHN,2005,2.9
CHN-2006,CHN,2006,3.3
CHN-2007,CHN,2007,3.9
CHN-2008,CHN,2008,4.3
CHN-2009,CHN,2009,4.9
CHN-2010,CHN,2010,5.8
CHN-2011,CHN,2011,5.4
CHN-2012,CHN,2012,5.5
CHN-2013,CHN,2013,5.6
CHN-2014,CHN,2014,5.7
CHN-2015,CHN,2015,5.7
CHN-2016,CHN,2016,5.6
CHN-2017,CHN,2017,5.3
CHN-2018,CHN,2018,4.8
CHN-2019,CHN,2019,4.5
EST-1990,EST,1990,9.8
EST-1991,EST,1991,9.1
EST-1992,EST,1992,7.8
EST-1993,EST,1993,8.1
EST-1994,EST,1994,8.2
EST-1995,EST,1995,8.3
EST-1996,EST,1996,8.0
EST-1997,EST,1997,8.3
EST-1998,EST,1998,8.0
EST-1999,EST,1999,8.9
EST-2000,EST,2000,9.0
EST-2001,EST,2001,10.1
EST-2002,EST,2002,12.0
EST-2003,EST,2003,11.8
EST-2004,EST,2004,11.5
EST-2005,EST,2005,13.0
EST-2006,EST,2006,13.4
EST-2007,EST,2007,14.8
EST-2008,EST,2008,14.2
EST-2009,EST,2009,11.9
EST-2010,EST,2010,11.4
EST-2011,EST,2011,12.0
EST-2012,EST,2012,12.1
EST-2013,EST,2013,11.9
EST-2014,EST,2014,11.1
EST-2015,EST,2015,10.6
EST-2016,EST,2016,10.2
EST-2017,EST,2017,10.3
EST-2018,EST,2018,10.0
EST-2019,EST,2019,10.4
EST-2020,EST,2020,10.5
IND-1990,IND,1990,1.7
IND-1991,IND,1991,1.8
IND-1992,IND,1992,1.6
IND-1993,IND,1993,1.8
IND-1994,IND,1994,1.7
IND-1995,IND,1995,1.8
IND-1996,IND,1996,2.4
IND-1997,IND,1997,1.9
IND-1998,IND,1998,1.8
IND-1999,IND,1999,2.2
IND-2000,IND,2000,0.9
IND-2001,IND,2001,1.0
IND-2002,IND,2002,1.1
IND-2003,IND,2003,1.2
IND-2004,IND,2004,1.2
IND-2005,IND,2005,1.3
IND-2006,IND,2006,1.4
IND-2007,IND,2007,1.6
IND-2008,IND,2008,1.9
IND-2009,IND,2009,2.5
IND-2010,IND,2010,2.7
IND-2011,IND,2011,3.0
IND-2012,IND,2012,3.0
IND-2013,IND,2013,3.0
IND-2014,IND,2014,3.0
IND-2015,IND,2015,3.0
IND-2016,IND,2016,3.0
IND-2017,IND,2017,2.9
IND-2018,IND,2018,3.0
IND-2019,IND,2019,3.1
IDN-1990,IDN,1990,0.1
IDN-1991,IDN,1991,0.1
IDN-1992,IDN,1992,0.1
IDN-1993,IDN,1993,0.1
IDN-1994,IDN,1994,0.1
IDN-1995,IDN,1995,0.1
IDN-1996,IDN,1996,0.1
IDN-1997,IDN,1997,0.1
IDN-1998,IDN,1998,0.1
IDN-1999,IDN,1999,0.1
IDN-2000,IDN,2000,0.1
IDN-2001,IDN,2001,0.1
IDN-2002,IDN,2002,0.1
IDN-2003,IDN,2003,0.1
IDN-2004,IDN,2004,0.1
IDN-2005,IDN,2005,0.1
IDN-2006,IDN,2006,0.1
IDN-2007,IDN,2007,0.1
IDN-2008,IDN,2008,0.1
IDN-2009,IDN,2009,0.1
IDN-2010,IDN,2010,0.1
IDN-2011,IDN,2011,0.1
IDN-2012,IDN,2012,0.1
IDN-2013,IDN,2013,0.1
IDN-2014,IDN,2014,0.1
IDN-2015,IDN,2015,0.1
IDN-2016,IDN,2016,0.1
IDN-2017,IDN,2017,0.1
IDN-2018,IDN,2018,0.1
IDN-2019,IDN,2019,0.1
ISR-1990,ISR,1990,1.8
ISR-1991,ISR,1991,1.7
ISR-1992,ISR,1992,1.8
ISR-1993,ISR,1993,2.2
ISR-1994,ISR,1994,1.7
ISR-1995,ISR,1995,1.5
ISR-1996,ISR,1996,1.6
ISR-1997,ISR,1997,2.0
ISR-1998,ISR,1998,2.1
ISR-1999,ISR,1999,2.0
ISR-2000,ISR,2000,2.6
ISR-2001,ISR,2001,2.8
ISR-2002,ISR,2002,2.8
ISR-2003,ISR,2003,2.6
ISR-2004,ISR,2004,2.4
ISR-2005,ISR,2005,2.5
ISR-2006,ISR,2006,2.3
ISR-2007,ISR,2007,2.5
ISR-2008,ISR,2008,2.6
ISR-2009,ISR,2009,2.7
ISR-2010,ISR,2010,2.8
ISR-2011,ISR,2011,2.8
ISR-2012,ISR,2012,2.9
ISR-2013,ISR,2013,2.9
ISR-2014,ISR,2014,2.7
ISR-2015,ISR,2015,2.7
ISR-2016,ISR,2016,2.7
ISR-2017,ISR,2017,2.9
ISR-2018,ISR,2018,3.0
ISR-2019,ISR,2019,3.1
RUS-1990,RUS,1990,16.5
RUS-1991,RUS,1991,16.1
RUS-1992,RUS,1992,18.5
RUS-1993,RUS,1993,21.7
RUS-1994,RUS,1994,23.6
RUS-1995,RUS,1995,21.0
RUS-1996,RUS,1996,19.2
RUS-1997,RUS,1997,17.5
RUS-1998,RUS,1998,16.9
RUS-1999,RUS,1999,17.5
RUS-2000,RUS,2000,18.8
RUS-2001,RUS,2001,19.4
RUS-2002,RUS,2002,19.8
RUS-2003,RUS,2003,19.8
RUS-2004,RUS,2004,19.3
RUS-2008,RUS,2008,18.4
RUS-2009,RUS,2009,16.1
RUS-2010,RUS,2010,15.8
RUS-2011,RUS,2011,15.4
RUS-2012,RUS,2012,14.8
RUS-2013,RUS,2013,14.1
RUS-2014,RUS,2014,14.0
RUS-2015,RUS,2015,13.3
RUS-2016,RUS,2016,13.0
RUS-2017,RUS,2017,11.1
RUS-2018,RUS,2018,11.1
RUS-2019,RUS,2019,10.8
SVN-1990,SVN,1990,13.8
SVN-1991,SVN,1991,13.2
SVN-1992,SVN,1992,13.6
SVN-1993,SVN,1993,14.3
SVN-1994,SVN,1994,13.4
SVN-1995,SVN,1995,13.4
SVN-1996,SVN,1996,12.0
SVN-1997,SVN,1997,11.2
SVN-1998,SVN,1998,8.3
SVN-1999,SVN,1999,10.6
SVN-2000,SVN,2000,11.2
SVN-2001,SVN,2001,13.0
SVN-2002,SVN,2002,11.6
SVN-2003,SVN,2003,11.2
SVN-2004,SVN,2004,13.5
SVN-2005,SVN,2005,10.3
SVN-2006,SVN,2006,12.2
SVN-2007,SVN,2007,11.0
SVN-2008,SVN,2008,11.0
SVN-2009,SVN,2009,10.5
SVN-2010,SVN,2010,10.3
SVN-2011,SVN,2011,10.6
SVN-2012,SVN,2012,11.0
SVN-2013,SVN,2013,9.5
SVN-2014,SVN,2014,10.9
SVN-2015,SVN,2015,11.5
SVN-2016,SVN,2016,10.5
SVN-2017,SVN,2017,10.1
SVN-2018,SVN,2018,10.0
SVN-2019,SVN,2019,11.1
SVN-2020,SVN,2020,9.8
ZAF-1990,ZAF,1990,9.2
ZAF-1991,ZAF,1991,9.0
ZAF-1992,ZAF,1992,9.1
ZAF-1993,ZAF,1993,8.8
ZAF-1994,ZAF,1994,9.2
ZAF-1995,ZAF,1995,9.0
ZAF-1996,ZAF,1996,9.1
ZAF-1997,ZAF,1997,9.2
ZAF-1998,ZAF,1998,8.8
ZAF-1999,ZAF,1999,8.5
ZAF-2000,ZAF,2000,7.7
ZAF-2001,ZAF,2001,7.6
ZAF-2002,ZAF,2002,7.5
ZAF-2003,ZAF,2003,7.3
ZAF-2004,ZAF,2004,7.2
ZAF-2005,ZAF,2005,7.2
ZAF-2006,ZAF,2006,7.3
ZAF-2007,ZAF,2007,7.5
ZAF-2008,ZAF,2008,7.5
ZAF-2009,ZAF,2009,7.3
ZAF-2010,ZAF,2010,7.1
ZAF-2011,ZAF,2011,7.2
ZAF-2012,ZAF,2012,7.2
ZAF-2013,ZAF,2013,7.2
ZAF-2014,ZAF,2014,7.2
ZAF-2015,ZAF,2015,7.2
ZAF-2016,ZAF,2016,7.3
ZAF-2017,ZAF,2017,7.3
ZAF-2018,ZAF,2018,7.2
ZAF-2019,ZAF,2019,7.2
COL-1990,COL,1990,7.0
COL-1991,COL,1991,7.3
COL-1992,COL,1992,6.2
COL-1993,COL,1993,6.7
COL-1994,COL,1994,6.8
COL-1995,COL,1995,7.0
COL-1996,COL,1996,6.7
COL-1997,COL,1997,6.5
COL-1998,COL,1998,6.6
COL-1999,COL,1999,6.3
COL-2000,COL,2000,4.5
COL-2001,COL,2001,4.3
COL-2002,COL,2002,4.3
COL-2003,COL,2003,4.1
COL-2004,COL,2004,4.1
COL-2005,COL,2005,4.3
COL-2006,COL,2006,4.4
COL-2007,COL,2007,4.5
COL-2008,COL,2008,4.4
COL-2009,COL,2009,4.2
COL-2010,COL,2010,4.2
COL-2011,COL,2011,4.3
COL-2012,COL,2012,4.4
COL-2013,COL,2013,4.3
COL-2014,COL,2014,4.2
COL-2015,COL,2015,4.2
COL-2016,COL,2016,4.5
COL-2017,COL,2017,4.2
COL-2018,COL,2018,4.2
COL-2019,COL,2019,4.1
LVA-1990,LVA,1990,6.7
LVA-1991,LVA,1991,6.7
LVA-1992,LVA,1992,6.9
LVA-1993,LVA,1993,8.0
LVA-1994,LVA,1994,9.6
LVA-1995,LVA,1995,9.1
LVA-1996,LVA,1996,8.4
LVA-1997,LVA,1997,8.4
LVA-1998,LVA,1998,8.9
LVA-1999,LVA,1999,8.8
LVA-2000,LVA,2000,7.1
LVA-2001,LVA,2001,6.7
LVA-2002,LVA,2002,7.4
LVA-2003,LVA,2003,8.2
LVA-2004,LVA,2004,8.8
LVA-2005,LVA,2005,9.9
LVA-2006,LVA,2006,10.4
LVA-2007,LVA,2007,12.1
LVA-2008,LVA,2008,11.8
LVA-2009,LVA,2009,9.9
LVA-2010,LVA,2010,9.8
LVA-2011,LVA,2011,10.1
LVA-2012,LVA,2012,10.2
LVA-2013,LVA,2013,10.4
LVA-2014,LVA,2014,10.6
LVA-2015,LVA,2015,10.8
LVA-2016,LVA,2016,11.3
LVA-2017,LVA,2017,10.9
LVA-2018,LVA,2018,11.0
LVA-2019,LVA,2019,11.6
LVA-2020,LVA,2020,12.1
LTU-1995,LTU,1995,7.9
LTU-1996,LTU,1996,7.9
LTU-1997,LTU,1997,8.7
LTU-1998,LTU,1998,8.0
LTU-1999,LTU,1999,8.6
LTU-2000,LTU,2000,9.7
LTU-2001,LTU,2001,10.5
LTU-2002,LTU,2002,11.1
LTU-2003,LTU,2003,11.3
LTU-2004,LTU,2004,12.2
LTU-2005,LTU,2005,12.5
LTU-2006,LTU,2006,13.2
LTU-2007,LTU,2007,13.9
LTU-2008,LTU,2008,13.9
LTU-2009,LTU,2009,13.1
LTU-2010,LTU,2010,13.5
LTU-2011,LTU,2011,14.7
LTU-2012,LTU,2012,14.7
LTU-2013,LTU,2013,14.5
LTU-2014,LTU,2014,14.2
LTU-2015,LTU,2015,14.0
LTU-2016,LTU,2016,13.2
LTU-2017,LTU,2017,12.3
LTU-2018,LTU,2018,11.2
LTU-2019,LTU,2019,11.1
LTU-2020,LTU,2020,11.4
CRI-1990,CRI,1990,6.1
CRI-1991,CRI,1991,6.1
CRI-1992,CRI,1992,5.6
CRI-1993,CRI,1993,5.6
CRI-1994,CRI,1994,6.1
CRI-1995,CRI,1995,5.9
CRI-1996,CRI,1996,5.6
CRI-1997,CRI,1997,5.6
CRI-1998,CRI,1998,5.6
CRI-1999,CRI,1999,5.4
CRI-2000,CRI,2000,4.2
CRI-2001,CRI,2001,4.3
CRI-2002,CRI,2002,4.2
CRI-2003,CRI,2003,4.1
CRI-2004,CRI,2004,4.1
CRI-2005,CRI,2005,4.1
CRI-2006,CRI,2006,4.2
CRI-2007,CRI,2007,4.3
CRI-2008,CRI,2008,4.3
CRI-2009,CRI,2009,4.1
CRI-2010,CRI,2010,3.7
CRI-2011,CRI,2011,3.3
CRI-2012,CRI,2012,3.2
CRI-2013,CRI,2013,3.1
CRI-2014,CRI,2014,3.2
CRI-2015,CRI,2015,3.2
CRI-2016,CRI,2016,3.4
CRI-2017,CRI,2017,3.3
CRI-2018,CRI,2018,3.3
CRI-2019,CRI,2019,3.1
CRI-2020,CRI,2020,3.2
ARG-2010,ARG,2010,8.2
ARG-2011,ARG,2011,7.7
ARG-2012,ARG,2012,8.0
ARG-2013,ARG,2013,8.3
ARG-2014,ARG,2014,7.9
ARG-2015,ARG,2015,8.5
ARG-2016,ARG,2016,8.4
ARG-2017,ARG,2017,8.3
ARG-2018,ARG,2018,8.0
ARG-2019,ARG,2019,8.0
BGR-2000,BGR,2000,10.1
BGR-2001,BGR,2001,11.2
BGR-2002,BGR,2002,10.6
BGR-2003,BGR,2003,11.2
BGR-2004,BGR,2004,11.0
BGR-2005,BGR,2005,10.5
BGR-2006,BGR,2006,10.4
BGR-2007,BGR,2007,10.9
BGR-2008,BGR,2008,11.0
BGR-2009,BGR,2009,11.0
BGR-2010,BGR,2010,9.8
BGR-2011,BGR,2011,9.9
BGR-2012,BGR,2012,10.9
BGR-2013,BGR,2013,10.3
BGR-2014,BGR,2014,10.3
BGR-2015,BGR,2015,10.9
BGR-2016,BGR,2016,11.1
BGR-2017,BGR,2017,10.9
BGR-2018,BGR,2018,11.5
BGR-2019,BGR,2019,11.2
HRV-2000,HRV,2000,14.1
HRV-2001,HRV,2001,14.6
HRV-2002,HRV,2002,14.8
HRV-2003,HRV,2003,13.8
HRV-2004,HRV,2004,13.1
HRV-2005,HRV,2005,11.6
HRV-2006,HRV,2006,11.8
HRV-2007,HRV,2007,12.3
HRV-2008,HRV,2008,12.3
HRV-2009,HRV,2009,12.1
HRV-2010,HRV,2010,10.7
HRV-2011,HRV,2011,11.0
HRV-2012,HRV,2012,10.6
HRV-2013,HRV,2013,10.4
HRV-2014,HRV,2014,9.5
HRV-2015,HRV,2015,9.6
HRV-2016,HRV,2016,10.0
HRV-2017,HRV,2017,9.7
HRV-2018,HRV,2018,9.6
HRV-2019,HRV,2019,9.6
PER-2010,PER,2010,5.2
PER-2011,PER,2011,5.2
PER-2012,PER,2012,5.4
PER-2013,PER,2013,5.3
PER-2014,PER,2014,5.5
PER-2015,PER,2015,5.7
PER-2016,PER,2016,5.6
PER-2017,PER,2017,5.8
PER-2018,PER,2018,5.7
PER-2019,PER,2019,5.7
ROU-2000,ROU,2000,10.2
ROU-2001,ROU,2001,9.8
ROU-2002,ROU,2002,9.6
ROU-2003,ROU,2003,8.8
ROU-2004,ROU,2004,9.8
ROU-2005,ROU,2005,10.0
ROU-2006,ROU,2006,10.3
ROU-2007,ROU,2007,11.6
ROU-2008,ROU,2008,13.1
ROU-2009,ROU,2009,11.8
ROU-2010,ROU,2010,10.0
ROU-2011,ROU,2011,9.6
ROU-2012,ROU,2012,9.7
ROU-2013,ROU,2013,9.7
ROU-2014,ROU,2014,9.5
ROU-2015,ROU,2015,9.5
ROU-2016,ROU,2016,9.6
ROU-2017,ROU,2017,10.1
ROU-2018,ROU,2018,11.0
ROU-2019,ROU,2019,11.0
