LocationTime,LOCATION,TIME,Healthy_Spend_Val
ALB-2000,ALB,2000,61.383
ALB-2001,ALB,2001,60.728
ALB-2002,ALB,2002,62.054
ALB-2003,ALB,2003,58.017
ALB-2004,ALB,2004,55.752
ALB-2005,ALB,2005,55.734
ALB-2006,ALB,2006,54.589
ALB-2007,ALB,2007,58.621
ALB-2008,ALB,2008,54.319
ALB-2009,ALB,2009,49.059
ALB-2010,ALB,2010,25.4295
ALB-2011,ALB,2011,26.3145
ALB-2012,ALB,2012,26.82
ALB-2013,ALB,2013,27.203
ALB-2014,ALB,2014,27.6645
ALB-2015,ALB,2015,22.932499999999997
ALB-2016,ALB,2016,22.130499999999998
ALB-2017,ALB,2017,23.5775
ALB-2018,ALB,2018,23.652
ARG-2000,ARG,2000,24.4925
ARG-2001,ARG,2001,24.453
ARG-2002,ARG,2002,24.4
ARG-2003,ARG,2003,24.194000000000003
ARG-2004,ARG,2004,25.830499999999997
ARG-2005,ARG,2005,26.127
ARG-2006,ARG,2006,25.508000000000003
ARG-2007,ARG,2007,24.623
ARG-2008,ARG,2008,24.287
ARG-2009,ARG,2009,21.9005
ARG-2010,ARG,2010,22.443
ARG-2011,ARG,2011,21.6695
ARG-2012,ARG,2012,20.5815
ARG-2013,ARG,2013,19.739
ARG-2014,ARG,2014,18.767500000000002
ARG-2015,ARG,2015,18.1895
ARG-2016,ARG,2016,20.484
ARG-2017,ARG,2017,20.084500000000002
ARG-2018,ARG,2018,20.999
ARG-2019,ARG,2019,20.4755
AUS-1990,AUS,1990,143.44199999999998
AUS-1991,AUS,1991,151.88899999999998
AUS-1992,AUS,1992,160.79633333333334
AUS-1993,AUS,1993,169.40066666666667
AUS-1994,AUS,1994,179.40966666666668
AUS-1995,AUS,1995,184.3613333333333
AUS-1996,AUS,1996,199.39866666666668
AUS-1997,AUS,1997,199.87733333333335
AUS-1998,AUS,1998,209.061
AUS-1999,AUS,1999,208.5
AUS-2000,AUS,2000,238.306
AUS-2001,AUS,2001,257.77566666666667
AUS-2002,AUS,2002,270.7526666666667
AUS-2003,AUS,2003,286.12166666666667
AUS-2004,AUS,2004,308.76733333333334
AUS-2005,AUS,2005,313.91533333333336
AUS-2006,AUS,2006,327.9533333333333
AUS-2007,AUS,2007,338.4243333333333
AUS-2008,AUS,2008,357.3866666666666
AUS-2009,AUS,2009,360.91433333333333
AUS-2010,AUS,2010,387.0083333333334
AUS-2011,AUS,2011,402.03566666666666
AUS-2012,AUS,2012,428.83733333333333
AUS-2013,AUS,2013,490.02299999999997
AUS-2014,AUS,2014,504.5516666666667
AUS-2015,AUS,2015,511.6526666666667
AUS-2016,AUS,2016,535.412
AUS-2017,AUS,2017,535.1313333333334
AUS-2018,AUS,2018,537.9026666666667
AUS-2019,AUS,2019,489.876
AUS-2020,AUS,2020,545.084
AUT-1990,AUT,1990,135.79533333333333
AUT-1991,AUT,1991,144.3923333333333
AUT-1992,AUT,1992,151.95033333333333
AUT-1993,AUT,1993,161.96033333333332
AUT-1994,AUT,1994,170.434
AUT-1995,AUT,1995,181.0376666666667
AUT-1996,AUT,1996,189.26633333333336
AUT-1997,AUT,1997,194.03300000000002
AUT-1998,AUT,1998,207.78433333333336
AUT-1999,AUT,1999,217.44633333333334
AUT-2000,AUT,2000,237.54533333333336
AUT-2001,AUT,2001,247.2733333333333
AUT-2002,AUT,2002,269.70433333333335
AUT-2003,AUT,2003,281.166
AUT-2004,AUT,2004,312.4053333333333
AUT-2005,AUT,2005,311.0366666666667
AUT-2006,AUT,2006,319.52466666666663
AUT-2007,AUT,2007,333.70166666666665
AUT-2008,AUT,2008,343.81666666666666
AUT-2009,AUT,2009,348.6413333333333
AUT-2010,AUT,2010,369.24
AUT-2011,AUT,2011,376.99133333333333
AUT-2012,AUT,2012,396.58199999999994
AUT-2013,AUT,2013,422.60499999999996
AUT-2014,AUT,2014,430.44533333333334
AUT-2015,AUT,2015,437.0226666666667
AUT-2016,AUT,2016,460.52933333333334
AUT-2017,AUT,2017,469.8953333333334
AUT-2018,AUT,2018,475.288
AUT-2019,AUT,2019,476.29600000000005
AUT-2020,AUT,2020,470.4936666666667
BEL-1990,BEL,1990,
BEL-1991,BEL,1991,
BEL-1992,BEL,1992,
BEL-1993,BEL,1993,
BEL-1994,BEL,1994,
BEL-1995,BEL,1995,137.533
BEL-1996,BEL,1996,136.458
BEL-1997,BEL,1997,157.79
BEL-1998,BEL,1998,167.08633333333333
BEL-1999,BEL,1999,179.62166666666667
BEL-2000,BEL,2000,203.68333333333337
BEL-2001,BEL,2001,205.9523333333333
BEL-2002,BEL,2002,240.41166666666666
BEL-2003,BEL,2003,259.2776666666667
BEL-2004,BEL,2004,265.7846666666666
BEL-2005,BEL,2005,269.3546666666667
BEL-2006,BEL,2006,279.39500000000004
BEL-2007,BEL,2007,293.4696666666667
BEL-2008,BEL,2008,294.87
BEL-2009,BEL,2009,301.39666666666665
BEL-2010,BEL,2010,317.7036666666667
BEL-2011,BEL,2011,330.231
BEL-2012,BEL,2012,338.016
BEL-2013,BEL,2013,360.0173333333333
BEL-2014,BEL,2014,369.0756666666666
BEL-2015,BEL,2015,381.73600000000005
BEL-2016,BEL,2016,388.93666666666667
BEL-2017,BEL,2017,397.05699999999996
BEL-2018,BEL,2018,410.90933333333334
BEL-2019,BEL,2019,436.6086666666667
BEL-2020,BEL,2020,382.57733333333334
BGR-2003,BGR,2003,95.295
BGR-2004,BGR,2004,102.30799999999999
BGR-2005,BGR,2005,109.343
BGR-2006,BGR,2006,121.92333333333333
BGR-2007,BGR,2007,129.69033333333334
BGR-2008,BGR,2008,142.91166666666666
BGR-2009,BGR,2009,152.76366666666667
BGR-2010,BGR,2010,169.37933333333334
BGR-2011,BGR,2011,189.44233333333332
BGR-2012,BGR,2012,222.73299999999998
BGR-2013,BGR,2013,193.94366666666667
BGR-2014,BGR,2014,209.7976666666667
BGR-2015,BGR,2015,225.814
BGR-2016,BGR,2016,253.84466666666665
BGR-2017,BGR,2017,261.9396666666667
BGR-2018,BGR,2018,255.64766666666665
BGR-2019,BGR,2019,249.95166666666663
BGR-2020,BGR,2020,274.36266666666666
BRA-2000,BRA,2000,31.613999999999997
BRA-2001,BRA,2001,31.974
BRA-2002,BRA,2002,31.312
BRA-2003,BRA,2003,30.911
BRA-2004,BRA,2004,30.994
BRA-2005,BRA,2005,31.529
BRA-2006,BRA,2006,30.889
BRA-2007,BRA,2007,31.114
BRA-2008,BRA,2008,30.380499999999998
BRA-2009,BRA,2009,30.259999999999998
BRA-2010,BRA,2010,29.6725
BRA-2011,BRA,2011,237.95166666666668
BRA-2012,BRA,2012,251.0726666666667
BRA-2013,BRA,2013,259.9436666666667
BRA-2014,BRA,2014,276.316
BRA-2015,BRA,2015,263.64
BRA-2016,BRA,2016,265.84566666666666
BRA-2017,BRA,2017,275.98900000000003
BRA-2018,BRA,2018,287.777
BRA-2019,BRA,2019,300.152
CAN-1990,CAN,1990,155.08633333333333
CAN-1991,CAN,1991,163.95533333333333
CAN-1992,CAN,1992,175.03233333333333
CAN-1993,CAN,1993,187.6526666666667
CAN-1994,CAN,1994,196.851
CAN-1995,CAN,1995,202.72466666666665
CAN-1996,CAN,1996,206.92433333333335
CAN-1997,CAN,1997,221.78
CAN-1998,CAN,1998,228.95466666666667
CAN-1999,CAN,1999,240.5823333333333
CAN-2000,CAN,2000,256.11633333333333
CAN-2001,CAN,2001,275.95733333333334
CAN-2002,CAN,2002,293.69666666666666
CAN-2003,CAN,2003,302.836
CAN-2004,CAN,2004,324.44866666666667
CAN-2005,CAN,2005,341.6666666666667
CAN-2006,CAN,2006,366.36733333333336
CAN-2007,CAN,2007,387.118
CAN-2008,CAN,2008,399.16533333333336
CAN-2009,CAN,2009,403.16866666666664
CAN-2010,CAN,2010,427.74333333333334
CAN-2011,CAN,2011,430.51933333333335
CAN-2012,CAN,2012,437.73766666666666
CAN-2013,CAN,2013,442.6603333333334
CAN-2014,CAN,2014,455.542
CAN-2015,CAN,2015,464.21266666666673
CAN-2016,CAN,2016,521.0026666666666
CAN-2017,CAN,2017,530.8183333333334
CAN-2018,CAN,2018,544.4443333333334
CAN-2019,CAN,2019,533.9526666666667
CAN-2020,CAN,2020,495.734
CHE-1990,CHE,1990,
CHE-1991,CHE,1991,
CHE-1992,CHE,1992,
CHE-1993,CHE,1993,
CHE-1994,CHE,1994,
CHE-1995,CHE,1995,404.532
CHE-1996,CHE,1996,417.42699999999996
CHE-1997,CHE,1997,426.82166666666666
CHE-1998,CHE,1998,440.68433333333337
CHE-1999,CHE,1999,450.818
CHE-2000,CHE,2000,479.63733333333334
CHE-2001,CHE,2001,496.182
CHE-2002,CHE,2002,520.2646666666666
CHE-2003,CHE,2003,514.8706666666667
CHE-2004,CHE,2004,540.332
CHE-2005,CHE,2005,519.1626666666666
CHE-2006,CHE,2006,543.6383333333333
CHE-2007,CHE,2007,589.4083333333333
CHE-2008,CHE,2008,609.042
CHE-2009,CHE,2009,618.9933333333333
CHE-2010,CHE,2010,618.9286666666666
CHE-2011,CHE,2011,629.9166666666666
CHE-2012,CHE,2012,640.0383333333333
CHE-2013,CHE,2013,664.5303333333333
CHE-2014,CHE,2014,708.6750000000001
CHE-2015,CHE,2015,740.3133333333334
CHE-2016,CHE,2016,796.509
CHE-2017,CHE,2017,793.8583333333332
CHE-2018,CHE,2018,804.8463333333333
CHE-2019,CHE,2019,781.451
CHE-2020,CHE,2020,736.4496666666668
CHL-2000,CHL,2000,108.42766666666667
CHL-2001,CHL,2001,114.59333333333335
CHL-2002,CHL,2002,119.37166666666667
CHL-2003,CHL,2003,129.64766666666665
CHL-2004,CHL,2004,136.809
CHL-2005,CHL,2005,143.923
CHL-2006,CHL,2006,163.048
CHL-2007,CHL,2007,175.11066666666667
CHL-2008,CHL,2008,179.645
CHL-2009,CHL,2009,193.71666666666667
CHL-2010,CHL,2010,185.8836666666667
CHL-2011,CHL,2011,197.60433333333333
CHL-2012,CHL,2012,212.32666666666668
CHL-2013,CHL,2013,239.20466666666667
CHL-2014,CHL,2014,254.9053333333333
CHL-2015,CHL,2015,267.02933333333334
CHL-2016,CHL,2016,283.6066666666666
CHL-2017,CHL,2017,296.06766666666664
CHL-2018,CHL,2018,316.184
CHL-2019,CHL,2019,316.016
CHL-2020,CHL,2020,293.044
CHN-2000,CHN,2000,40.699000000000005
CHN-2001,CHN,2001,40.058
CHN-2002,CHN,2002,38.861
CHN-2003,CHN,2003,37.3255
CHN-2004,CHN,2004,36.306999999999995
CHN-2005,CHN,2005,34.918
CHN-2006,CHN,2006,33.5985
CHN-2007,CHN,2007,31.515
CHN-2008,CHN,2008,28.736
CHN-2009,CHN,2009,26.343500000000002
CHN-2010,CHN,2010,24.992
CHN-2011,CHN,2011,83.63166666666666
CHN-2012,CHN,2012,90.389
CHN-2013,CHN,2013,95.28266666666666
CHN-2014,CHN,2014,97.00333333333333
CHN-2015,CHN,2015,98.21333333333332
CHN-2016,CHN,2016,107.96466666666667
CHN-2017,CHN,2017,120.65233333333333
CHN-2018,CHN,2018,132.443
CHN-2019,CHN,2019,146.258
COL-2000,COL,2000,12.406500000000001
COL-2001,COL,2001,12.17
COL-2002,COL,2002,11.417
COL-2003,COL,2003,10.6895
COL-2004,COL,2004,12.699
COL-2005,COL,2005,13.705
COL-2006,COL,2006,13.6235
COL-2007,COL,2007,14.291
COL-2008,COL,2008,15.079500000000001
COL-2009,COL,2009,13.747
COL-2010,COL,2010,13.484
COL-2011,COL,2011,72.01766666666667
COL-2012,COL,2012,82.297
COL-2013,COL,2013,84.01733333333333
COL-2014,COL,2014,86.88933333333334
COL-2015,COL,2015,90.24833333333333
COL-2016,COL,2016,96.35366666666668
COL-2017,COL,2017,97.23966666666666
COL-2018,COL,2018,98.48566666666666
COL-2019,COL,2019,105.44866666666667
COL-2020,COL,2020,102.976
CRI-2000,CRI,2000,18.096999999999998
CRI-2001,CRI,2001,17.9035
CRI-2002,CRI,2002,17.266
CRI-2003,CRI,2003,17.4965
CRI-2004,CRI,2004,17.683999999999997
CRI-2005,CRI,2005,18.749000000000002
CRI-2006,CRI,2006,17.6915
CRI-2007,CRI,2007,17.671499999999998
CRI-2008,CRI,2008,16.8915
CRI-2009,CRI,2009,15.2445
CRI-2010,CRI,2010,14.522
CRI-2011,CRI,2011,115.73066666666665
CRI-2012,CRI,2012,114.47366666666666
CRI-2013,CRI,2013,112.62633333333333
CRI-2014,CRI,2014,127.98100000000001
CRI-2015,CRI,2015,124.93599999999999
CRI-2016,CRI,2016,126.20100000000001
CRI-2017,CRI,2017,129.54500000000002
CRI-2018,CRI,2018,142.83533333333332
CRI-2019,CRI,2019,144.508
CRI-2020,CRI,2020,139.225
CYP-2005,CYP,2005,309.9123333333333
CYP-2006,CYP,2006,319.73199999999997
CYP-2007,CYP,2007,344.07466666666664
CYP-2008,CYP,2008,415.38899999999995
CYP-2009,CYP,2009,413.97066666666666
CYP-2010,CYP,2010,389.3326666666667
CYP-2011,CYP,2011,367.75
CYP-2012,CYP,2012,372.55299999999994
CYP-2013,CYP,2013,378.52600000000007
CYP-2014,CYP,2014,402.38300000000004
CYP-2015,CYP,2015,417.43533333333335
CYP-2016,CYP,2016,463.69733333333335
CYP-2017,CYP,2017,491.7223333333334
CYP-2018,CYP,2018,526.0266666666666
CYP-2019,CYP,2019,418.9086666666667
CYP-2020,CYP,2020,224.19766666666666
CZE-1990,CZE,1990,5.8260000000000005
CZE-1991,CZE,1991,6.821666666666666
CZE-1992,CZE,1992,9.926
CZE-1993,CZE,1993,15.147
CZE-1994,CZE,1994,19.413333333333334
CZE-1995,CZE,1995,31.311666666666664
CZE-1996,CZE,1996,33.157666666666664
CZE-1997,CZE,1997,34.536
CZE-1998,CZE,1998,34.79933333333333
CZE-1999,CZE,1999,35.224333333333334
CZE-2000,CZE,2000,38.46933333333333
CZE-2001,CZE,2001,44.91833333333333
CZE-2002,CZE,2002,45.803333333333335
CZE-2003,CZE,2003,53.082666666666675
CZE-2004,CZE,2004,58.72733333333334
CZE-2005,CZE,2005,71.494
CZE-2006,CZE,2006,76.00666666666666
CZE-2007,CZE,2007,90.14966666666668
CZE-2008,CZE,2008,115.08800000000001
CZE-2009,CZE,2009,120.234
CZE-2010,CZE,2010,117.15966666666667
CZE-2011,CZE,2011,115.442
CZE-2012,CZE,2012,119.07933333333334
CZE-2013,CZE,2013,139.64833333333334
CZE-2014,CZE,2014,154.21533333333332
CZE-2015,CZE,2015,155.84466666666668
CZE-2016,CZE,2016,166.892
CZE-2017,CZE,2017,160.127
CZE-2018,CZE,2018,163.10833333333332
CZE-2019,CZE,2019,169.13933333333333
CZE-2020,CZE,2020,160.77700000000002
DEU-1990,DEU,1990,150.00133333333335
DEU-1992,DEU,1992,144.761
DEU-1993,DEU,1993,150.477
DEU-1994,DEU,1994,158.48833333333334
DEU-1995,DEU,1995,162.28133333333332
DEU-1996,DEU,1996,165.505
DEU-1997,DEU,1997,177.803
DEU-1998,DEU,1998,187.81866666666667
DEU-1999,DEU,1999,199.57900000000004
DEU-2000,DEU,2000,219.44033333333334
DEU-2001,DEU,2001,228.20833333333334
DEU-2002,DEU,2002,249.96433333333331
DEU-2003,DEU,2003,262.39
DEU-2004,DEU,2004,285.358
DEU-2005,DEU,2005,291.0163333333333
DEU-2006,DEU,2006,307.265
DEU-2007,DEU,2007,322.75333333333333
DEU-2008,DEU,2008,338.097
DEU-2009,DEU,2009,237.18866666666668
DEU-2010,DEU,2010,253.311
DEU-2011,DEU,2011,263.34133333333335
DEU-2012,DEU,2012,275.60600000000005
DEU-2013,DEU,2013,272.804
DEU-2014,DEU,2014,277.0653333333333
DEU-2015,DEU,2015,285.18666666666667
DEU-2016,DEU,2016,301.78066666666666
DEU-2017,DEU,2017,316.87333333333333
DEU-2018,DEU,2018,338.3063333333333
DEU-2019,DEU,2019,347.38633333333337
DEU-2020,DEU,2020,350.44699999999995
DNK-1990,DNK,1990,90.98866666666667
DNK-1991,DNK,1991,89.05933333333333
DNK-1992,DNK,1992,94.98733333333332
DNK-1993,DNK,1993,103.70966666666668
DNK-1994,DNK,1994,110.60866666666665
DNK-1995,DNK,1995,109.21433333333334
DNK-1996,DNK,1996,115.988
DNK-1997,DNK,1997,122.01766666666667
DNK-1998,DNK,1998,127.96233333333333
DNK-1999,DNK,1999,128.494
DNK-2000,DNK,2000,138.17166666666665
DNK-2001,DNK,2001,142.75333333333333
DNK-2002,DNK,2002,152.24533333333332
DNK-2003,DNK,2003,151.89166666666668
DNK-2004,DNK,2004,166.13533333333334
DNK-2005,DNK,2005,169.28266666666664
DNK-2006,DNK,2006,182.71733333333336
DNK-2007,DNK,2007,199.43266666666668
DNK-2008,DNK,2008,207.061
DNK-2009,DNK,2009,213.78666666666666
DNK-2010,DNK,2010,229.86666666666667
DNK-2011,DNK,2011,234.778
DNK-2012,DNK,2012,236.78933333333336
DNK-2013,DNK,2013,240.12033333333332
DNK-2014,DNK,2014,244.11966666666663
DNK-2015,DNK,2015,253.86066666666667
DNK-2016,DNK,2016,264.2293333333334
DNK-2017,DNK,2017,279.31666666666666
DNK-2018,DNK,2018,293.41366666666664
DNK-2019,DNK,2019,297.02566666666667
DNK-2020,DNK,2020,292.96733333333333
ESP-1990,ESP,1990,66.908
ESP-1991,ESP,1991,76.71466666666666
ESP-1992,ESP,1992,82.94133333333333
ESP-1993,ESP,1993,89.85866666666665
ESP-1994,ESP,1994,94.57633333333332
ESP-1995,ESP,1995,114.972
ESP-1996,ESP,1996,119.31466666666667
ESP-1997,ESP,1997,124.01299999999999
ESP-1998,ESP,1998,131.93033333333332
ESP-1999,ESP,1999,139.08533333333335
ESP-2000,ESP,2000,155.70533333333333
ESP-2001,ESP,2001,168.25766666666667
ESP-2002,ESP,2002,184.40499999999997
ESP-2003,ESP,2003,204.45033333333333
ESP-2004,ESP,2004,213.03666666666666
ESP-2005,ESP,2005,219.99033333333333
ESP-2006,ESP,2006,232.69433333333333
ESP-2007,ESP,2007,239.36033333333333
ESP-2008,ESP,2008,247.59633333333332
ESP-2009,ESP,2009,237.0283333333333
ESP-2010,ESP,2010,242.4863333333333
ESP-2011,ESP,2011,251.29366666666667
ESP-2012,ESP,2012,263.79200000000003
ESP-2013,ESP,2013,277.67966666666666
ESP-2014,ESP,2014,294.066
ESP-2015,ESP,2015,299.14466666666664
ESP-2016,ESP,2016,308.89833333333337
ESP-2017,ESP,2017,336.8823333333333
ESP-2018,ESP,2018,350.9883333333333
ESP-2019,ESP,2019,355.7730000000001
ESP-2020,ESP,2020,341.24533333333335
EST-1999,EST,1999,39.830999999999996
EST-2000,EST,2000,49.72366666666667
EST-2001,EST,2001,46.88433333333333
EST-2002,EST,2002,56.984333333333325
EST-2003,EST,2003,62.65033333333334
EST-2004,EST,2004,76.90933333333332
EST-2005,EST,2005,83.51433333333334
EST-2006,EST,2006,85.10799999999999
EST-2007,EST,2007,99.754
EST-2008,EST,2008,107.22566666666665
EST-2009,EST,2009,104.315
EST-2010,EST,2010,115.978
EST-2011,EST,2011,117.01733333333333
EST-2012,EST,2012,125.95966666666668
EST-2013,EST,2013,141.555
EST-2014,EST,2014,161.57633333333334
EST-2015,EST,2015,172.65599999999998
EST-2016,EST,2016,186.19366666666667
EST-2017,EST,2017,203.31666666666663
EST-2018,EST,2018,216.812
EST-2019,EST,2019,217.788
EST-2020,EST,2020,216.04766666666663
FIN-1990,FIN,1990,91.26133333333333
FIN-1991,FIN,1991,95.77833333333335
FIN-1992,FIN,1992,101.347
FIN-1993,FIN,1993,109.56533333333334
FIN-1994,FIN,1994,111.40733333333333
FIN-1995,FIN,1995,139.39233333333334
FIN-1996,FIN,1996,146.88333333333333
FIN-1997,FIN,1997,150.89966666666666
FIN-1998,FIN,1998,152.07766666666666
FIN-1999,FIN,1999,164.73666666666665
FIN-2000,FIN,2000,171.1256666666667
FIN-2001,FIN,2001,177.04866666666666
FIN-2002,FIN,2002,191.50199999999998
FIN-2003,FIN,2003,195.0
FIN-2004,FIN,2004,206.83833333333337
FIN-2005,FIN,2005,213.07333333333335
FIN-2006,FIN,2006,216.66166666666666
FIN-2007,FIN,2007,236.75133333333335
FIN-2008,FIN,2008,252.79433333333336
FIN-2009,FIN,2009,254.092
FIN-2010,FIN,2010,270.13366666666667
FIN-2011,FIN,2011,276.67266666666666
FIN-2012,FIN,2012,283.27366666666666
FIN-2013,FIN,2013,297.16566666666665
FIN-2014,FIN,2014,297.91866666666664
FIN-2015,FIN,2015,315.312
FIN-2016,FIN,2016,333.85533333333336
FIN-2017,FIN,2017,339.93033333333335
FIN-2018,FIN,2018,341.0113333333333
FIN-2019,FIN,2019,331.375
FIN-2020,FIN,2020,329.16
FRA-1990,FRA,1990,125.46166666666669
FRA-1991,FRA,1991,135.36499999999998
FRA-1992,FRA,1992,141.33700000000002
FRA-1993,FRA,1993,150.049
FRA-1994,FRA,1994,158.68166666666667
FRA-1995,FRA,1995,154.0103333333333
FRA-1996,FRA,1996,159.62
FRA-1997,FRA,1997,163.58166666666668
FRA-1998,FRA,1998,170.41833333333332
FRA-1999,FRA,1999,178.5186666666667
FRA-2000,FRA,2000,196.91333333333333
FRA-2001,FRA,2001,209.82899999999998
FRA-2002,FRA,2002,226.4346666666667
FRA-2003,FRA,2003,223.98733333333334
FRA-2004,FRA,2004,232.014
FRA-2005,FRA,2005,239.782
FRA-2006,FRA,2006,269.86133333333333
FRA-2007,FRA,2007,283.29333333333335
FRA-2008,FRA,2008,300.90766666666667
FRA-2009,FRA,2009,312.54466666666667
FRA-2010,FRA,2010,328.91066666666666
FRA-2011,FRA,2011,341.7676666666667
FRA-2012,FRA,2012,351.57
FRA-2013,FRA,2013,280.2486666666667
FRA-2014,FRA,2014,281.40166666666664
FRA-2015,FRA,2015,278.8483333333333
FRA-2016,FRA,2016,287.3626666666667
FRA-2017,FRA,2017,289.5196666666667
FRA-2018,FRA,2018,289.274
FRA-2019,FRA,2019,289.42233333333337
FRA-2020,FRA,2020,284.49466666666666
GBR-1990,GBR,1990,46.45066666666667
GBR-1991,GBR,1991,51.836333333333336
GBR-1992,GBR,1992,55.864000000000004
GBR-1993,GBR,1993,57.279666666666664
GBR-1994,GBR,1994,63.08599999999999
GBR-1995,GBR,1995,63.73066666666667
GBR-1996,GBR,1996,67.66333333333334
GBR-1997,GBR,1997,134.46866666666668
GBR-1998,GBR,1998,138.50733333333332
GBR-1999,GBR,1999,143.11633333333333
GBR-2000,GBR,2000,159.399
GBR-2001,GBR,2001,162.26633333333334
GBR-2002,GBR,2002,165.762
GBR-2003,GBR,2003,187.10000000000002
GBR-2004,GBR,2004,188.66066666666666
GBR-2005,GBR,2005,180.09799999999998
GBR-2006,GBR,2006,192.92133333333334
GBR-2007,GBR,2007,194.85
GBR-2008,GBR,2008,210.53833333333333
GBR-2009,GBR,2009,222.36666666666665
GBR-2010,GBR,2010,231.49533333333332
GBR-2011,GBR,2011,235.533
GBR-2012,GBR,2012,246.92766666666668
GBR-2013,GBR,2013,253.89466666666667
GBR-2014,GBR,2014,259.439
GBR-2015,GBR,2015,264.407
GBR-2016,GBR,2016,269.07599999999996
GBR-2017,GBR,2017,283.6283333333334
GBR-2018,GBR,2018,296.7936666666667
GBR-2019,GBR,2019,309.32366666666667
GBR-2020,GBR,2020,293.40133333333335
GRC-1990,GRC,1990,134.52700000000002
GRC-1991,GRC,1991,137.6543333333333
GRC-1992,GRC,1992,146.93666666666667
GRC-1993,GRC,1993,163.99699999999999
GRC-1994,GRC,1994,202.34666666666666
GRC-1995,GRC,1995,204.1643333333333
GRC-1996,GRC,1996,205.2193333333333
GRC-1997,GRC,1997,214.65099999999998
GRC-1998,GRC,1998,223.62
GRC-1999,GRC,1999,225.70966666666664
GRC-2000,GRC,2000,195.15066666666667
GRC-2001,GRC,2001,221.8553333333333
GRC-2002,GRC,2002,271.43966666666665
GRC-2003,GRC,2003,288.59066666666666
GRC-2004,GRC,2004,304.65133333333335
GRC-2005,GRC,2005,300.55199999999996
GRC-2006,GRC,2006,308.582
GRC-2007,GRC,2007,309.65833333333336
GRC-2008,GRC,2008,320.56333333333333
GRC-2009,GRC,2009,300.33866666666665
GRC-2010,GRC,2010,281.35066666666665
GRC-2011,GRC,2011,272.74833333333333
GRC-2012,GRC,2012,253.61933333333332
GRC-2013,GRC,2013,271.59133333333335
GRC-2014,GRC,2014,290.56233333333336
GRC-2015,GRC,2015,297.2176666666667
GRC-2016,GRC,2016,302.6066666666667
GRC-2017,GRC,2017,308.74566666666664
GRC-2018,GRC,2018,328.29766666666666
GRC-2019,GRC,2019,314.2296666666667
GRC-2020,GRC,2020,328.918
HRV-2005,HRV,2005,54.657333333333334
HRV-2006,HRV,2006,60.922000000000004
HRV-2007,HRV,2007,66.62433333333333
HRV-2008,HRV,2008,83.65633333333334
HRV-2009,HRV,2009,82.32266666666666
HRV-2010,HRV,2010,81.01633333333334
HRV-2011,HRV,2011,109.07933333333334
HRV-2012,HRV,2012,103.96866666666665
HRV-2013,HRV,2013,74.84633333333333
HRV-2014,HRV,2014,88.15433333333334
HRV-2015,HRV,2015,94.33299999999998
HRV-2016,HRV,2016,103.83299999999998
HRV-2017,HRV,2017,108.769
HRV-2018,HRV,2018,119.31666666666668
HRV-2019,HRV,2019,124.472
HRV-2020,HRV,2020,115.24866666666667
HUN-1991,HUN,1991,27.548999999999996
HUN-1992,HUN,1992,32.01666666666667
HUN-1993,HUN,1993,34.24466666666667
HUN-1994,HUN,1994,38.29233333333333
HUN-1995,HUN,1995,45.276
HUN-1996,HUN,1996,51.42600000000001
HUN-1997,HUN,1997,53.50366666666667
HUN-1998,HUN,1998,76.16133333333333
HUN-1999,HUN,1999,89.14366666666666
HUN-2000,HUN,2000,102.56133333333334
HUN-2001,HUN,2001,117.01499999999999
HUN-2002,HUN,2002,129.279
HUN-2003,HUN,2003,144.63266666666667
HUN-2004,HUN,2004,146.98133333333334
HUN-2005,HUN,2005,153.53733333333332
HUN-2006,HUN,2006,157.88
HUN-2007,HUN,2007,159.52466666666666
HUN-2008,HUN,2008,166.002
HUN-2009,HUN,2009,169.03933333333333
HUN-2010,HUN,2010,194.649
HUN-2011,HUN,2011,208.0516666666667
HUN-2012,HUN,2012,215.452
HUN-2013,HUN,2013,214.58633333333333
HUN-2014,HUN,2014,216.29
HUN-2015,HUN,2015,212.019
HUN-2016,HUN,2016,224.15866666666668
HUN-2017,HUN,2017,218.24800000000002
HUN-2018,HUN,2018,224.663
HUN-2019,HUN,2019,229.903
HUN-2020,HUN,2020,239.00766666666667
IND-2000,IND,2000,40.3225
IND-2001,IND,2001,41.409
IND-2002,IND,2002,41.717999999999996
IND-2003,IND,2003,41.7525
IND-2004,IND,2004,41.8235
IND-2005,IND,2005,40.95099999999999
IND-2006,IND,2006,40.7385
IND-2007,IND,2007,40.4615
IND-2008,IND,2008,39.865
IND-2009,IND,2009,38.728500000000004
IND-2010,IND,2010,38.4915
IND-2011,IND,2011,63.126
IND-2012,IND,2012,68.50500000000001
IND-2013,IND,2013,80.98233333333333
IND-2014,IND,2014,80.29866666666666
IND-2015,IND,2015,79.06400000000001
IND-2016,IND,2016,79.745
IND-2017,IND,2017,66.98233333333333
IND-2018,IND,2018,70.98666666666666
IND-2019,IND,2019,73.842
IRL-1990,IRL,1990,76.66733333333333
IRL-1991,IRL,1991,83.02533333333334
IRL-1992,IRL,1992,87.79466666666667
IRL-1993,IRL,1993,92.39666666666666
IRL-1994,IRL,1994,97.39066666666666
IRL-1995,IRL,1995,106.71
IRL-1996,IRL,1996,113.997
IRL-1997,IRL,1997,118.05033333333331
IRL-1998,IRL,1998,124.44833333333334
IRL-1999,IRL,1999,131.07533333333333
IRL-2000,IRL,2000,145.08333333333334
IRL-2001,IRL,2001,161.04533333333333
IRL-2002,IRL,2002,176.86133333333336
IRL-2003,IRL,2003,190.12699999999998
IRL-2004,IRL,2004,204.6543333333333
IRL-2005,IRL,2005,225.4813333333333
IRL-2006,IRL,2006,244.8323333333333
IRL-2007,IRL,2007,241.72533333333334
IRL-2008,IRL,2008,258.647
IRL-2009,IRL,2009,303.0846666666667
IRL-2010,IRL,2010,330.455
IRL-2011,IRL,2011,403.6163333333334
IRL-2012,IRL,2012,420.95166666666665
IRL-2013,IRL,2013,432.32233333333335
IRL-2014,IRL,2014,416.1903333333333
IRL-2015,IRL,2015,410.7943333333333
IRL-2016,IRL,2016,422.292
IRL-2017,IRL,2017,431.4793333333334
IRL-2018,IRL,2018,429.29766666666666
IRL-2019,IRL,2019,427.4213333333334
IRL-2020,IRL,2020,386.771
ISL-1990,ISL,1990,77.47333333333334
ISL-1991,ISL,1991,81.22933333333333
ISL-1992,ISL,1992,92.29233333333332
ISL-1993,ISL,1993,103.09333333333335
ISL-1994,ISL,1994,104.44633333333333
ISL-1995,ISL,1995,105.67099999999999
ISL-1996,ISL,1996,113.42566666666666
ISL-1997,ISL,1997,130.057
ISL-1998,ISL,1998,163.69466666666665
ISL-1999,ISL,1999,169.11866666666666
ISL-2000,ISL,2000,177.35333333333332
ISL-2001,ISL,2001,184.53566666666666
ISL-2002,ISL,2002,196.54666666666665
ISL-2003,ISL,2003,200.76533333333336
ISL-2004,ISL,2004,214.11966666666663
ISL-2005,ISL,2005,214.66133333333332
ISL-2006,ISL,2006,215.02700000000002
ISL-2007,ISL,2007,219.87233333333336
ISL-2008,ISL,2008,220.6053333333333
ISL-2009,ISL,2009,219.71
ISL-2010,ISL,2010,226.41
ISL-2011,ISL,2011,227.971
ISL-2012,ISL,2012,234.73933333333332
ISL-2013,ISL,2013,237.617
ISL-2014,ISL,2014,241.083
ISL-2015,ISL,2015,245.72466666666665
ISL-2016,ISL,2016,249.02699999999996
ISL-2017,ISL,2017,255.10266666666666
ISL-2018,ISL,2018,255.121
ISL-2019,ISL,2019,253.84966666666665
ISL-2020,ISL,2020,263.24499999999995
ISR-1990,ISR,1990,
ISR-1991,ISR,1991,
ISR-1992,ISR,1992,
ISR-1993,ISR,1993,
ISR-1994,ISR,1994,
ISR-1995,ISR,1995,122.98166666666668
ISR-1996,ISR,1996,124.59166666666668
ISR-1997,ISR,1997,139.56966666666668
ISR-1998,ISR,1998,162.92333333333332
ISR-1999,ISR,1999,158.613
ISR-2000,ISR,2000,190.92633333333333
ISR-2001,ISR,2001,207.208
ISR-2002,ISR,2002,202.45533333333333
ISR-2003,ISR,2003,205.927
ISR-2004,ISR,2004,217.58833333333334
ISR-2005,ISR,2005,236.19899999999998
ISR-2006,ISR,2006,223.64333333333335
ISR-2007,ISR,2007,249.03666666666666
ISR-2008,ISR,2008,242.812
ISR-2009,ISR,2009,251.91333333333333
ISR-2010,ISR,2010,248.70066666666665
ISR-2011,ISR,2011,263.121
ISR-2012,ISR,2012,279.5063333333333
ISR-2013,ISR,2013,275.1566666666667
ISR-2014,ISR,2014,277.729
ISR-2015,ISR,2015,283.43833333333333
ISR-2016,ISR,2016,310.00666666666666
ISR-2017,ISR,2017,316.536
ISR-2018,ISR,2018,323.22533333333337
ISR-2019,ISR,2019,322.90233333333333
ISR-2020,ISR,2020,295.54766666666666
ITA-1990,ITA,1990,86.04566666666666
ITA-1991,ITA,1991,93.92899999999999
ITA-1992,ITA,1992,96.53033333333333
ITA-1993,ITA,1993,107.574
ITA-1994,ITA,1994,119.885
ITA-1995,ITA,1995,150.5476666666667
ITA-1996,ITA,1996,156.46
ITA-1997,ITA,1997,168.57033333333334
ITA-1998,ITA,1998,180.67166666666665
ITA-1999,ITA,1999,184.80466666666666
ITA-2000,ITA,2000,195.008
ITA-2001,ITA,2001,191.13066666666668
ITA-2002,ITA,2002,200.37966666666668
ITA-2003,ITA,2003,197.09899999999996
ITA-2004,ITA,2004,202.65533333333335
ITA-2005,ITA,2005,196.032
ITA-2006,ITA,2006,205.50699999999998
ITA-2007,ITA,2007,210.39233333333334
ITA-2008,ITA,2008,226.29733333333334
ITA-2009,ITA,2009,220.30733333333333
ITA-2010,ITA,2010,230.7893333333333
ITA-2011,ITA,2011,245.74133333333336
ITA-2012,ITA,2012,255.73733333333334
ITA-2013,ITA,2013,254.67333333333337
ITA-2014,ITA,2014,257.688
ITA-2015,ITA,2015,272.50033333333334
ITA-2016,ITA,2016,288.64966666666663
ITA-2017,ITA,2017,305.08666666666664
ITA-2018,ITA,2018,314.063
ITA-2019,ITA,2019,321.536
ITA-2020,ITA,2020,307.5563333333333
JPN-1990,JPN,1990,89.23033333333335
JPN-1991,JPN,1991,91.89466666666668
JPN-1992,JPN,1992,99.081
JPN-1993,JPN,1993,99.75266666666666
JPN-1994,JPN,1994,108.85833333333333
JPN-1995,JPN,1995,92.43200000000002
JPN-1996,JPN,1996,93.81700000000001
JPN-1997,JPN,1997,104.794
JPN-1998,JPN,1998,111.27133333333332
JPN-1999,JPN,1999,117.98133333333334
JPN-2000,JPN,2000,127.516
JPN-2001,JPN,2001,130.256
JPN-2002,JPN,2002,139.37966666666665
JPN-2003,JPN,2003,153.73933333333335
JPN-2004,JPN,2004,158.54366666666667
JPN-2005,JPN,2005,161.883
JPN-2006,JPN,2006,175.0666666666667
JPN-2007,JPN,2007,174.86266666666666
JPN-2008,JPN,2008,182.47466666666665
JPN-2009,JPN,2009,192.06733333333332
JPN-2010,JPN,2010,197.49033333333333
JPN-2011,JPN,2011,208.72933333333336
JPN-2012,JPN,2012,218.6196666666667
JPN-2013,JPN,2013,231.833
JPN-2014,JPN,2014,235.00766666666667
JPN-2015,JPN,2015,245.45666666666668
JPN-2016,JPN,2016,234.46766666666667
JPN-2017,JPN,2017,238.01633333333334
JPN-2018,JPN,2018,252.36299999999997
JPN-2019,JPN,2019,252.394
JPN-2020,JPN,2020,265.1123333333333
KOR-1990,KOR,1990,91.757
KOR-1991,KOR,1991,100.08533333333334
KOR-1992,KOR,1992,107.60566666666666
KOR-1993,KOR,1993,109.10766666666666
KOR-1994,KOR,1994,110.36733333333335
KOR-1995,KOR,1995,119.462
KOR-1996,KOR,1996,124.85966666666667
KOR-1997,KOR,1997,122.33233333333332
KOR-1998,KOR,1998,108.61233333333332
KOR-1999,KOR,1999,122.02499999999999
KOR-2000,KOR,2000,127.41399999999999
KOR-2001,KOR,2001,133.21433333333334
KOR-2002,KOR,2002,135.34066666666666
KOR-2003,KOR,2003,148.586
KOR-2004,KOR,2004,154.99666666666667
KOR-2005,KOR,2005,167.77533333333335
KOR-2006,KOR,2006,178.4466666666667
KOR-2007,KOR,2007,200.50933333333333
KOR-2008,KOR,2008,226.88733333333334
KOR-2009,KOR,2009,233.37900000000002
KOR-2010,KOR,2010,258.415
KOR-2011,KOR,2011,276.1513333333333
KOR-2012,KOR,2012,296.7076666666666
KOR-2013,KOR,2013,304.635
KOR-2014,KOR,2014,321.22433333333333
KOR-2015,KOR,2015,356.3693333333333
KOR-2016,KOR,2016,378.8633333333333
KOR-2017,KOR,2017,391.86633333333333
KOR-2018,KOR,2018,424.16800000000006
KOR-2019,KOR,2019,440.3136666666666
KOR-2020,KOR,2020,460.449
LTU-2000,LTU,2000,71.42566666666666
LTU-2001,LTU,2001,67.50966666666666
LTU-2002,LTU,2002,71.081
LTU-2003,LTU,2003,75.72533333333332
LTU-2004,LTU,2004,99.754
LTU-2005,LTU,2005,109.91766666666668
LTU-2006,LTU,2006,120.55966666666667
LTU-2007,LTU,2007,121.80133333333333
LTU-2008,LTU,2008,139.33333333333334
LTU-2009,LTU,2009,131.28433333333334
LTU-2010,LTU,2010,139.057
LTU-2011,LTU,2011,153.381
LTU-2012,LTU,2012,182.0533333333333
LTU-2013,LTU,2013,198.734
LTU-2014,LTU,2014,203.81000000000003
LTU-2015,LTU,2015,221.22833333333335
LTU-2016,LTU,2016,245.336
LTU-2017,LTU,2017,263.666
LTU-2018,LTU,2018,273.7146666666667
LTU-2019,LTU,2019,312.3246666666667
LTU-2020,LTU,2020,297.33299999999997
LUX-1990,LUX,1990,36.42766666666667
LUX-1991,LUX,1991,38.79366666666667
LUX-1992,LUX,1992,42.291
LUX-1993,LUX,1993,45.309
LUX-1994,LUX,1994,54.07333333333333
LUX-1995,LUX,1995,55.544666666666664
LUX-1996,LUX,1996,55.71633333333333
LUX-1997,LUX,1997,59.522
LUX-1998,LUX,1998,64.022
LUX-1999,LUX,1999,100.28500000000001
LUX-2000,LUX,2000,211.37033333333332
LUX-2001,LUX,2001,219.8466666666667
LUX-2002,LUX,2002,246.249
LUX-2003,LUX,2003,257.708
LUX-2004,LUX,2004,271.27933333333334
LUX-2005,LUX,2005,279.49066666666664
LUX-2006,LUX,2006,301.8523333333333
LUX-2007,LUX,2007,273.613
LUX-2008,LUX,2008,233.88166666666666
LUX-2009,LUX,2009,276.34766666666667
LUX-2010,LUX,2010,288.226
LUX-2011,LUX,2011,277.1526666666667
LUX-2012,LUX,2012,235.91633333333334
LUX-2013,LUX,2013,244.14200000000002
LUX-2014,LUX,2014,242.63733333333334
LUX-2015,LUX,2015,239.17633333333333
LUX-2016,LUX,2016,249.66366666666667
LUX-2017,LUX,2017,249.06066666666663
LUX-2018,LUX,2018,261.07533333333333
LUX-2019,LUX,2019,250.64
LUX-2020,LUX,2020,235.51033333333336
LVA-2000,LVA,2000,93.48966666666666
LVA-2001,LVA,2001,112.48866666666665
LVA-2002,LVA,2002,123.80066666666669
LVA-2003,LVA,2003,124.26933333333334
LVA-2004,LVA,2004,130.50033333333332
LVA-2005,LVA,2005,138.64166666666668
LVA-2006,LVA,2006,133.918
LVA-2007,LVA,2007,155.035
LVA-2008,LVA,2008,161.45433333333332
LVA-2009,LVA,2009,147.91633333333334
LVA-2010,LVA,2010,156.881
LVA-2011,LVA,2011,143.97566666666665
LVA-2012,LVA,2012,166.75033333333334
LVA-2013,LVA,2013,177.9513333333333
LVA-2014,LVA,2014,187.11299999999997
LVA-2015,LVA,2015,208.15633333333332
LVA-2016,LVA,2016,253.02200000000002
LVA-2017,LVA,2017,253.51833333333335
LVA-2018,LVA,2018,263.07033333333334
LVA-2019,LVA,2019,283.41900000000004
LVA-2020,LVA,2020,283.28933333333333
MEX-1999,MEX,1999,102.94833333333332
MEX-2000,MEX,2000,113.52166666666669
MEX-2001,MEX,2001,126.09166666666665
MEX-2002,MEX,2002,134.78733333333335
MEX-2003,MEX,2003,154.95133333333334
MEX-2004,MEX,2004,164.70733333333334
MEX-2005,MEX,2005,168.94500000000002
MEX-2006,MEX,2006,176.81499999999997
MEX-2007,MEX,2007,182.84633333333332
MEX-2008,MEX,2008,181.293
MEX-2009,MEX,2009,181.00266666666667
MEX-2010,MEX,2010,165.859
MEX-2011,MEX,2011,160.081
MEX-2012,MEX,2012,168.76633333333334
MEX-2013,MEX,2013,170.871
MEX-2014,MEX,2014,174.9193333333333
MEX-2015,MEX,2015,186.14733333333334
MEX-2016,MEX,2016,196.23933333333335
MEX-2017,MEX,2017,198.70066666666665
MEX-2018,MEX,2018,206.1146666666667
MEX-2019,MEX,2019,207.174
MEX-2020,MEX,2020,209.28966666666668
MKD-2000,MKD,2000,46.022
MKD-2001,MKD,2001,44.746
MKD-2002,MKD,2002,46.46
MKD-2003,MKD,2003,44.5
MKD-2004,MKD,2004,43.295
MKD-2005,MKD,2005,42.122
MKD-2006,MKD,2006,39.033
MKD-2007,MKD,2007,37.522
MKD-2008,MKD,2008,33.921
MKD-2009,MKD,2009,35.78
MKD-2010,MKD,2010,20.2835
MKD-2011,MKD,2011,19.3795
MKD-2012,MKD,2012,18.912
MKD-2013,MKD,2013,18.015
MKD-2014,MKD,2014,18.645500000000002
MKD-2015,MKD,2015,18.266000000000002
MKD-2016,MKD,2016,18.8445
MKD-2017,MKD,2017,22.779
MKD-2018,MKD,2018,22.653
MKD-2019,MKD,2019,21.927000000000003
MLT-2003,MLT,2003,16.348
MLT-2004,MLT,2004,16.398
MLT-2005,MLT,2005,16.8395
MLT-2006,MLT,2006,17.215
MLT-2007,MLT,2007,17.9865
MLT-2008,MLT,2008,19.0235
MLT-2009,MLT,2009,18.9315
MLT-2010,MLT,2010,19.15
MLT-2011,MLT,2011,19.272
MLT-2012,MLT,2012,20.2535
MLT-2013,MLT,2013,20.431
MLT-2014,MLT,2014,21.096500000000002
MLT-2015,MLT,2015,21.4695
MLT-2016,MLT,2016,20.1435
MLT-2017,MLT,2017,465.3806666666667
MLT-2018,MLT,2018,472.21066666666667
MLT-2019,MLT,2019,532.6533333333333
MNE-2000,MNE,2000,38.952
MNE-2011,MNE,2011,21.069
MNE-2012,MNE,2012,19.52
MNE-2013,MNE,2013,22.8795
MNE-2014,MNE,2014,21.2105
MNE-2015,MNE,2015,20.669
MNE-2016,MNE,2016,20.9055
MNE-2017,MNE,2017,22.9405
MNE-2018,MNE,2018,21.660999999999998
MNE-2019,MNE,2019,21.098499999999998
NLD-1990,NLD,1990,144.68666666666667
NLD-1991,NLD,1991,145.80133333333333
NLD-1992,NLD,1992,133.61499999999998
NLD-1993,NLD,1993,132.82966666666667
NLD-1994,NLD,1994,141.2193333333333
NLD-1995,NLD,1995,152.32566666666668
NLD-1996,NLD,1996,193.55300000000003
NLD-1997,NLD,1997,191.34466666666665
NLD-1998,NLD,1998,238.26266666666666
NLD-1999,NLD,1999,259.93333333333334
NLD-2000,NLD,2000,284.32733333333334
NLD-2001,NLD,2001,302.8086666666666
NLD-2002,NLD,2002,340.766
NLD-2003,NLD,2003,339.9303333333333
NLD-2004,NLD,2004,377.21299999999997
NLD-2005,NLD,2005,388.6913333333334
NLD-2006,NLD,2006,213.367
NLD-2007,NLD,2007,222.217
NLD-2008,NLD,2008,259.1716666666667
NLD-2009,NLD,2009,254.75866666666664
NLD-2010,NLD,2010,254.06133333333332
NLD-2011,NLD,2011,270.32766666666663
NLD-2012,NLD,2012,291.75
NLD-2013,NLD,2013,316.398
NLD-2014,NLD,2014,318.1943333333333
NLD-2015,NLD,2015,312.6293333333333
NLD-2016,NLD,2016,326.45133333333337
NLD-2017,NLD,2017,327.404
NLD-2018,NLD,2018,333.57766666666663
NLD-2019,NLD,2019,332.55833333333334
NLD-2020,NLD,2020,316.471
NOR-1990,NOR,1990,84.16133333333333
NOR-1991,NOR,1991,84.74133333333333
NOR-1992,NOR,1992,85.72566666666667
NOR-1993,NOR,1993,89.42
NOR-1994,NOR,1994,92.47566666666667
NOR-1995,NOR,1995,101.01266666666668
NOR-1996,NOR,1996,110.54399999999998
NOR-1997,NOR,1997,148.823
NOR-1998,NOR,1998,153.99766666666667
NOR-1999,NOR,1999,161.25166666666667
NOR-2000,NOR,2000,177.16033333333334
NOR-2001,NOR,2001,174.65800000000002
NOR-2002,NOR,2002,199.57433333333333
NOR-2003,NOR,2003,199.59433333333334
NOR-2004,NOR,2004,213.10233333333335
NOR-2005,NOR,2005,217.46533333333332
NOR-2006,NOR,2006,226.237
NOR-2007,NOR,2007,240.12733333333333
NOR-2008,NOR,2008,248.36433333333335
NOR-2009,NOR,2009,247.408
NOR-2010,NOR,2010,248.67233333333334
NOR-2011,NOR,2011,263.45633333333336
NOR-2012,NOR,2012,270.257
NOR-2013,NOR,2013,279.31233333333336
NOR-2014,NOR,2014,285.234
NOR-2015,NOR,2015,281.838
NOR-2016,NOR,2016,293.1333333333333
NOR-2017,NOR,2017,314.68266666666665
NOR-2018,NOR,2018,314.7663333333333
NOR-2019,NOR,2019,313.605
NOR-2020,NOR,2020,318.6463333333333
NZL-1990,NZL,1990,66.217
NZL-1991,NZL,1991,69.61366666666667
NZL-1992,NZL,1992,85.894
NZL-1993,NZL,1993,99.60933333333334
NZL-1994,NZL,1994,101.42833333333334
NZL-1995,NZL,1995,107.565
NZL-1996,NZL,1996,112.58666666666666
NZL-1997,NZL,1997,115.53866666666669
NZL-1998,NZL,1998,122.97866666666668
NZL-1999,NZL,1999,125.56466666666667
NZL-2000,NZL,2000,129.482
NZL-2001,NZL,2001,149.88266666666667
NZL-2002,NZL,2002,149.47533333333334
NZL-2003,NZL,2003,146.201
NZL-2004,NZL,2004,148.39433333333332
NZL-2005,NZL,2005,155.987
NZL-2006,NZL,2006,169.26466666666667
NZL-2007,NZL,2007,155.451
NZL-2008,NZL,2008,187.53333333333333
NZL-2009,NZL,2009,192.97000000000003
NZL-2010,NZL,2010,197.835
NZL-2011,NZL,2011,206.61866666666666
NZL-2012,NZL,2012,217.74733333333333
NZL-2013,NZL,2013,232.56833333333336
NZL-2014,NZL,2014,245.24966666666668
NZL-2015,NZL,2015,252.82833333333335
NZL-2016,NZL,2016,273.35966666666667
NZL-2017,NZL,2017,282.027
NZL-2018,NZL,2018,278.5506666666667
NZL-2019,NZL,2019,295.895
NZL-2020,NZL,2020,303.7753333333333
PER-2000,PER,2000,24.5085
PER-2001,PER,2001,24.6845
PER-2002,PER,2002,25.5155
PER-2003,PER,2003,24.891
PER-2004,PER,2004,24.462500000000002
PER-2005,PER,2005,22.948
PER-2006,PER,2006,25.8245
PER-2007,PER,2007,26.7975
PER-2008,PER,2008,27.122999999999998
PER-2009,PER,2009,25.5255
PER-2010,PER,2010,25.054
PER-2011,PER,2011,25.519000000000002
PER-2012,PER,2012,24.794
PER-2013,PER,2013,23.033
PER-2014,PER,2014,21.2085
PER-2015,PER,2015,20.520000000000003
PER-2016,PER,2016,20.1115
PER-2017,PER,2017,19.837
PER-2018,PER,2018,20.2455
PER-2019,PER,2019,19.5135
POL-1990,POL,1990,12.286333333333333
POL-1991,POL,1991,17.423333333333332
POL-1992,POL,1992,21.632333333333335
POL-1993,POL,1993,35.28966666666667
POL-1994,POL,1994,43.43066666666667
POL-1995,POL,1995,44.388
POL-1996,POL,1996,48.815333333333335
POL-1997,POL,1997,59.90566666666667
POL-1998,POL,1998,62.55833333333333
POL-1999,POL,1999,67.67433333333334
POL-2000,POL,2000,73.592
POL-2001,POL,2001,74.76700000000001
POL-2002,POL,2002,86.71866666666666
POL-2003,POL,2003,91.19866666666667
POL-2004,POL,2004,101.43599999999999
POL-2005,POL,2005,98.17966666666666
POL-2006,POL,2006,103.47866666666668
POL-2007,POL,2007,115.39166666666667
POL-2008,POL,2008,125.527
POL-2009,POL,2009,134.08866666666665
POL-2010,POL,2010,144.41733333333335
POL-2011,POL,2011,155.623
POL-2012,POL,2012,168.25233333333333
POL-2013,POL,2013,173.82433333333336
POL-2014,POL,2014,175.394
POL-2015,POL,2015,194.17033333333336
POL-2016,POL,2016,211.23833333333332
POL-2017,POL,2017,222.07899999999998
POL-2018,POL,2018,210.27633333333333
POL-2019,POL,2019,220.02633333333335
POL-2020,POL,2020,221.18933333333334
PRT-1990,PRT,1990,86.07600000000001
PRT-1991,PRT,1991,106.17833333333334
PRT-1992,PRT,1992,123.70866666666666
PRT-1993,PRT,1993,117.52066666666667
PRT-1994,PRT,1994,122.39800000000001
PRT-1995,PRT,1995,143.409
PRT-1996,PRT,1996,142.80499999999998
PRT-1997,PRT,1997,148.48533333333333
PRT-1998,PRT,1998,147.39566666666667
PRT-1999,PRT,1999,159.38566666666668
PRT-2000,PRT,2000,176.45133333333334
PRT-2001,PRT,2001,180.55133333333333
PRT-2002,PRT,2002,181.57033333333334
PRT-2003,PRT,2003,198.72333333333333
PRT-2004,PRT,2004,215.0536666666667
PRT-2005,PRT,2005,222.12800000000001
PRT-2006,PRT,2006,286.069
PRT-2007,PRT,2007,299.1673333333334
PRT-2008,PRT,2008,319.29333333333335
PRT-2009,PRT,2009,316.08566666666667
PRT-2010,PRT,2010,299.834
PRT-2011,PRT,2011,303.295
PRT-2012,PRT,2012,326.14000000000004
PRT-2013,PRT,2013,328.043
PRT-2014,PRT,2014,337.041
PRT-2015,PRT,2015,350.1566666666667
PRT-2016,PRT,2016,373.7253333333333
PRT-2017,PRT,2017,389.7126666666666
PRT-2018,PRT,2018,419.1976666666667
PRT-2019,PRT,2019,434.9916666666666
PRT-2020,PRT,2020,409.02866666666665
ROU-2003,ROU,2003,28.099666666666664
ROU-2004,ROU,2004,53.047666666666665
ROU-2005,ROU,2005,41.440666666666665
ROU-2006,ROU,2006,46.36233333333333
ROU-2007,ROU,2007,47.542
ROU-2008,ROU,2008,58.052666666666674
ROU-2009,ROU,2009,67.04733333333333
ROU-2010,ROU,2010,72.32533333333333
ROU-2011,ROU,2011,77.368
ROU-2012,ROU,2012,76.48266666666666
ROU-2013,ROU,2013,78.52966666666667
ROU-2014,ROU,2014,80.71166666666666
ROU-2015,ROU,2015,87.34566666666667
ROU-2016,ROU,2016,97.95466666666668
ROU-2017,ROU,2017,108.09266666666666
ROU-2018,ROU,2018,119.23966666666666
ROU-2019,ROU,2019,127.10433333333333
ROU-2020,ROU,2020,141.91
SRB-2000,SRB,2000,34.566
SRB-2001,SRB,2001,33.18
SRB-2002,SRB,2002,27.829
SRB-2003,SRB,2003,30.116
SRB-2004,SRB,2004,32.042
SRB-2005,SRB,2005,34.524
SRB-2006,SRB,2006,37.323
SRB-2007,SRB,2007,38.83
SRB-2008,SRB,2008,38.012
SRB-2009,SRB,2009,38.195
SRB-2010,SRB,2010,20.908
SRB-2011,SRB,2011,20.8325
SRB-2012,SRB,2012,20.5055
SRB-2013,SRB,2013,21.6185
SRB-2014,SRB,2014,22.5505
SRB-2015,SRB,2015,22.834
SRB-2016,SRB,2016,22.795499999999997
SRB-2017,SRB,2017,22.937
SRB-2018,SRB,2018,21.703
SRB-2019,SRB,2019,21.0065
SVK-1997,SVK,1997,20.926333333333332
SVK-1998,SVK,1998,21.55933333333333
SVK-1999,SVK,1999,26.962
SVK-2000,SVK,2000,28.751333333333335
SVK-2001,SVK,2001,31.411
SVK-2002,SVK,2002,35.77333333333333
SVK-2003,SVK,2003,39.977333333333334
SVK-2004,SVK,2004,90.214
SVK-2005,SVK,2005,106.932
SVK-2006,SVK,2006,145.03566666666666
SVK-2007,SVK,2007,173.10866666666666
SVK-2008,SVK,2008,147.33
SVK-2009,SVK,2009,169.42566666666667
SVK-2010,SVK,2010,198.42133333333334
SVK-2011,SVK,2011,181.97266666666667
SVK-2012,SVK,2012,204.55266666666668
SVK-2013,SVK,2013,194.42533333333333
SVK-2014,SVK,2014,139.531
SVK-2015,SVK,2015,146.44400000000002
SVK-2016,SVK,2016,140.52866666666668
SVK-2017,SVK,2017,139.17366666666666
SVK-2018,SVK,2018,140.101
SVK-2019,SVK,2019,149.69066666666666
SVK-2020,SVK,2020,146.84033333333335
SVN-2000,SVN,2000,142.00333333333333
SVN-2001,SVN,2001,158.05233333333334
SVN-2002,SVN,2002,163.76333333333332
SVN-2003,SVN,2003,171.59033333333335
SVN-2004,SVN,2004,174.11933333333334
SVN-2005,SVN,2005,177.45933333333335
SVN-2006,SVN,2006,187.64133333333334
SVN-2007,SVN,2007,206.33200000000002
SVN-2008,SVN,2008,212.03833333333333
SVN-2009,SVN,2009,213.12133333333335
SVN-2010,SVN,2010,215.14133333333336
SVN-2011,SVN,2011,220.1726666666667
SVN-2012,SVN,2012,237.40900000000002
SVN-2013,SVN,2013,248.46533333333332
SVN-2014,SVN,2014,251.07966666666667
SVN-2015,SVN,2015,252.59533333333334
SVN-2016,SVN,2016,258.7813333333333
SVN-2017,SVN,2017,272.549
SVN-2018,SVN,2018,285.6716666666667
SVN-2019,SVN,2019,302.127
SVN-2020,SVN,2020,320.5396666666667
SWE-1990,SWE,1990,108.79033333333332
SWE-1991,SWE,1991,117.33966666666667
SWE-1992,SWE,1992,70.241
SWE-1993,SWE,1993,68.72066666666666
SWE-1994,SWE,1994,69.514
SWE-1995,SWE,1995,75.82433333333334
SWE-1996,SWE,1996,76.66333333333334
SWE-1997,SWE,1997,85.22066666666667
SWE-1998,SWE,1998,90.897
SWE-1999,SWE,1999,97.44233333333334
SWE-2000,SWE,2000,111.044
SWE-2001,SWE,2001,149.16766666666666
SWE-2002,SWE,2002,159.503
SWE-2003,SWE,2003,156.56633333333335
SWE-2004,SWE,2004,166.23066666666668
SWE-2005,SWE,2005,172.28266666666664
SWE-2006,SWE,2006,183.38266666666664
SWE-2007,SWE,2007,194.297
SWE-2008,SWE,2008,205.50566666666666
SWE-2009,SWE,2009,207.49266666666665
SWE-2010,SWE,2010,206.60833333333335
SWE-2011,SWE,2011,236.39166666666668
SWE-2012,SWE,2012,252.029
SWE-2013,SWE,2013,257.9643333333333
SWE-2014,SWE,2014,264.943
SWE-2015,SWE,2015,273.4616666666667
SWE-2016,SWE,2016,274.80233333333337
SWE-2017,SWE,2017,271.71999999999997
SWE-2018,SWE,2018,280.481
SWE-2019,SWE,2019,272.6526666666667
SWE-2020,SWE,2020,275.6526666666667
TUR-1990,TUR,1990,34.092999999999996
TUR-1991,TUR,1991,34.41266666666667
TUR-1992,TUR,1992,31.435999999999996
TUR-1993,TUR,1993,33.574666666666666
TUR-1994,TUR,1994,29.28833333333333
TUR-1995,TUR,1995,27.494333333333334
TUR-1996,TUR,1996,34.32933333333333
TUR-1997,TUR,1997,34.96933333333333
TUR-1998,TUR,1998,37.73966666666667
TUR-1999,TUR,1999,63.13966666666667
TUR-2000,TUR,2000,68.56333333333333
TUR-2001,TUR,2001,63.066333333333326
TUR-2002,TUR,2002,62.55766666666667
TUR-2003,TUR,2003,59.001
TUR-2004,TUR,2004,62.583
TUR-2005,TUR,2005,74.50866666666666
TUR-2006,TUR,2006,81.328
TUR-2007,TUR,2007,87.259
TUR-2008,TUR,2008,83.03533333333333
TUR-2009,TUR,2009,59.842999999999996
TUR-2010,TUR,2010,69.56966666666666
TUR-2011,TUR,2011,69.08066666666667
TUR-2012,TUR,2012,69.37133333333334
TUR-2013,TUR,2013,75.926
TUR-2014,TUR,2014,82.943
TUR-2015,TUR,2015,83.39933333333333
TUR-2016,TUR,2016,88.60566666666666
TUR-2017,TUR,2017,95.089
TUR-2018,TUR,2018,98.72133333333333
TUR-2019,TUR,2019,99.37433333333333
TUR-2020,TUR,2020,99.37933333333332
USA-1990,USA,1990,555.3316666666667
USA-1991,USA,1991,583.0849999999999
USA-1992,USA,1992,606.9903333333333
USA-1993,USA,1993,629.8353333333333
USA-1994,USA,1994,639.128
USA-1995,USA,1995,661.2043333333334
USA-1996,USA,1996,783.6683333333334
USA-1997,USA,1997,718.6773333333334
USA-1998,USA,1998,765.5279999999999
USA-1999,USA,1999,808.4580000000001
USA-2000,USA,2000,861.7796666666667
USA-2001,USA,2001,911.372
USA-2002,USA,2002,991.719
USA-2003,USA,2003,1071.1493333333333
USA-2004,USA,2004,1124.892
USA-2005,USA,2005,1189.5333333333333
USA-2006,USA,2006,1243.3846666666666
USA-2007,USA,2007,1306.566
USA-2008,USA,2008,1316.4833333333333
USA-2009,USA,2009,1336.1043333333334
USA-2010,USA,2010,1366.9636666666665
USA-2011,USA,2011,1398.5506666666668
USA-2012,USA,2012,1446.3009999999997
USA-2013,USA,2013,1454.8443333333335
USA-2014,USA,2014,524.9533333333334
USA-2015,USA,2015,539.6616666666667
USA-2016,USA,2016,562.5173333333333
USA-2017,USA,2017,581.511
USA-2018,USA,2018,602.2926666666666
USA-2019,USA,2019,627.908
USA-2020,USA,2020,608.3176666666667
ZAF-2000,ZAF,2000,34.291
ZAF-2001,ZAF,2001,35.763999999999996
ZAF-2002,ZAF,2002,35.1795
ZAF-2003,ZAF,2003,32.571
ZAF-2004,ZAF,2004,32.6695
ZAF-2005,ZAF,2005,32.306
ZAF-2006,ZAF,2006,31.63
ZAF-2007,ZAF,2007,31.081
ZAF-2008,ZAF,2008,31.317500000000003
ZAF-2009,ZAF,2009,30.282
ZAF-2010,ZAF,2010,29.430500000000002
ZAF-2011,ZAF,2011,29.102500000000003
ZAF-2012,ZAF,2012,29.271
ZAF-2013,ZAF,2013,29.5805
ZAF-2014,ZAF,2014,29.1795
ZAF-2015,ZAF,2015,29.041999999999998
ZAF-2016,ZAF,2016,29.1495
ZAF-2017,ZAF,2017,28.893
ZAF-2018,ZAF,2018,28.849
ZAF-2019,ZAF,2019,28.261
