LocationTime,Suicide_Val_TOT,Alcohol_Val,Edu_Sec_Val,Edu_Try_Val,Emp_Val,Healthy_Spend_Val,Obesity_Val,Smoking_Val,Soc_Spend_Val,Work_Hour_Val
ARG-1990,9.3,9.5,52.0,31.3,84.0,25.8,34.3,20.4,3.7,1854.0
ARG-1991,8.2,8.4,53.6,30.8,84.0,26.1,61.8,13.4,3.7,1845.6
ARG-1992,9.0,8.2,61.8,33.0,86.7,25.5,59.4,12.1,2.0,1855.7
ARG-1993,9.3,7.5,59.4,33.7,87.2,24.6,45.8,11.3,1.9,1874.2
ARG-1994,8.7,10.0,45.8,36.1,87.5,24.3,52.3,10.8,1.9,1870.3
ARG-1995,8.4,7.6,52.3,36.9,87.1,21.9,51.2,10.4,1.8,1861.5
ARG-1996,8.4,8.1,51.2,37.6,86.8,22.4,49.8,10.2,1.7,1860.8
ARG-1997,8.1,6.7,49.8,38.3,86.8,21.7,54.2,10.1,1.9,1849.9
ARG-1998,8.4,6.3,54.2,41.3,83.1,25.0,51.3,9.3,2.0,1856.1
ARG-1999,8.4,8.3,51.3,39.5,83.5,28.0,52.8,9.8,2.5,1852.2
ARG-2000,9.4,7.5,52.8,41.9,83.2,24.5,51.6,28.2,2.5,1828.7
ARG-2001,10.3,6.8,51.6,38.5,83.3,24.5,49.9,25.9,2.4,1818.0
ARG-2002,10.1,7.5,49.9,30.1,84.4,24.4,50.1,20.4,2.4,1806.5
ARG-2003,10.3,8.5,50.1,27.6,84.8,24.2,51.2,18.2,2.1,1811.4
ARG-2004,9.4,9.2,51.2,16.7,83.1,25.8,50.2,17.5,2.1,1802.4
ARG-2005,9.1,8.2,50.2,17.5,85.8,26.1,48.5,16.2,2.2,1803.1
ARG-2006,8.9,7.6,48.5,17.8,87.2,25.5,47.0,16.3,1.9,1799.1
ARG-2007,8.3,7.8,47.0,18.0,84.0,24.6,45.8,15.7,2.0,1766.7
ARG-2008,8.5,8.4,45.8,19.0,86.5,24.3,44.8,16.1,2.4,1777.6
ARG-2009,7.9,8.9,44.8,19.5,86.7,21.9,43.4,14.9,2.1,1773.9
ARG-2010,7.9,8.2,43.4,20.1,87.2,22.4,42.8,14.0,2.1,1770.8
ARG-2011,7.6,7.7,42.8,20.2,87.5,21.7,41.4,13.1,2.2,1766.0
ARG-2012,8.4,8.0,41.4,20.6,87.1,20.6,40.6,12.5,1.9,1755.1
ARG-2013,7.6,8.3,40.6,21.1,86.8,19.7,41.2,12.0,2.0,1751.3
ARG-2014,8.1,7.9,41.2,20.5,86.8,18.8,34.3,11.3,2.1,1761.3
ARG-2015,7.9,8.5,44.8,28.9,84.0,18.2,52.3,10.3,2.1,1761.3
ARG-2016,7.6,8.4,43.4,28.9,84.0,20.5,51.2,20.4,2.2,1803.1
ARG-2017,7.8,8.3,42.8,21.4,85.5,20.1,49.8,19.6,1.9,1799.1
ARG-2018,8.0,8.0,37.0,21.9,86.2,21.0,54.2,18.6,2.0,1766.7
ARG-2019,7.8,8.0,35.8,22.8,86.6,20.5,51.3,17.9,2.4,1761.3
AUS-1990,13.6,10.6,38.0,28.9,84.0,143.4,52.8,17.8,2.1,1853.0
AUS-1991,13.9,10.1,44.1,31.2,75.2,151.9,51.6,17.2,2.1,1854.0
AUS-1992,13.5,9.9,46.2,28.9,84.0,160.8,49.9,16.9,1.2,1845.6
AUS-1993,12.1,10.2,47.2,22.5,82.0,169.4,50.1,16.5,1.4,1855.7
AUS-1994,13.3,10.0,49.8,23.1,82.4,179.4,51.2,15.8,1.4,1874.2
AUS-1995,12.3,9.8,44.9,24.3,83.3,184.4,50.2,15.5,3.3,1870.3
AUS-1996,13.6,10.0,49.0,28.9,84.0,199.4,48.5,15.1,3.5,1861.5
AUS-1997,14.6,10.2,46.7,24.3,83.4,199.9,47.0,12.0,3.9,1860.8
AUS-1998,14.2,10.0,44.0,25.4,83.8,209.1,45.8,11.3,3.5,1849.9
AUS-1999,13.4,10.0,42.6,26.7,82.0,208.5,44.8,10.3,4.0,1856.1
AUS-2000,12.7,10.2,41.2,27.5,82.9,238.3,39.2,20.4,3.7,1852.2
AUS-2001,12.9,10.0,41.1,29.0,83.1,257.8,33.9,19.6,4.0,1828.7
AUS-2002,12.0,10.4,39.1,30.8,83.5,270.8,41.5,18.6,4.0,1818.0
AUS-2003,11.0,10.3,37.5,31.3,83.2,286.1,40.5,17.9,3.5,1806.5
AUS-2004,10.7,10.5,35.9,30.8,83.3,308.8,39.2,17.8,2.7,1811.4
AUS-2006,10.6,10.8,33.3,33.0,84.4,328.0,38.0,17.2,2.9,1802.4
AUS-2007,10.7,10.8,31.8,33.7,84.8,338.4,35.7,16.9,5.2,1803.1
AUS-2008,11.1,10.8,30.1,36.1,83.1,357.4,33.9,16.5,4.4,1799.1
AUS-2009,10.8,10.7,29.0,36.9,84.3,360.9,33.1,15.8,4.3,1766.7
AUS-2010,11.0,10.4,26.8,37.6,84.0,387.0,32.0,15.5,4.3,1777.6
AUS-2011,10.9,10.2,25.9,38.3,84.3,402.0,30.4,15.1,4.6,1773.9
AUS-2012,11.5,10.0,23.6,41.3,84.4,428.8,29.4,14.9,4.8,1770.8
AUS-2013,11.5,9.9,24.3,39.5,83.5,490.0,29.5,14.6,5.4,1766.0
AUS-2014,12.6,9.7,22.9,41.9,82.9,504.6,28.7,13.9,6.0,1755.1
AUS-2015,13.2,9.8,21.0,42.9,83.1,511.7,28.4,14.1,6.2,1751.3
AUS-2016,12.2,9.5,20.1,43.7,83.5,535.4,27.2,12.4,6.4,1738.7
AUS-2017,13.6,9.5,19.0,45.4,84.0,535.1,26.4,11.5,6.6,1738.5
AUS-2018,13.0,10.2,18.1,45.7,84.1,537.9,25.3,11.2,3.7,1732.5
AUS-2019,13.3,10.5,17.1,47.1,84.6,489.9,34.3,11.2,3.7,1722.3
AUS-2020,12.4,9.8,16.2,49.3,81.5,545.1,34.3,12.3,3.7,1683.1
AUT-1990,24.7,14.0,18.9,28.0,84.0,135.8,34.3,14.3,2.2,1761.3
AUT-1991,23.6,14.0,19.6,29.9,84.3,144.4,42.0,16.8,2.2,1761.3
AUT-1992,23.4,13.6,15.4,25.4,84.0,152.0,34.3,20.4,2.2,1761.3
AUT-1993,22.4,13.5,13.8,24.8,84.3,162.0,61.8,13.4,2.2,1761.3
AUT-1994,23.2,12.5,16.3,29.9,84.4,170.4,59.4,12.1,2.1,1761.3
AUT-1995,23.1,13.4,15.2,24.8,83.5,181.0,45.8,11.3,2.1,1653.0
AUT-1996,23.1,13.5,19.8,28.0,82.9,189.3,52.3,10.8,2.0,1683.0
AUT-1997,20.4,12.9,24.5,25.4,83.1,194.0,51.2,10.4,2.0,1691.0
AUT-1998,20.1,12.9,28.8,24.8,83.5,207.8,49.8,10.2,1.9,1671.0
AUT-1999,19.9,12.8,31.2,28.9,84.0,217.4,54.2,10.1,2.0,1675.0
AUT-2000,20.1,13.2,33.0,25.4,84.1,237.5,51.3,9.3,2.1,1675.0
AUT-2001,18.6,12.3,29.0,28.0,84.6,247.3,52.8,9.8,2.0,1663.0
AUT-2002,19.2,12.1,28.0,29.9,84.0,269.7,51.6,28.2,2.0,1661.0
AUT-2003,18.0,12.3,25.0,29.9,84.0,281.2,49.9,25.9,2.0,1652.0
AUT-2004,17.3,12.1,23.7,24.8,81.2,312.4,50.1,20.4,2.0,1655.0
AUT-2005,16.8,12.2,23.1,24.6,83.0,311.0,51.2,20.4,2.0,1632.0
AUT-2006,15.2,12.5,19.9,25.4,84.0,319.5,50.2,25.5,2.0,1617.0
AUT-2007,15.1,12.5,20.1,25.1,85.3,333.7,48.5,20.4,2.0,1606.0
AUT-2008,14.6,12.0,19.1,26.2,85.3,343.8,47.0,24.5,2.1,1599.0
AUT-2009,14.6,11.8,18.4,29.9,85.1,348.6,45.8,20.4,2.2,1558.0
AUT-2010,14.4,12.1,17.6,27.7,84.9,369.2,44.8,23.8,2.2,1552.0
AUT-2011,14.6,11.9,17.6,28.0,85.4,377.0,43.4,20.4,2.2,1557.0
AUT-2012,14.2,12.1,17.1,28.7,86.0,396.6,42.8,20.4,2.2,1535.0
AUT-2013,14.2,11.9,17.0,29.7,85.7,422.6,41.4,22.4,2.2,1520.0
AUT-2014,14.3,12.2,16.1,29.9,85.3,430.4,40.6,20.4,2.2,1510.0
AUT-2015,13.4,11.2,15.4,30.6,85.4,437.0,41.2,18.7,2.2,1495.0
AUT-2016,12.7,11.4,15.5,31.4,86.2,460.5,34.3,20.4,2.2,1507.0
AUT-2017,12.8,11.3,15.0,32.4,86.4,469.9,34.3,17.3,2.2,1498.0
AUT-2018,12.5,11.3,14.7,32.7,86.3,475.3,34.3,20.4,26.9,1502.0
AUT-2019,11.4,11.6,14.4,33.8,86.5,476.3,51.1,18.2,26.9,1508.6
AUT-2020,10.8,11.3,14.3,34.2,86.0,470.5,34.3,17.5,3.7,1400.7
BEL-1990,19.8,12.2,14.7,24.8,84.0,212.2,46.5,16.2,1.6,1662.9
BEL-1991,18.6,11.4,56.8,19.6,85.1,212.2,33.9,16.3,1.5,1625.8
BEL-1992,19.2,11.7,54.7,20.2,84.9,212.2,41.5,15.7,1.9,1602.7
BEL-1993,21.8,11.7,41.5,32.4,84.0,212.2,39.2,16.1,2.3,1558.6
BEL-1994,21.5,11.1,50.6,22.3,83.7,212.2,33.9,14.9,2.3,1558.6
BEL-1995,21.6,11.0,46.5,24.6,83.7,137.5,41.5,14.0,2.1,1578.0
BEL-1996,20.0,10.9,33.9,25.4,85.3,136.5,40.5,13.1,2.0,1575.0
BEL-1997,21.4,10.9,41.5,32.4,85.4,157.8,39.2,12.5,1.9,1582.0
BEL-1998,20.0,9.9,39.2,28.9,86.2,167.1,38.0,12.0,1.9,1574.0
BEL-1999,18.2,10.1,33.9,32.4,86.4,179.6,35.7,11.3,1.8,1575.0
BEL-2000,20.9,11.2,41.5,32.4,86.3,203.7,33.9,10.3,1.7,1589.0
BEL-2001,21.0,11.0,40.5,27.6,84.5,206.0,33.1,24.1,1.9,1581.0
BEL-2002,20.0,11.3,39.2,28.1,83.7,240.4,32.0,20.4,2.0,1594.0
BEL-2003,20.1,11.3,38.0,29.0,83.6,259.3,30.4,16.2,2.5,1598.0
BEL-2004,18.8,12.1,35.7,30.4,83.9,265.8,29.4,16.3,2.5,1588.0
BEL-2005,19.1,12.2,33.9,31.0,84.2,269.4,29.5,15.7,2.4,1578.0
BEL-2006,18.1,10.9,33.1,31.8,83.6,279.4,28.7,16.1,2.4,1592.0
BEL-2007,17.1,10.3,32.0,32.1,84.9,293.5,28.4,14.9,2.1,1594.0
BEL-2008,18.3,10.5,30.4,32.3,84.7,294.9,27.2,14.0,2.1,1582.0
BEL-2009,18.3,10.1,29.4,33.4,84.2,301.4,26.4,13.1,2.2,1563.0
BEL-2010,18.2,10.3,29.5,35.0,84.0,317.7,25.3,12.5,1.9,1574.0
BEL-2011,18.6,10.1,28.7,34.6,84.2,330.2,34.3,12.0,2.0,1590.0
BEL-2012,17.9,10.1,28.4,35.3,84.6,338.0,34.3,11.3,2.0,1587.0
BEL-2013,16.6,10.3,27.2,35.5,84.1,360.0,48.1,18.9,1.9,1586.0
BEL-2014,16.5,10.6,26.4,36.9,84.7,369.1,51.0,15.7,1.8,1582.0
BEL-2015,16.2,10.4,25.3,36.9,84.6,381.7,34.3,16.1,1.9,1575.0
BEL-2016,16.3,9.4,24.9,37.5,85.2,388.9,34.3,14.9,1.9,1574.0
BEL-2017,14.8,9.3,23.2,40.3,85.2,397.1,34.3,14.0,1.9,1578.0
BEL-2018,15.2,9.2,21.8,40.6,86.1,410.9,55.4,13.1,28.8,1580.0
BGR-1990,17.2,6.8,39.2,28.9,84.0,196.9,34.3,20.4,3.7,1761.3
BGR-1991,17.7,9.4,33.9,28.9,84.7,202.7,61.8,12.4,2.0,1761.3
BGR-1992,20.2,7.8,41.5,37.5,84.2,206.9,59.4,11.5,1.9,1761.3
BGR-1993,18.9,7.9,40.5,40.3,84.0,221.8,45.8,11.2,1.9,1761.3
BGR-1994,19.0,9.8,39.2,40.6,84.2,229.0,52.3,11.2,1.8,1761.3
BGR-1995,18.4,8.4,38.0,28.9,84.6,240.6,51.2,12.3,1.7,1710.7
BGR-1996,19.9,8.6,35.7,28.9,84.1,256.1,49.8,14.3,1.9,1708.2
BGR-1997,19.0,7.9,33.9,28.9,84.7,276.0,54.2,16.8,2.0,1706.9
BGR-1998,20.2,9.2,33.1,24.8,84.6,293.7,51.3,20.4,2.5,1650.0
BGR-1999,17.0,9.9,32.0,19.6,85.2,302.8,52.8,13.4,2.5,1669.5
BGR-2000,18.0,10.1,30.4,20.2,85.2,324.4,51.6,12.1,2.4,1640.3
BGR-2001,16.9,11.2,29.4,32.4,84.0,341.7,49.9,11.3,2.4,1651.9
BGR-2002,17.1,10.6,28.8,22.3,85.1,366.4,50.1,10.8,2.1,1651.3
BGR-2003,14.3,11.2,31.2,24.6,84.9,387.1,51.2,10.4,2.1,1640.5
BGR-2004,13.0,11.0,33.0,25.4,84.0,102.3,50.2,10.2,2.2,1663.7
BGR-2005,12.6,10.5,29.0,32.4,83.7,109.3,48.5,10.1,1.9,1658.6
BGR-2006,12.5,10.4,28.0,28.9,83.7,121.9,47.0,9.3,2.0,1654.1
BGR-2007,11.4,10.9,25.0,32.4,85.3,129.7,45.8,9.8,2.7,1654.5
BGR-2008,11.9,11.0,23.7,32.4,85.4,142.9,44.8,28.2,2.7,1693.6
BGR-2009,11.0,11.0,23.1,27.6,86.2,152.8,43.4,25.9,2.7,1646.3
BGR-2010,10.9,9.8,19.9,28.1,86.4,169.4,42.8,20.4,2.7,1644.8
BGR-2011,9.8,9.9,20.1,29.0,86.3,189.4,41.4,20.4,2.5,1643.6
BGR-2012,11.1,10.9,19.1,30.4,84.5,222.7,40.6,25.5,2.6,1644.4
BGR-2013,9.2,10.3,18.4,31.0,83.7,193.9,41.2,20.4,2.9,1645.0
BGR-2014,9.2,10.3,17.6,31.8,83.6,209.8,34.3,24.5,3.2,1644.1
BGR-2015,8.7,10.9,17.6,32.1,83.9,225.8,34.3,20.4,3.0,1644.4
BGR-2016,8.6,11.1,17.1,32.3,84.2,253.8,49.8,23.8,3.1,1643.5
BGR-2017,8.9,10.9,17.0,33.4,83.6,261.9,54.2,20.4,3.2,1643.3
BGR-2018,8.3,11.5,16.1,35.0,86.0,255.6,51.3,20.4,4.1,1644.6
BGR-2019,7.4,11.2,38.0,34.6,85.6,250.0,52.8,22.4,3.7,1645.2
BRA-1990,4.8,5.3,35.7,35.3,84.0,32.0,51.6,20.4,3.7,1761.3
BRA-1991,5.1,5.5,33.9,35.5,85.3,31.3,49.9,18.7,3.7,1761.3
BRA-1992,4.9,5.3,33.1,9.6,85.7,30.9,50.1,20.4,3.7,1761.3
BRA-1993,4.9,4.9,32.0,10.8,85.1,31.0,51.2,17.3,3.7,1761.3
BRA-1994,5.1,5.2,30.4,10.9,85.0,31.5,50.2,20.4,1.2,1761.3
BRA-1995,5.5,5.9,29.4,28.9,83.4,30.9,48.5,18.2,1.3,1854.0
BRA-1996,5.6,6.0,28.8,11.6,84.0,31.1,47.0,17.5,1.3,1845.6
BRA-1997,5.5,5.9,31.2,13.0,82.6,30.4,41.5,16.2,1.3,1855.7
BRA-1998,5.5,5.7,33.0,13.7,83.2,30.3,39.2,16.3,1.5,1874.2
BRA-1999,4.9,5.9,29.0,14.3,84.0,29.7,33.9,15.7,2.7,1870.3
BRA-2000,5.1,7.3,28.0,14.8,84.4,238.0,41.5,16.1,2.8,1861.5
BRA-2001,5.5,7.2,25.0,16.9,82.6,32.0,40.5,14.9,2.7,1860.8
BRA-2002,5.3,7.0,23.7,17.1,83.2,31.3,39.2,14.0,2.7,1849.9
BRA-2003,5.2,6.8,23.1,18.4,84.0,30.9,38.0,13.1,2.7,1856.1
BRA-2004,5.3,6.7,30.8,18.7,84.4,31.0,35.7,12.5,2.7,1852.2
BRA-2005,5.6,6.8,48.5,28.9,83.3,31.5,33.9,12.0,2.5,1828.7
BRA-2006,5.4,6.9,58.9,28.9,82.4,30.9,33.1,11.3,2.6,1818.0
BRA-2007,5.5,6.9,63.2,9.6,82.1,31.1,32.0,10.3,2.9,1806.5
BRA-2008,5.6,6.8,61.2,10.8,81.5,30.4,30.4,24.1,3.2,1811.4
BRA-2009,5.6,7.0,59.3,10.9,82.1,30.3,29.4,14.3,3.0,1802.4
BRA-2010,5.6,7.2,29.8,28.9,84.0,29.7,29.5,14.1,3.1,1803.1
BRA-2011,5.7,7.1,56.7,11.6,85.3,238.0,28.7,13.4,3.2,1799.1
BRA-2012,5.9,7.1,55.0,13.0,85.7,251.1,28.4,12.1,4.1,1766.7
BRA-2013,5.9,6.9,53.6,13.7,85.1,259.9,27.2,11.3,4.3,1777.6
BRA-2014,5.8,6.9,52.6,14.3,85.0,276.3,26.4,10.8,4.3,1773.9
BRA-2015,6.1,6.6,51.1,14.8,83.4,263.6,25.3,10.4,4.4,1770.8
BRA-2016,6.1,6.4,48.8,16.9,84.0,265.8,34.3,10.2,4.6,1766.0
BRA-2017,6.5,6.3,48.0,17.1,82.6,276.0,29.5,10.1,4.8,1755.1
BRA-2018,6.5,6.2,46.3,18.4,83.2,287.8,28.7,9.3,5.1,1751.3
BRA-2019,6.7,6.1,45.1,18.7,84.0,300.2,28.4,9.8,4.9,1761.3
CAN-1990,12.9,8.5,31.0,28.0,84.4,155.1,34.3,28.2,5.0,1797.0
CAN-1991,13.4,8.2,30.0,28.3,83.3,164.0,34.3,25.9,5.2,1775.0
CAN-1992,13.3,7.8,28.7,29.0,82.4,175.0,34.3,20.4,5.4,1772.0
CAN-1993,13.4,7.5,26.7,30.4,82.1,187.7,34.3,20.4,5.3,1769.0
CAN-1994,13.1,7.4,26.2,33.5,81.5,196.9,48.6,25.5,5.4,1778.0
CAN-1995,13.5,7.4,24.9,34.5,82.1,202.7,34.3,20.4,5.5,1775.0
CAN-1996,13.4,7.4,23.6,35.6,81.3,206.9,48.0,24.5,5.5,1790.0
CAN-1997,12.4,7.2,22.2,37.4,81.7,221.8,34.3,20.4,5.3,1798.0
CAN-1998,12.3,7.3,21.3,38.3,82.3,229.0,50.6,23.8,5.1,1794.0
CAN-1999,13.3,7.5,20.4,39.4,82.4,240.6,34.3,20.4,4.9,1793.0
CAN-2000,11.6,7.6,19.3,40.1,82.6,256.1,34.3,20.4,5.0,1787.0
CAN-2001,11.8,7.6,18.0,41.9,81.9,276.0,48.2,22.4,5.2,1774.0
CAN-2002,11.6,7.7,17.3,42.9,81.9,293.7,34.3,20.4,5.4,1755.0
CAN-2003,11.8,7.7,16.3,44.1,82.1,302.8,49.4,18.7,5.3,1745.0
CAN-2004,11.2,7.8,15.7,44.5,82.2,324.4,56.8,20.4,5.4,1755.0
CAN-2005,11.3,8.0,14.8,46.0,82.1,341.7,57.7,17.3,5.5,1745.0
CAN-2006,11.0,8.2,14.5,46.9,82.5,366.4,34.3,20.4,5.5,1744.0
CAN-2007,10.7,8.4,13.5,48.2,82.8,387.1,49.1,18.2,5.3,1744.0
CAN-2008,10.9,8.4,13.0,48.7,82.4,399.2,60.0,17.5,4.6,1741.0
CAN-2009,11.2,8.4,12.5,49.3,81.6,403.2,50.0,16.2,5.0,1712.0
CAN-2010,11.3,8.4,11.7,50.3,81.3,427.7,50.6,16.3,5.3,1715.0
CAN-2011,10.9,8.2,11.4,51.0,81.5,430.5,60.4,15.7,5.2,1713.0
CAN-2012,11.0,8.3,11.0,52.3,81.5,437.7,50.9,16.1,5.4,1722.0
CAN-2013,11.2,8.2,10.5,53.0,81.9,442.7,62.0,14.9,5.5,1716.0
CAN-2014,11.7,8.0,10.0,53.6,81.6,455.5,52.5,14.0,5.7,1710.0
CAN-2015,12.0,8.0,9.6,55.2,81.8,464.2,64.2,13.1,6.2,1712.0
CAN-2016,10.7,8.1,9.4,56.3,81.8,521.0,53.1,12.5,6.2,1706.0
CAN-2017,11.1,8.2,8.9,56.7,82.4,530.8,22.9,12.0,7.1,1695.0
CAN-2018,10.1,8.2,8.4,57.9,82.7,544.4,23.6,11.3,7.1,1708.0
CAN-2019,10.5,8.0,8.1,59.4,83.1,534.0,24.2,10.3,3.7,1690.0
CHE-1990,22.4,12.9,29.8,28.9,84.0,212.2,25.4,20.4,3.5,1761.3
CHE-1991,23.2,12.9,19.3,20.3,90.5,212.2,25.4,20.4,3.7,1718.1
CHE-1992,21.2,12.3,19.2,21.0,89.8,212.2,26.9,28.1,4.1,1725.4
CHE-1993,20.8,12.1,29.8,28.9,84.0,212.2,28.1,12.4,4.3,1720.4
CHE-1994,21.9,11.8,17.8,21.4,88.3,212.2,28.8,11.5,4.6,1739.7
CHE-1995,20.7,11.4,17.8,21.1,90.2,404.5,29.9,11.2,7.7,1720.3
CHE-1996,20.7,11.3,29.8,28.9,84.0,417.4,31.3,11.2,8.3,1696.9
CHE-1997,19.2,11.2,16.4,22.2,89.1,426.8,33.7,12.3,8.5,1687.5
CHE-1998,19.6,11.1,16.3,22.9,90.3,440.7,35.0,14.3,8.8,1695.5
CHE-1999,18.3,11.1,16.1,23.6,90.7,450.8,33.9,16.8,9.0,1717.4
CHE-2000,19.2,11.2,16.1,24.2,90.4,479.6,34.0,20.4,9.2,1712.7
CHE-2001,18.6,11.1,15.1,25.4,91.3,496.2,35.3,13.4,9.5,1672.8
CHE-2002,19.7,10.8,15.1,25.4,90.6,520.3,37.4,12.1,9.8,1651.3
CHE-2003,17.2,10.8,15.4,26.9,89.7,514.9,39.2,11.3,10.1,1664.5
CHE-2004,17.2,10.7,15.0,28.1,89.7,540.3,38.0,10.8,10.4,1695.0
CHE-2005,17.2,10.1,14.8,28.8,90.0,519.2,35.7,10.4,10.4,1690.0
CHE-2006,17.1,10.2,14.6,29.9,90.2,543.6,33.9,10.2,10.1,1679.2
CHE-2007,17.5,10.4,14.0,31.3,90.0,589.4,33.1,10.1,9.9,1668.9
CHE-2008,16.7,10.2,13.2,33.7,90.5,609.0,32.0,9.3,9.9,1659.5
CHE-2009,13.8,10.1,13.1,35.0,89.6,619.0,30.4,9.8,10.5,1650.8
CHE-2010,12.3,10.0,15.0,33.9,87.3,618.9,29.4,28.2,10.4,1611.2
CHE-2011,12.5,10.0,15.2,34.0,87.9,629.9,29.5,25.9,10.5,1608.3
CHE-2012,12.4,9.9,14.3,35.3,88.6,640.0,28.7,20.4,10.6,1592.6
CHE-2013,12.6,9.8,13.6,37.4,88.1,664.5,28.4,20.4,10.9,1572.7
CHE-2014,11.9,9.5,12.8,38.4,88.0,708.7,27.2,25.5,11.0,1564.5
CHE-2015,12.3,9.5,12.7,39.8,88.2,740.3,26.4,20.4,11.4,1576.6
CHE-2016,11.5,9.3,12.6,41.2,88.5,796.5,25.3,24.5,11.7,1577.0
CHE-2017,11.6,9.2,12.2,42.6,88.3,793.9,41.8,20.4,11.8,1559.1
CHE-2018,11.1,9.1,11.6,43.7,88.7,804.8,34.3,23.8,11.7,1551.4
CHE-2019,11.1,9.3,11.0,44.4,89.4,781.5,34.3,20.4,3.7,1549.4
CHL-1990,7.2,8.6,15.0,23.6,84.0,450.8,22.9,20.4,0.5,2422.0
CHL-1991,7.3,8.0,14.8,24.2,89.1,479.6,23.6,22.4,0.7,2419.0
CHL-1992,6.0,7.8,14.6,25.4,90.3,496.2,24.2,20.4,0.8,2415.0
CHL-1993,6.9,7.7,14.0,25.4,90.7,520.3,25.4,18.7,0.9,2389.0
CHL-1994,7.1,7.7,13.2,26.9,90.4,514.9,25.4,20.4,1.1,2364.0
CHL-1995,8.1,8.3,13.1,28.1,91.3,540.3,26.9,17.3,1.2,2338.0
CHL-1996,7.6,7.4,15.0,28.8,90.6,519.2,28.1,20.4,1.3,2313.0
CHL-1997,7.4,6.6,15.2,29.9,89.7,543.6,28.8,18.2,1.3,2256.0
CHL-1998,8.3,7.3,14.3,31.3,89.7,589.4,29.9,17.5,1.3,2299.0
CHL-1999,8.3,7.6,13.6,33.7,90.0,609.0,31.3,16.2,1.5,2277.0
CHL-2000,11.3,6.2,24.9,35.0,90.2,619.0,33.7,16.3,2.7,2263.0
CHL-2001,11.9,6.2,23.6,33.9,90.0,618.9,35.0,15.7,2.8,2242.0
CHL-2002,11.6,5.5,22.2,34.0,90.5,629.9,33.9,16.1,2.7,2250.0
CHL-2003,11.9,6.5,21.3,35.3,89.6,640.0,34.0,14.9,2.7,2235.0
CHL-2004,11.9,6.8,20.4,37.4,87.3,664.5,35.3,14.0,2.7,2232.0
CHL-2005,11.4,7.2,19.3,38.4,87.9,708.7,37.4,13.1,2.7,2157.0
CHL-2006,11.9,6.9,18.0,39.8,88.6,163.0,47.4,12.5,2.5,2165.0
CHL-2007,11.9,7.4,17.3,41.2,88.1,175.1,34.3,12.0,2.6,2128.0
CHL-2008,13.2,7.4,16.3,42.6,88.0,179.6,34.3,11.3,2.9,2095.0
CHL-2009,13.4,7.2,15.7,43.7,88.2,193.7,64.5,10.3,3.2,2074.0
CHL-2010,12.3,7.6,14.8,28.9,88.5,185.9,34.3,24.1,3.0,2069.8
CHL-2011,12.5,7.1,14.5,17.8,84.3,197.6,33.9,20.4,3.1,2050.2
CHL-2012,11.2,8.3,18.0,28.9,84.0,212.3,34.0,20.4,3.2,2027.4
CHL-2013,10.5,7.2,38.6,21.1,84.0,239.2,35.3,20.4,3.3,2021.3
CHL-2014,10.6,7.9,41.0,28.9,84.0,254.9,37.4,20.4,3.4,1994.4
CHL-2015,10.9,7.9,35.1,22.5,84.4,267.0,38.4,20.4,3.5,1993.7
CHL-2016,10.6,6.4,38.0,28.9,84.0,283.6,39.8,24.5,3.5,1977.5
CHL-2017,10.5,5.7,32.6,25.2,84.5,296.1,41.2,12.4,3.7,1963.1
CHL-2018,10.0,6.3,29.0,28.9,84.0,316.2,42.6,11.5,3.7,1955.5
COL-1990,3.6,7.0,25.8,21.6,83.0,119.4,43.7,11.2,3.7,1761.3
COL-1991,3.7,7.3,23.4,22.2,82.0,129.6,34.3,11.2,3.7,1761.3
COL-1992,4.1,6.2,29.1,22.5,81.4,136.8,17.8,12.3,3.7,1669.5
COL-1993,4.2,6.7,32.0,23.4,77.7,143.9,34.3,14.3,1.2,1640.3
COL-1994,4.5,6.8,15.0,23.8,79.3,163.0,21.1,16.8,1.3,1651.9
COL-1995,4.2,7.0,14.8,11.9,78.4,175.1,14.8,20.4,1.3,1651.3
COL-1996,4.3,6.7,14.6,10.8,80.0,179.6,14.6,13.4,1.3,1640.5
COL-1997,4.1,6.5,14.0,12.2,78.0,193.7,14.0,12.1,1.5,1663.7
COL-1998,6.9,6.6,13.2,13.0,78.2,185.9,13.2,11.3,2.7,1658.6
COL-1999,6.5,6.3,13.1,13.5,80.6,197.6,13.1,10.8,2.8,1654.1
COL-2000,6.8,4.5,15.0,14.5,82.1,212.3,15.0,10.4,2.7,1654.5
COL-2001,6.8,4.3,15.2,13.4,81.0,239.2,15.2,10.2,2.7,1693.6
COL-2002,6.3,4.3,14.3,14.8,81.6,254.9,14.3,10.1,2.7,1646.3
COL-2003,6.1,4.1,13.6,17.3,82.2,267.0,13.6,9.3,2.7,1644.8
COL-2004,6.3,4.1,24.9,17.0,83.6,283.6,24.9,9.8,2.5,1643.6
COL-2005,5.8,4.3,23.6,16.4,84.7,13.7,23.6,28.2,2.6,1644.4
COL-2006,5.7,4.4,22.2,17.8,83.8,13.6,22.2,25.9,2.9,1645.0
COL-2007,5.5,4.5,21.3,37.4,84.0,14.3,21.3,20.4,3.2,1644.1
COL-2008,5.5,4.4,20.4,38.4,83.2,15.1,20.4,20.4,3.0,1761.3
COL-2009,5.5,4.2,19.3,39.8,84.3,13.7,19.3,25.5,3.1,1761.3
COL-2010,5.0,4.2,18.0,41.2,83.6,13.5,18.0,20.4,3.2,1761.3
COL-2011,4.8,4.3,17.3,42.6,81.2,72.0,17.3,24.5,1.6,1761.3
COL-2012,4.9,4.4,16.3,43.7,82.2,82.3,16.3,20.4,1.7,1761.3
COL-2013,4.7,4.3,15.7,28.9,82.0,84.0,15.7,23.8,2.0,1761.3
COL-2014,4.9,4.2,14.8,22.4,84.4,86.9,42.6,20.4,2.1,1761.3
COL-2015,5.3,4.2,14.5,21.6,83.8,90.2,43.7,20.4,2.2,2325.3
COL-2016,5.4,4.5,47.5,22.2,82.5,96.4,10.6,22.4,2.3,2315.4
COL-2017,5.7,4.2,46.2,22.5,83.0,97.2,10.4,20.4,2.4,2284.5
COL-2018,6.0,4.2,44.8,23.4,82.0,98.5,10.8,18.7,2.5,2283.3
COL-2019,5.9,4.1,43.3,23.8,81.4,105.4,11.0,20.4,3.7,2272.2
CRI-1990,7.6,6.1,74.9,11.9,77.7,11.4,11.1,17.3,3.7,2358.0
CRI-1991,6.6,6.1,76.0,10.8,79.3,10.7,11.9,20.4,0.0,2272.0
CRI-1992,7.1,5.6,73.7,12.2,78.4,12.7,12.0,18.2,0.0,2359.0
CRI-1993,7.5,5.6,72.0,13.0,80.0,13.7,12.3,17.5,0.0,2346.0
CRI-1994,6.9,6.1,71.3,13.5,78.0,13.6,13.1,16.2,0.0,2370.0
CRI-1995,7.4,5.9,70.2,14.5,78.2,14.3,13.5,16.3,3.7,2345.0
CRI-1996,7.0,5.6,70.9,13.4,80.6,15.1,13.7,15.7,3.7,2387.0
CRI-1997,6.3,5.6,69.6,14.8,82.1,13.7,14.5,16.1,1.8,2365.0
CRI-1998,7.1,5.6,68.2,17.3,81.0,13.5,15.5,14.9,1.8,2356.0
CRI-1999,7.1,5.4,67.8,17.0,81.6,72.0,16.8,14.0,1.8,2370.0
CRI-2000,7.5,4.2,69.6,16.4,82.2,18.1,18.2,13.1,1.8,2362.0
CRI-2001,6.7,4.3,68.3,17.8,83.6,17.9,19.3,12.5,1.9,2329.0
CRI-2002,8.2,4.2,67.2,18.4,84.7,17.3,20.5,12.0,0.0,2357.0
CRI-2003,9.0,4.1,65.9,19.2,83.8,17.5,15.2,11.3,0.1,2350.0
CRI-2004,8.9,4.1,65.9,19.8,81.8,17.7,14.3,10.3,0.1,2369.0
CRI-2005,7.3,4.1,64.9,20.8,84.5,18.7,13.6,24.1,0.1,2352.0
CRI-2006,8.7,4.2,64.3,21.0,83.8,17.7,24.9,15.8,0.1,2360.0
CRI-2007,6.4,4.3,63.0,21.8,84.0,17.7,23.6,15.5,0.1,2387.0
CRI-2008,6.4,4.3,61.9,22.3,83.2,16.9,22.2,15.1,0.6,2392.0
CRI-2009,6.6,4.1,61.1,23.4,84.3,15.2,21.3,14.8,0.6,2348.0
CRI-2010,7.2,3.7,63.1,21.0,83.6,14.5,20.4,14.4,0.9,2243.1
CRI-2011,7.2,3.3,62.6,21.6,81.2,115.7,19.3,13.7,0.9,2285.3
CRI-2012,6.8,3.2,60.9,23.2,82.2,114.5,18.0,13.0,1.1,2233.4
CRI-2013,7.1,3.1,59.7,23.3,82.0,112.6,17.3,12.3,1.1,2140.6
CRI-2014,5.9,3.2,59.5,23.5,82.3,128.0,16.3,11.7,1.6,2121.7
CRI-2015,6.7,3.2,60.6,23.1,81.2,124.9,15.7,11.0,1.6,2148.2
CRI-2016,7.0,3.4,60.1,23.0,80.6,126.2,10.6,10.5,0.3,2204.7
CRI-2017,5.7,3.3,60.5,23.0,80.8,129.5,10.4,10.0,0.5,2178.9
CRI-2018,7.9,3.3,60.8,22.6,80.9,142.8,10.8,9.5,0.5,2121.0
CRI-2019,7.8,3.1,57.3,25.1,82.2,144.5,11.0,8.9,3.7,2059.6
CRI-2020,7.0,3.2,57.3,25.1,76.8,139.2,11.1,8.4,3.7,1913.2
CZE-1990,22.3,11.3,29.8,23.0,84.0,5.8,11.9,20.4,14.0,1761.3
CZE-1991,20.8,11.5,29.8,23.0,84.0,6.8,12.0,20.4,15.1,1761.3
CZE-1992,21.4,11.8,29.8,22.6,84.0,9.9,12.3,20.4,15.3,1761.3
CZE-1993,20.6,11.5,29.8,25.1,84.0,15.1,13.1,26.1,15.6,1857.0
CZE-1994,19.8,11.6,17.3,10.1,90.7,19.4,13.5,20.4,15.7,1839.0
CZE-1995,18.2,11.5,16.6,10.6,91.9,31.3,13.7,20.4,0.1,1831.7
CZE-1996,16.3,11.6,29.8,28.9,84.0,33.2,14.5,26.2,0.1,1829.4
CZE-1997,17.0,11.9,15.0,10.6,89.3,34.5,15.5,20.4,0.1,1837.9
CZE-1998,16.4,11.8,14.7,10.4,88.7,34.8,16.8,20.4,0.2,1860.9
CZE-1999,16.4,11.9,14.0,10.8,87.4,35.2,18.2,23.5,0.3,1890.6
CZE-2000,16.5,11.8,14.1,11.0,86.8,38.5,19.3,20.4,0.3,1900.3
CZE-2001,16.1,11.8,13.8,11.1,87.8,44.9,20.5,20.4,0.3,1823.3
CZE-2002,15.3,11.9,12.1,11.9,87.1,45.8,14.0,24.1,0.3,1812.2
CZE-2003,17.1,12.1,13.6,12.0,86.5,53.1,13.2,27.2,0.3,1799.0
CZE-2004,15.4,11.5,10.9,12.3,86.4,58.7,13.1,25.4,0.3,1813.7
CZE-2005,15.2,12.0,10.1,13.1,85.8,71.5,15.0,24.3,0.5,1802.9
CZE-2006,13.4,11.9,9.7,13.5,85.1,76.0,15.2,23.4,0.5,1789.2
CZE-2007,13.1,12.1,9.5,13.7,85.2,90.1,14.3,24.0,0.5,1775.0
CZE-2008,13.0,12.1,9.1,14.5,85.1,115.1,13.6,21.8,0.6,1789.6
CZE-2009,13.6,12.1,8.6,15.5,84.3,120.2,24.9,23.8,0.8,1778.8
CZE-2010,13.9,11.4,8.1,16.8,83.3,117.2,23.6,22.8,0.8,1799.1
CZE-2011,14.7,11.5,7.7,18.2,83.1,115.4,22.2,21.7,0.8,1805.5
CZE-2012,15.2,11.6,7.5,19.3,83.6,119.1,21.3,22.9,1.0,1776.4
CZE-2013,14.5,11.5,7.2,20.5,84.9,139.6,20.4,22.2,0.7,1764.3
CZE-2014,13.7,11.9,6.8,21.5,84.5,154.2,19.3,22.3,0.8,1773.8
CZE-2015,12.6,11.5,6.8,22.2,84.8,155.8,18.0,18.2,0.8,1751.5
CZE-2016,12.0,11.7,6.6,23.0,85.6,166.9,17.3,19.6,0.8,1774.0
CZE-2017,12.8,11.6,6.2,23.9,86.0,160.1,16.3,18.4,0.9,1776.4
CZE-2018,12.3,11.8,6.1,24.3,87.3,163.1,15.7,21.1,18.8,1784.7
CZE-2019,10.7,11.9,6.2,24.2,86.6,169.1,58.4,18.1,19.2,1786.0
CZE-2020,10.9,11.6,5.9,24.9,85.6,160.8,34.3,16.6,3.7,1703.6
DEU-1990,17.7,14.9,29.8,28.9,84.0,150.0,34.3,20.4,3.5,1761.3
DEU-1991,17.7,13.9,18.2,21.8,85.0,212.2,34.3,12.4,3.1,1554.1
DEU-1992,16.8,13.8,18.1,21.4,84.7,144.8,34.3,11.5,3.1,1565.1
DEU-1993,15.8,13.5,29.8,28.9,84.0,150.5,23.2,11.2,3.1,1540.2
DEU-1994,15.7,13.4,16.0,22.1,83.4,158.5,23.4,11.2,3.0,1536.6
DEU-1995,15.8,13.4,16.3,22.6,84.2,162.3,24.0,12.3,3.2,1530.6
DEU-1996,14.9,13.1,29.8,28.9,84.0,165.5,24.9,14.3,3.0,1516.8
DEU-1997,14.8,13.0,16.8,22.6,82.3,177.8,24.6,16.8,2.8,1507.7
DEU-1998,14.1,12.7,16.2,23.0,82.2,187.8,23.9,20.4,2.8,1504.5
DEU-1999,13.4,12.8,18.8,22.9,83.0,199.6,24.3,13.4,3.0,1491.5
DEU-2000,13.2,12.9,18.3,23.5,83.4,219.4,25.4,12.1,3.1,1465.9
DEU-2001,13.2,12.5,17.4,23.2,83.4,228.2,26.4,11.3,3.1,1458.2
DEU-2002,13.1,12.3,17.0,23.4,83.6,250.0,26.6,10.8,3.1,1448.9
DEU-2003,13.0,11.9,16.6,24.0,83.0,262.4,27.6,10.4,3.1,1443.4
DEU-2004,12.4,11.8,16.1,24.9,82.7,285.4,34.3,10.2,3.1,1442.6
DEU-2005,11.8,11.7,16.9,24.6,82.9,291.0,49.6,10.1,2.9,1432.4
DEU-2006,11.1,11.8,16.8,23.9,84.3,307.3,34.6,9.3,2.8,1453.2
DEU-2007,10.6,11.5,15.6,24.3,85.5,322.8,35.2,9.8,2.9,1454.1
DEU-2008,10.6,11.4,14.7,25.4,85.8,338.1,35.7,28.2,3.2,1447.3
DEU-2009,10.7,11.2,14.5,26.4,86.4,237.2,36.6,25.9,3.5,1405.0
DEU-2010,11.2,11.6,14.2,26.6,86.9,253.3,37.8,20.4,3.4,1425.7
DEU-2011,11.2,11.3,13.7,27.6,87.9,263.3,38.9,20.4,3.4,1426.9
DEU-2012,10.8,11.3,13.7,28.1,87.9,275.6,60.0,25.5,3.6,1408.0
DEU-2013,11.2,11.1,13.7,28.5,87.8,272.8,52.4,20.4,3.7,1396.5
DEU-2014,11.2,11.1,13.1,27.1,88.1,277.1,50.7,24.5,3.6,1400.4
DEU-2015,10.9,11.1,13.2,27.6,88.1,285.2,34.3,20.4,3.6,1401.0
DEU-2016,10.6,11.0,13.5,28.3,88.3,301.8,34.3,23.8,3.6,1395.6
DEU-2017,9.9,10.9,13.5,28.6,88.6,316.9,52.7,20.4,3.6,1389.1
DEU-2018,10.0,10.9,13.3,29.1,88.9,338.3,34.3,20.4,25.3,1384.7
DEU-2019,9.6,10.6,13.3,29.9,89.3,347.4,52.1,22.4,25.9,1381.5
DEU-2020,9.7,9.3,13.9,31.3,88.7,350.4,34.3,20.4,3.7,1324.2
DNK-1990,25.0,12.3,29.8,28.9,84.0,91.0,10.6,18.7,4.7,1440.5
DNK-1991,23.2,12.2,38.5,18.3,89.3,89.1,10.4,20.4,4.9,1437.3
DNK-1992,22.8,12.5,41.1,19.2,88.8,95.0,10.8,17.3,5.2,1452.4
DNK-1993,23.0,12.3,29.8,28.9,84.0,103.7,11.0,20.4,5.7,1448.9
DNK-1994,19.6,12.5,40.0,19.6,88.5,110.6,11.1,18.2,5.6,1406.7
DNK-1995,18.1,12.7,34.5,21.6,88.6,109.2,11.9,17.5,5.1,1419.1
DNK-1996,17.4,12.7,29.8,28.9,84.0,116.0,12.0,16.2,4.9,1412.3
DNK-1997,15.9,12.6,29.8,28.9,84.0,122.0,12.3,16.3,4.6,1428.1
DNK-1998,14.6,12.1,21.5,25.4,87.5,128.0,13.1,15.7,4.2,1441.1
DNK-1999,14.6,12.1,20.4,26.5,87.9,128.5,13.5,16.1,4.0,1456.5
DNK-2000,13.9,12.2,20.2,25.8,88.4,138.2,13.7,14.9,3.9,1465.9
DNK-2001,13.8,12.0,19.3,28.4,87.2,142.8,14.5,14.0,3.8,1468.7
DNK-2002,13.0,11.8,18.9,29.6,86.0,152.2,15.5,13.1,3.9,1462.6
DNK-2003,11.9,12.0,19.4,31.8,85.2,151.9,16.8,12.5,4.4,1457.8
DNK-2004,12.3,11.8,18.8,32.8,85.5,166.1,18.2,12.0,4.4,1458.1
DNK-2005,11.8,11.8,19.0,33.5,86.4,169.3,19.3,11.3,3.9,1451.4
DNK-2006,12.0,11.6,18.4,34.7,87.4,182.7,20.5,10.3,3.3,1455.7
DNK-2007,10.6,11.6,25.7,30.9,87.2,199.4,34.3,24.1,4.5,1432.8
DNK-2008,11.0,11.3,24.9,31.1,87.8,207.1,34.3,23.0,4.1,1430.1
DNK-2009,11.2,10.6,24.1,32.0,86.0,213.8,34.6,19.0,5.1,1417.0
DNK-2010,10.1,10.8,23.3,33.0,85.3,229.9,35.2,20.9,4.6,1422.3
DNK-2011,10.5,11.0,22.0,33.7,85.4,234.8,35.7,20.4,4.5,1437.0
DNK-2012,11.6,9.8,21.2,34.6,85.6,236.8,36.6,42.0,4.4,1423.3
DNK-2013,10.6,10.0,20.8,35.2,85.8,240.1,37.8,37.0,5.1,1425.6
DNK-2014,11.0,10.1,21.1,35.7,85.3,244.1,38.9,35.5,5.2,1413.8
DNK-2015,9.7,9.9,20.3,36.6,85.6,253.9,19.1,34.0,4.7,1407.1
DNK-2016,9.9,10.0,19.7,37.8,85.4,264.2,20.2,32.0,4.0,1412.0
DNK-2017,9.8,9.7,19.1,38.9,85.9,279.3,21.3,31.0,3.8,1404.2
DNK-2018,9.7,9.7,18.9,39.4,86.6,293.4,22.7,31.0,28.7,1381.3
ESP-1990,8.4,12.9,29.8,28.9,84.0,66.9,23.8,30.5,0.2,1762.9
ESP-1991,8.1,12.8,78.2,9.9,78.9,76.7,24.9,29.5,0.2,1772.0
ESP-1992,7.7,12.1,77.1,13.1,77.9,82.9,25.6,28.0,0.2,1763.9
ESP-1993,8.3,11.6,29.8,28.9,84.0,89.9,26.7,28.0,0.3,1755.8
ESP-1994,8.5,11.3,73.8,15.0,74.2,94.6,28.5,26.0,0.3,1754.8
ESP-1995,8.3,11.0,72.0,16.1,74.7,115.0,28.8,26.0,0.3,1754.8
ESP-1996,8.7,10.8,29.8,28.9,84.0,119.3,29.3,25.0,0.3,1749.7
ESP-1997,8.8,11.6,67.0,19.1,75.7,124.0,29.5,24.0,0.3,1749.7
ESP-1998,8.3,11.5,65.4,20.2,76.7,131.9,30.0,23.0,0.3,1753.8
ESP-1999,8.1,11.3,63.5,21.3,78.0,139.1,31.0,19.0,0.3,1753.8
ESP-2000,8.3,11.8,61.4,22.7,79.7,155.7,31.9,20.4,0.3,1752.8
ESP-2001,7.7,12.4,59.6,23.8,80.6,168.3,32.6,31.7,0.3,1762.1
ESP-2002,8.0,10.7,57.8,24.9,80.8,184.4,33.7,20.4,0.3,1763.6
ESP-2003,8.1,11.4,56.3,25.6,81.5,204.5,34.7,28.1,0.5,1754.6
ESP-2004,8.0,11.7,54.6,26.7,82.2,213.0,35.1,42.0,0.5,1739.9
ESP-2005,7.6,11.9,51.2,28.5,82.7,220.0,35.7,37.0,0.5,1723.7
ESP-2006,7.1,11.9,50.3,28.8,83.7,232.7,36.4,35.5,0.5,1713.7
ESP-2007,7.0,11.1,49.4,29.3,84.7,239.4,37.3,34.0,0.6,1701.3
ESP-2008,7.3,10.2,48.9,29.5,83.9,247.6,34.3,32.0,0.5,1710.1
ESP-2009,7.2,10.0,48.4,30.0,81.4,237.0,52.8,31.0,0.5,1715.8
ESP-2010,6.5,9.8,47.1,31.0,80.1,242.5,34.3,31.0,1.2,1705.8
ESP-2011,6.5,9.6,46.0,31.9,79.2,251.3,52.7,30.5,1.3,1710.7
ESP-2012,7.1,9.4,45.3,32.6,77.5,263.8,59.6,29.5,1.3,1696.7
ESP-2013,7.8,9.2,44.5,33.7,76.4,277.7,57.8,28.0,1.3,1689.8
ESP-2014,7.8,9.5,43.4,34.7,77.2,294.1,56.3,28.0,1.3,1690.6
ESP-2015,7.2,10.4,42.6,35.1,78.5,299.1,54.6,26.0,1.2,1694.2
ESP-2016,7.1,10.8,41.7,35.7,79.8,308.9,51.2,26.0,1.2,1701.5
ESP-2017,7.2,10.8,40.9,36.4,80.9,336.9,50.3,25.0,1.3,1692.4
ESP-2018,6.9,10.4,39.9,37.3,81.6,351.0,49.4,24.0,24.2,1697.6
ESP-2019,7.1,10.8,38.7,38.6,81.9,355.8,48.9,23.0,24.7,1682.9
ESP-2020,7.5,7.8,37.1,39.7,79.9,341.2,48.4,19.0,3.7,1569.7
EST-1990,30.3,9.8,50.3,31.9,79.2,213.0,47.1,27.5,1.8,1761.3
EST-1991,30.2,9.1,49.4,32.6,77.5,220.0,46.0,20.4,1.8,1761.3
EST-1992,35.3,7.8,48.9,33.7,76.4,232.7,45.3,30.9,1.8,1761.3
EST-1993,41.7,8.1,48.4,34.7,77.2,239.4,44.5,42.0,1.8,1761.3
EST-1994,44.5,8.2,47.1,35.1,78.5,247.6,43.4,37.0,1.9,1761.3
EST-1995,43.7,8.3,46.0,35.7,79.8,237.0,42.6,35.5,0.0,1761.3
EST-1996,41.9,8.0,45.3,36.4,80.9,242.5,41.7,34.0,0.1,1761.3
EST-1997,39.4,8.3,44.5,37.3,82.9,251.3,40.9,32.0,0.1,1761.3
EST-1998,36.0,8.0,16.5,29.8,81.7,263.8,39.9,31.0,0.1,1761.3
EST-1999,35.5,8.9,15.7,28.8,80.9,277.7,38.7,31.0,0.1,1761.3
EST-2000,27.5,9.0,14.8,28.7,79.5,294.1,41.9,30.5,0.1,1884.0
EST-2001,29.8,10.1,13.8,29.5,80.2,299.1,34.3,29.5,0.6,1877.0
EST-2002,27.3,12.0,13.2,29.4,81.8,57.0,42.6,28.0,0.6,1879.0
EST-2003,25.0,11.8,12.4,29.6,80.2,62.7,59.6,28.0,0.9,1884.0
EST-2004,24.0,11.5,11.7,30.7,82.1,76.9,57.8,26.0,0.9,1892.0
EST-2005,20.1,13.0,11.3,33.0,84.1,83.5,56.3,26.0,1.1,1913.0
EST-2006,17.8,13.4,11.7,33.1,87.6,85.1,54.6,25.0,1.1,1906.0
EST-2007,18.8,14.8,11.2,33.1,87.3,99.8,51.2,24.0,0.1,1903.0
EST-2008,17.7,14.2,11.7,34.2,85.8,107.2,50.3,23.0,0.1,1874.0
EST-2009,19.8,11.9,11.3,36.1,82.7,104.3,49.4,19.0,0.1,1745.0
EST-2010,16.2,11.4,10.9,35.4,79.6,116.0,48.9,26.2,0.1,1785.0
EST-2011,15.7,12.0,11.0,36.9,79.9,117.0,48.4,20.4,0.1,1827.0
EST-2012,17.2,12.1,10.1,37.6,82.3,126.0,47.1,26.0,0.1,1796.0
EST-2013,15.9,11.9,9.5,37.3,83.0,141.6,46.0,20.4,0.1,1777.0
EST-2014,17.7,11.1,11.9,37.5,84.0,161.6,45.3,22.1,0.1,1771.0
EST-2015,14.5,10.6,11.4,38.0,85.7,172.7,44.5,20.4,0.1,1763.0
EST-2016,13.3,10.2,11.1,38.8,84.9,186.2,43.4,21.3,0.1,1767.0
EST-2017,16.5,10.3,11.3,39.7,85.7,203.3,42.6,20.4,0.1,1768.0
EST-2018,14.0,10.0,10.8,41.1,85.1,216.8,41.7,17.2,17.5,1707.2
EST-2019,14.1,10.4,9.9,41.4,86.6,217.8,40.9,20.4,17.7,1694.4
EST-2020,15.2,10.5,9.3,42.2,85.2,216.0,39.9,17.9,3.7,1637.2
FIN-1990,30.6,9.5,10.9,33.1,79.6,91.3,38.7,25.9,1.2,1671.0
FIN-1991,30.2,9.2,11.0,33.1,79.9,95.8,38.4,27.0,1.2,1652.0
FIN-1992,28.9,8.9,10.1,34.2,82.3,101.3,40.8,26.0,1.1,1652.0
FIN-1993,27.8,8.4,9.5,36.1,83.0,109.6,39.1,23.9,1.6,1651.0
FIN-1994,27.4,8.2,11.9,35.4,84.0,111.4,41.7,22.7,1.5,1671.0
FIN-1995,27.3,8.3,11.4,36.9,85.7,139.4,44.1,24.0,1.5,1677.0
FIN-1996,24.3,8.2,11.1,37.6,84.9,146.9,42.4,22.4,1.5,1675.0
FIN-1997,25.8,8.6,11.3,37.3,85.7,150.9,42.4,24.1,1.4,1671.0
FIN-1998,23.9,8.6,10.8,37.5,85.1,152.1,43.4,25.1,1.4,1661.0
FIN-1999,23.4,8.6,29.8,38.0,86.6,164.7,42.5,23.2,1.3,1661.0
FIN-2000,22.4,8.6,26.8,38.8,84.4,171.1,63.6,23.4,1.3,1650.0
FIN-2001,23.1,9.0,29.8,39.7,84.0,177.0,44.1,23.8,1.3,1636.0
FIN-2002,21.0,9.2,29.8,28.9,84.0,191.5,45.3,23.4,1.3,1628.0
FIN-2003,20.4,9.3,24.0,33.2,85.0,195.0,45.0,22.2,1.4,1623.0
FIN-2004,20.3,9.9,22.4,34.2,84.2,206.8,45.3,23.0,1.3,1624.0
FIN-2005,18.6,10.0,21.2,34.6,84.1,213.1,49.2,21.8,1.3,1613.0
FIN-2006,19.9,10.1,20.4,35.1,85.0,216.7,47.7,21.4,1.3,1608.0
FIN-2007,18.5,10.5,19.5,36.4,85.2,236.8,48.9,20.6,1.2,1605.0
FIN-2008,19.3,10.3,18.9,36.6,85.6,252.8,48.8,20.4,1.4,1601.0
FIN-2009,19.1,10.0,18.0,37.3,84.4,254.1,49.3,18.6,1.6,1580.0
FIN-2010,17.6,9.7,17.0,38.1,84.1,270.1,49.7,19.0,1.4,1585.0
FIN-2011,16.6,9.8,16.3,39.3,84.3,276.7,65.0,17.8,1.5,1578.0
FIN-2012,15.9,9.3,15.2,39.7,84.4,283.3,58.0,17.0,1.5,1568.0
FIN-2013,16.1,9.1,14.1,40.5,83.8,297.2,49.9,15.8,1.5,1560.0
FIN-2014,14.3,8.8,13.5,41.8,83.5,297.9,52.1,15.4,1.5,1558.0
FIN-2016,14.1,8.4,12.1,43.6,83.3,333.9,56.0,15.0,1.5,1555.0
FIN-2017,14.8,8.4,11.9,44.3,84.9,339.9,67.6,13.0,1.3,1548.9
FIN-2018,14.4,8.4,10.9,45.2,86.7,341.0,55.0,14.0,0.1,1546.4
FIN-2019,13.4,8.2,9.7,45.9,86.4,331.4,57.0,13.0,29.1,1538.4
FRA-1990,21.5,15.4,29.8,28.9,84.0,125.5,29.7,31.0,2.0,1645.0
FRA-1991,21.4,15.4,49.5,15.1,84.8,135.4,29.8,31.0,2.0,1638.0
FRA-1992,21.4,15.4,46.0,16.0,83.9,141.3,30.9,29.0,2.1,1635.0
FRA-1993,22.2,14.7,29.8,28.9,84.0,150.0,31.5,29.0,2.1,1627.0
FRA-1994,21.6,14.6,42.2,17.8,81.8,158.7,30.5,28.0,2.2,1623.0
FRA-1995,21.0,14.5,40.9,18.6,82.0,154.0,33.4,29.0,2.3,1601.0
FRA-1996,19.9,14.5,29.8,28.9,84.0,159.6,35.2,24.0,2.4,1597.0
FRA-1997,19.5,14.3,40.5,20.0,81.3,163.6,33.4,28.0,2.3,1596.0
FRA-1998,18.6,14.5,39.3,20.6,81.6,170.4,34.4,28.0,2.3,1585.0
FRA-1999,18.0,14.4,38.1,21.5,81.8,178.5,34.3,28.0,2.3,1578.0
FRA-2000,18.8,13.9,37.8,21.6,83.2,196.9,36.2,30.0,2.7,1558.0
FRA-2001,18.0,14.1,36.1,23.0,83.7,209.8,34.3,20.4,2.7,1538.0
FRA-2002,18.1,13.9,35.2,24.0,83.3,226.4,37.5,28.0,2.8,1504.0
FRA-2003,18.3,13.4,34.8,23.9,83.3,224.0,34.3,26.0,2.8,1507.0
FRA-2004,18.0,13.1,34.2,24.4,82.9,232.0,34.7,27.0,2.8,1531.0
FRA-2005,17.7,12.9,33.2,25.4,83.0,239.8,34.3,27.0,3.0,1532.0
FRA-2006,17.0,13.1,32.6,26.2,83.0,269.9,49.0,27.0,3.3,1515.0
FRA-2007,16.3,12.9,31.5,26.6,83.4,283.3,34.3,27.0,3.2,1537.0
FRA-2008,16.5,12.5,30.4,27.2,84.6,300.9,39.2,26.0,3.2,1543.0
FRA-2009,16.7,12.6,29.7,28.6,83.5,312.5,34.3,26.0,3.4,1531.0
FRA-2010,16.3,12.3,29.2,29.0,83.6,328.9,42.9,25.0,3.4,1540.0
FRA-2011,16.2,12.4,28.4,29.8,83.9,341.8,34.3,26.0,3.5,1546.0
FRA-2012,15.1,12.2,27.5,30.9,84.4,351.6,44.4,25.0,3.5,1541.0
FRA-2013,14.8,11.6,25.2,32.1,84.4,280.2,34.3,25.0,3.6,1526.0
FRA-2014,13.5,12.0,22.7,33.5,83.8,281.4,46.1,25.0,3.6,1518.0
FRA-2015,13.6,11.9,22.5,34.1,83.9,278.8,49.0,23.0,3.6,1519.5
FRA-2016,12.7,11.7,21.9,34.6,85.0,287.4,34.3,22.0,3.6,1522.1
FRA-2017,12.3,11.7,21.6,35.2,85.2,289.5,46.4,22.5,3.6,1507.6
GBR-1990,8.3,9.8,35.7,29.8,83.6,46.5,34.3,20.7,4.7,1617.6
GBR-1991,8.1,9.4,34.9,30.9,83.9,51.8,49.0,18.1,5.6,1614.8
GBR-1992,8.2,9.3,33.8,32.1,84.4,55.9,50.0,20.4,6.2,1582.8
GBR-1993,7.8,9.3,33.2,33.5,84.4,57.3,52.9,20.4,6.3,1577.3
GBR-1994,7.6,9.6,29.1,34.1,83.8,63.1,53.1,20.4,6.3,1586.4
GBR-1995,7.5,9.3,29.8,34.6,83.9,63.7,54.5,20.4,5.8,1586.4
GBR-1996,7.2,9.8,29.8,35.2,84.0,67.7,56.2,16.4,5.8,1586.4
GBR-1997,7.1,10.0,40.9,22.6,87.2,134.5,56.9,20.4,6.2,1586.4
GBR-1998,7.5,9.8,39.9,23.8,87.1,138.5,57.7,27.0,6.1,1581.9
GBR-1999,7.6,10.3,38.4,24.9,87.7,143.1,57.9,20.4,6.2,1572.7
GBR-2001,7.1,10.8,37.2,26.1,88.2,162.3,61.6,27.0,6.6,1562.6
GBR-2002,7.0,11.1,35.7,26.8,87.6,165.8,60.6,26.0,6.0,1543.4
GBR-2003,6.7,11.3,34.9,28.0,87.8,187.1,60.5,26.0,6.0,1534.2
GBR-2004,7.0,11.6,33.8,29.3,87.7,188.7,61.8,25.0,5.8,1533.8
GBR-2005,6.7,11.4,33.2,29.7,88.0,180.1,60.5,24.0,5.9,1544.0
GBR-2006,6.8,11.0,29.1,34.2,87.5,192.9,61.6,22.0,5.9,1536.4
GBR-2007,6.4,11.1,27.8,35.5,87.4,194.9,60.8,21.0,5.2,1541.2
GBR-2008,7.0,10.8,28.4,35.2,85.0,210.5,61.4,21.0,5.5,1524.9
GBR-2009,6.9,10.1,26.3,37.0,84.5,222.4,61.3,21.0,5.9,1516.3
GBR-2010,6.7,10.1,24.9,38.2,84.2,231.5,62.8,20.0,6.3,1507.2
GBR-2011,7.0,9.9,23.2,39.4,83.2,235.5,61.7,20.0,6.3,1515.4
GBR-2012,7.0,9.6,21.9,41.0,84.1,246.9,61.9,20.0,6.4,1531.1
GBR-2013,7.6,9.4,20.8,41.9,84.8,253.9,62.1,19.0,6.3,1533.5
GBR-2014,7.5,9.4,20.8,42.2,84.6,259.4,61.7,19.0,6.1,1542.2
GBR-2015,7.6,9.5,20.4,44.2,85.4,264.4,62.9,17.8,6.1,1525.1
GBR-2016,7.4,9.5,19.3,45.8,85.1,269.1,61.4,16.1,5.8,1541.3
GBR-2017,7.1,9.7,18.8,45.7,85.5,283.6,64.3,16.8,6.4,1535.7
GBR-2018,8.1,9.8,20.7,45.8,86.1,296.8,63.3,16.6,20.3,1536.2
GBR-2019,8.6,9.7,19.9,47.2,86.6,309.3,64.2,15.8,20.6,1537.0
GBR-2020,8.4,9.7,18.3,49.4,86.3,293.4,34.3,14.5,3.7,1363.8
GRC-1990,3.6,10.3,66.0,10.5,82.6,134.5,61.6,20.4,2.0,1975.5
GRC-1991,3.9,10.2,64.4,11.0,81.3,137.7,60.6,12.4,1.8,2004.9
GRC-1992,3.6,10.0,63.5,12.2,80.2,146.9,60.5,11.5,1.8,2031.4
GRC-1993,4.1,10.7,61.0,13.0,80.0,164.0,61.8,11.2,1.8,2051.3
GRC-1994,3.5,10.4,58.7,13.9,80.3,202.3,60.5,11.2,1.8,2018.2
GRC-1995,3.6,10.1,57.5,14.3,80.3,204.2,61.6,12.3,1.8,2000.8
GRC-1996,3.4,9.7,55.8,15.1,80.5,205.2,60.8,14.3,1.8,1999.6
GRC-1997,3.5,9.5,54.5,15.6,80.2,214.7,61.4,16.8,1.8,1998.2
GRC-1998,3.8,9.0,52.2,16.9,80.5,223.6,61.3,20.4,1.8,1998.7
GRC-1999,3.5,9.5,52.2,17.3,80.7,225.7,62.8,13.4,1.9,1995.3
GRC-2000,3.5,8.6,50.7,17.7,80.9,195.2,61.7,12.1,0.0,1997.9
GRC-2001,3.0,8.8,49.8,18.1,80.3,221.9,61.9,11.3,0.1,1991.7
GRC-2002,2.9,8.2,48.2,18.8,81.2,271.4,62.1,10.8,0.1,1984.2
GRC-2003,3.3,8.9,46.5,19.3,81.6,288.6,61.7,10.4,0.1,1982.6
GRC-2004,3.1,9.1,43.4,21.3,81.4,304.7,62.9,10.2,0.1,1974.1
GRC-2005,3.5,9.2,42.3,21.5,81.8,300.6,61.4,10.1,0.1,2025.0
GRC-2006,3.4,8.7,40.8,22.4,83.1,308.6,57.7,9.3,0.6,2014.7
GRC-2007,2.8,8.9,39.9,22.9,82.6,309.7,34.3,9.8,0.6,2001.1
GRC-2008,3.1,8.7,38.7,23.5,82.7,320.6,58.3,28.2,0.9,1996.6
GRC-2009,3.3,8.3,38.5,23.7,82.2,300.3,55.8,25.9,0.9,1972.9
GRC-2010,3.2,8.3,37.3,24.7,79.8,281.4,34.3,20.4,1.1,1931.1
GRC-2011,4.0,7.5,35.4,26.1,74.8,272.7,34.3,20.4,1.1,1950.2
GRC-2012,4.3,7.6,34.2,26.7,71.1,253.6,62.9,25.5,1.1,1989.9
GRC-2013,4.6,7.6,32.8,27.4,69.1,271.6,61.4,20.4,1.2,1996.6
GRC-2014,4.9,7.1,31.7,28.1,68.5,290.6,57.7,24.5,1.1,1949.3
GRC-2015,4.6,6.7,29.8,29.1,68.7,297.2,34.3,20.4,1.1,1935.0
GRC-2016,4.1,6.7,28.3,30.2,70.4,302.6,58.3,23.8,1.0,1942.7
GRC-2017,4.5,6.7,27.3,31.0,71.8,308.7,55.8,20.4,1.0,1946.9
GRC-2018,4.9,6.5,26.6,31.7,74.1,328.3,34.3,20.4,24.1,1961.1
GRC-2019,4.6,6.3,26.0,31.9,76.0,314.2,57.2,22.4,24.0,1916.7
HRV-1990,27.0,9.3,57.5,12.2,84.0,205.2,50.7,20.4,3.7,1761.3
HRV-1991,25.2,9.3,55.8,13.0,80.7,214.7,49.8,18.7,1.8,1761.3
HRV-1992,26.1,9.3,54.5,13.9,80.9,223.6,48.2,20.4,1.8,1761.3
HRV-1993,24.8,9.3,52.2,14.3,80.3,225.7,46.5,17.3,1.8,1761.3
HRV-1994,25.1,9.3,52.2,15.1,81.2,195.2,43.4,20.4,1.8,1761.3
HRV-1995,21.3,9.3,50.7,15.6,81.6,221.9,42.3,18.2,1.9,1923.3
HRV-1996,24.9,9.3,49.8,16.9,81.4,271.4,40.8,17.5,0.0,1923.2
HRV-1997,23.3,9.3,48.2,17.3,81.8,288.6,39.9,16.2,0.1,1923.2
HRV-1998,25.7,9.3,46.5,17.7,83.1,304.7,37.2,16.3,0.1,1923.1
HRV-1999,24.2,9.3,43.4,18.1,82.6,300.6,35.7,15.7,0.1,1923.1
HRV-2000,24.0,14.1,42.3,18.8,82.7,308.6,34.9,16.1,0.1,1921.5
HRV-2001,19.9,14.6,40.8,19.3,82.2,309.7,33.8,14.9,0.1,1922.7
HRV-2002,20.2,14.8,39.9,21.3,79.8,320.6,33.2,14.0,0.6,1922.9
HRV-2003,19.5,13.8,37.2,21.5,74.8,300.3,29.1,13.1,0.6,1923.9
HRV-2004,19.7,13.1,35.7,22.4,71.1,212.2,27.8,12.5,0.9,1925.7
HRV-2005,19.3,11.6,34.9,22.9,69.1,54.7,28.4,12.0,0.9,1925.6
HRV-2006,17.6,11.8,33.8,23.5,84.0,60.9,26.3,11.3,1.1,1927.7
HRV-2007,17.1,12.3,33.2,23.7,82.1,66.6,24.9,10.3,1.1,1929.7
HRV-2008,17.6,12.3,29.1,24.7,82.4,83.7,48.2,24.1,0.4,1931.2
HRV-2009,17.3,12.1,27.8,26.1,82.6,82.3,46.5,20.7,0.4,1928.0
HRV-2010,16.9,10.7,28.4,26.7,82.0,81.0,43.4,18.1,0.4,1941.8
HRV-2011,15.1,11.0,26.3,27.4,82.7,109.1,42.3,20.4,0.4,1939.2
HRV-2012,17.0,10.6,24.9,28.1,82.9,104.0,40.8,20.4,0.4,1923.0
HRV-2013,15.3,10.4,48.2,29.1,83.0,74.8,39.9,42.0,0.4,1908.5
HRV-2014,15.9,9.5,46.5,27.4,81.8,88.2,34.3,37.0,0.4,1890.6
HRV-2015,16.3,9.6,43.4,28.1,80.4,94.3,17.7,35.5,0.4,1826.6
HRV-2016,15.1,10.0,42.3,29.1,79.9,103.8,18.1,34.0,0.3,1834.4
HRV-2017,14.0,9.7,40.8,30.2,78.8,108.8,18.8,32.0,0.3,1823.6
HRV-2019,13.0,9.6,39.9,31.0,78.6,124.5,19.3,31.0,0.3,1837.8
HUN-1990,43.9,13.9,37.2,31.7,79.3,212.2,21.3,31.0,0.3,2082.0
HUN-1991,42.1,13.3,35.7,31.9,79.7,27.5,21.5,30.5,0.3,2048.0
HUN-1992,41.8,13.0,34.9,12.2,80.1,32.0,22.4,29.5,18.1,2002.0
HUN-1993,38.6,13.1,33.8,14.0,81.8,34.2,22.9,28.0,1.4,2002.0
HUN-1994,37.9,12.9,33.2,14.0,83.0,38.3,23.5,28.0,3.7,2142.0
HUN-1995,35.0,12.2,29.8,14.2,85.0,45.3,23.7,26.0,3.7,1948.0
HUN-1996,35.5,12.5,29.8,28.9,85.1,51.4,24.7,26.0,3.7,1946.0
HUN-1997,33.4,12.3,37.0,12.2,85.8,53.5,26.1,25.0,3.7,1954.3
HUN-1998,33.1,12.2,36.7,13.2,81.0,76.2,26.7,24.0,3.7,1945.1
HUN-1999,35.0,12.2,32.7,13.5,82.1,89.1,27.4,23.0,0.2,1952.4
HUN-2000,34.1,12.0,30.8,14.0,82.4,102.6,28.1,19.0,0.2,1932.4
HUN-2001,30.1,13.2,30.0,14.0,82.6,117.0,29.1,20.4,0.2,1897.8
HUN-2002,28.6,13.3,28.6,14.2,82.0,129.3,27.4,20.4,0.2,1883.6
HUN-2003,28.1,13.2,25.9,15.4,82.7,144.6,28.1,30.4,0.3,1856.3
HUN-2004,27.3,13.2,24.6,16.7,82.9,147.0,29.1,20.4,0.3,1858.6
HUN-2005,26.1,13.0,23.6,17.1,83.0,153.5,30.2,20.4,0.3,1834.1
HUN-2006,24.3,13.2,21.9,17.7,81.8,157.9,34.3,42.0,0.4,1813.9
HUN-2007,24.2,12.6,20.8,18.0,80.4,159.5,34.3,37.0,0.4,1787.8
HUN-2008,24.3,11.8,20.3,19.2,79.9,166.0,40.0,35.5,0.4,1791.2
HUN-2009,24.1,11.5,19.4,19.9,78.8,169.0,38.3,34.0,0.4,1758.2
HUN-2010,24.3,10.8,18.7,20.1,78.6,194.6,37.2,32.0,0.4,1766.4
HUN-2011,23.6,11.4,18.2,21.1,79.3,208.1,35.5,31.0,0.4,1753.7
HUN-2012,22.8,11.1,17.9,22.0,79.7,215.5,33.7,31.0,0.4,1738.3
HUN-2013,20.2,10.6,17.5,22.5,80.1,214.6,32.3,30.5,0.4,1733.6
HUN-2014,18.5,10.9,16.9,23.4,81.8,216.3,30.5,29.5,0.3,1748.6
HUN-2015,18.0,10.8,16.8,24.2,83.0,212.0,28.8,28.0,0.3,1745.9
HUN-2016,16.9,11.1,16.6,23.7,85.0,224.2,27.2,28.0,0.3,1760.2
HUN-2017,15.7,10.7,16.0,24.1,85.1,218.2,26.4,26.0,0.3,1747.4
HUN-2018,15.9,11.4,15.1,25.1,85.8,224.7,25.4,26.0,0.3,1729.9
HUN-2019,14.8,10.7,15.0,26.0,85.8,229.9,23.3,25.0,18.1,1722.2
IRL-1990,11.1,11.2,29.8,28.9,84.0,76.7,21.2,24.0,1.4,2081.0
IRL-1991,11.0,11.2,59.8,15.9,80.6,83.0,20.2,23.0,1.4,2046.0
IRL-1992,11.4,11.4,57.8,17.0,81.0,87.8,16.8,19.0,1.5,1998.0
IRL-1993,10.1,11.2,29.8,28.9,84.0,92.4,31.3,28.5,1.5,1971.0
IRL-1994,12.1,11.2,54.8,18.6,82.7,97.4,30.8,28.0,1.5,1971.0
IRL-1995,11.9,11.5,52.8,19.9,83.0,106.7,30.9,12.4,1.6,1963.0
IRL-1996,11.6,12.2,29.8,28.9,86.1,114.0,34.3,11.5,1.6,1954.0
IRL-1997,13.1,12.8,29.8,28.9,86.2,118.1,26.3,11.2,1.5,1954.0
IRL-1998,13.7,13.2,29.8,28.9,86.8,124.4,27.8,11.2,1.5,1953.0
IRL-1999,11.7,13.8,29.8,28.9,86.1,131.1,29.1,12.3,1.3,1942.0
IRL-2000,12.3,14.2,42.7,21.6,87.5,145.1,31.1,14.3,3.4,1933.0
IRL-2001,12.9,14.5,44.7,23.6,87.0,161.0,32.4,16.8,3.6,1924.0
IRL-2002,11.4,14.3,40.0,24.8,86.3,176.9,33.9,20.4,2.0,1904.0
IRL-2003,11.5,13.5,38.3,26.3,86.1,190.1,35.8,13.4,1.7,1887.0
IRL-2004,11.6,13.6,37.2,27.8,86.2,204.7,37.6,12.1,2.1,1875.0
IRL-2005,10.9,13.4,35.5,29.1,86.8,225.5,38.2,11.3,2.1,1883.0
IRL-2006,10.7,13.4,33.7,31.1,86.1,244.8,34.3,10.8,2.1,1879.0
IRL-2007,10.5,13.2,32.3,32.4,86.3,241.7,61.0,10.4,2.2,1865.0
IRL-2008,11.5,12.2,30.5,33.9,85.2,258.6,40.0,10.2,2.3,1844.0
IRL-2009,11.8,11.0,28.8,35.8,82.2,303.1,38.3,10.1,2.8,1812.0
IRL-2010,10.8,11.6,27.2,37.6,81.0,330.5,37.2,9.3,2.8,1721.0
IRL-2011,12.2,11.7,26.4,38.2,80.5,403.6,35.5,9.8,3.0,1737.0
IRL-2012,12.2,11.5,25.4,39.7,80.0,421.0,33.7,28.2,3.1,1738.0
IRL-2013,11.1,10.6,23.3,41.5,80.1,432.3,32.3,25.9,3.1,1743.0
IRL-2014,10.8,10.8,21.2,41.0,81.1,416.2,30.5,20.4,2.9,1757.0
IRL-2015,9.5,10.7,20.2,42.8,82.1,410.8,28.8,20.4,2.2,1771.0
IRL-2018,9.4,11.0,16.8,46.9,85.1,429.3,27.2,25.5,13.6,1782.0
ISL-1990,16.3,5.1,31.3,30.4,84.0,77.5,26.4,20.4,3.0,1665.0
ISL-1991,15.4,5.0,30.8,30.8,93.6,81.2,25.4,24.5,3.2,1668.0
ISL-1992,11.6,4.6,30.9,31.6,93.6,92.3,23.3,20.4,3.4,1668.0
ISL-1993,11.0,4.4,30.0,32.9,92.9,103.1,21.2,23.8,3.5,1683.0
ISL-1994,10.4,4.6,30.9,31.3,93.6,104.4,20.2,20.4,3.4,1655.0
ISL-1995,11.0,4.7,30.4,32.6,92.5,105.7,16.8,20.4,3.5,1641.0
ISL-1996,13.5,4.8,30.6,33.9,89.3,113.4,31.3,22.4,3.5,1659.0
ISL-1997,14.0,5.1,29.5,34.3,89.2,130.1,30.8,20.4,3.6,1684.0
ISL-1998,11.5,5.5,28.5,35.6,88.6,163.7,30.9,18.7,3.6,1665.0
ISL-1999,11.3,5.9,29.8,37.0,90.5,169.1,34.3,20.4,3.8,1645.0
ISL-2000,18.1,6.2,29.8,38.1,90.2,177.4,34.3,17.3,4.1,1696.0
ISL-2001,12.8,6.4,29.8,28.9,84.0,184.5,41.5,20.4,4.2,1707.0
ISL-2002,10.4,6.6,29.8,28.9,84.0,196.5,41.0,18.2,4.5,1672.0
ISL-2003,9.9,6.6,34.3,27.9,94.1,200.8,42.8,17.5,4.9,1639.0
ISL-2004,12.6,6.8,33.6,27.9,93.6,214.1,46.9,16.2,4.8,1645.0
ISL-2005,11.6,7.1,31.8,29.5,93.6,214.7,30.4,16.3,4.9,1637.0
ISL-2006,10.9,7.2,31.3,30.4,92.9,215.0,30.8,15.7,4.9,1627.0
ISL-2007,12.0,7.5,30.8,30.8,93.6,219.9,31.6,16.1,5.0,1605.0
ISL-2008,12.8,7.2,30.9,31.6,92.5,220.6,32.9,14.9,5.1,1625.2
ISL-2009,12.0,7.2,30.0,32.9,89.3,219.7,31.3,14.0,5.6,1536.4
ISL-2010,15.0,6.8,30.9,31.3,89.2,226.4,32.6,13.1,5.4,1527.9
ISL-2011,8.9,6.8,30.4,32.6,88.6,228.0,33.9,12.5,5.6,1537.7
ISL-2012,11.9,6.8,30.6,33.9,90.5,234.7,34.3,12.0,5.9,1523.1
ISL-2013,16.3,6.8,29.5,34.3,90.2,237.6,35.6,11.3,6.0,1524.1
ISL-2014,14.1,7.0,28.5,35.6,89.5,241.1,37.0,10.3,6.3,1513.4
ISL-2015,12.4,7.7,26.6,37.0,90.6,245.7,38.1,24.1,6.3,1511.4
ISL-2016,12.2,7.5,23.4,38.1,92.6,249.0,34.3,10.2,6.5,1520.0
ISL-2017,9.8,7.7,25.2,39.0,91.7,255.1,34.3,9.4,6.5,1507.1
ISL-2018,9.8,7.7,24.5,40.3,90.9,255.1,27.9,8.6,16.4,1496.5
ISL-2019,11.2,7.4,24.1,40.9,90.4,253.8,27.9,8.2,17.4,1480.1
ISL-2020,12.7,7.4,24.1,40.6,87.6,263.2,29.5,7.3,0.2,1446.2
ISR-1990,9.1,1.8,29.8,28.9,84.0,215.0,30.4,20.4,0.2,1904.0
ISR-1991,10.3,1.7,29.8,35.8,82.4,219.9,30.8,12.4,0.3,1897.3
ISR-1992,9.9,1.8,31.3,37.6,82.4,220.6,31.6,11.5,0.3,1951.2
ISR-1993,9.5,2.2,30.8,38.2,82.8,219.7,32.9,11.2,2.3,1953.0
ISR-1994,10.5,1.7,30.9,39.7,84.9,226.4,31.3,11.2,2.2,1993.1
ISR-1995,8.7,1.5,30.0,41.5,85.1,228.0,32.6,12.3,2.4,2013.8
ISR-1996,7.0,1.6,30.9,41.0,86.1,234.7,34.3,14.3,2.4,2031.0
ISR-1997,8.3,2.0,30.4,42.8,86.5,237.6,34.3,16.8,2.3,2036.3
ISR-1998,6.8,2.1,30.6,38.1,87.0,241.1,35.8,20.4,2.4,2011.9
ISR-1999,7.4,2.0,29.5,39.0,87.1,158.6,37.6,13.4,2.4,2021.1
ISR-2000,7.5,2.6,28.5,40.3,87.8,190.9,38.2,12.1,2.4,2032.9
ISR-2001,7.5,2.8,29.8,40.9,84.0,207.2,39.7,11.3,2.7,1996.1
ISR-2002,7.0,2.8,19.7,42.1,79.1,202.5,41.5,10.8,2.5,2014.3
ISR-2003,7.8,2.6,18.1,42.9,79.3,205.9,41.0,10.4,2.5,1997.5
ISR-2004,7.3,2.4,29.8,28.9,84.0,217.6,42.8,10.2,2.4,1975.0
ISR-2005,7.5,2.5,21.1,43.0,81.3,236.2,38.1,10.1,2.4,1966.4
ISR-2006,6.1,2.3,29.8,28.9,84.0,223.6,39.0,9.3,2.4,1955.0
ISR-2007,5.5,2.5,19.6,43.6,83.0,249.0,40.3,9.8,2.4,1966.5
ISR-2008,5.8,2.6,18.8,44.0,82.8,242.8,40.9,28.2,2.4,1963.3
ISR-2009,6.3,2.7,18.2,44.9,82.4,251.9,42.1,25.9,2.5,1962.5
ISR-2010,7.5,2.8,17.9,45.6,82.4,248.7,42.9,20.4,2.5,1956.5
ISR-2011,6.4,2.8,17.0,46.4,82.8,263.1,34.3,20.4,2.4,1947.2
ISR-2012,6.6,2.9,15.5,46.4,84.9,279.5,43.0,25.5,2.4,1918.8
ISR-2013,5.6,2.9,15.0,47.4,85.1,275.2,34.3,20.4,2.4,1908.2
ISR-2014,5.6,2.7,14.6,48.5,86.1,277.7,43.6,24.5,2.4,1894.5
ISR-2015,5.0,2.7,14.5,48.8,86.5,283.4,44.0,20.4,2.4,1895.4
ISR-2016,5.6,2.7,13.2,49.9,87.0,310.0,44.9,23.8,2.4,1922.1
ISR-2017,5.6,2.9,12.6,50.9,87.1,316.5,45.6,20.4,2.5,1918.0
ISR-2018,6.2,3.0,13.6,50.2,87.8,323.2,46.4,20.4,2.5,1910.1
ISR-2019,5.7,3.1,12.9,50.2,87.7,322.9,46.4,22.4,16.3,1898.1
ISR-2020,5.7,9.3,12.0,50.1,86.8,295.5,47.4,20.4,3.7,1782.5
ITA-1990,7.9,11.0,29.8,28.9,84.0,86.0,48.5,18.7,2.0,1761.3
ITA-1991,8.0,10.8,71.8,6.1,86.5,93.9,48.8,20.4,2.1,1761.3
ITA-1992,8.1,10.6,71.6,6.4,85.2,96.5,49.9,17.3,2.4,1761.3
ITA-1993,8.3,10.3,29.8,28.9,84.0,107.6,50.9,20.4,2.2,1761.3
ITA-1994,7.9,10.1,66.8,7.5,82.2,119.9,50.2,18.2,2.0,1761.3
ITA-1995,8.0,9.6,65.1,7.9,80.9,150.5,50.2,17.5,1.9,1856.2
ITA-1996,8.1,9.1,29.8,28.9,84.0,156.5,34.3,16.2,1.7,1866.2
ITA-1997,8.0,9.1,29.8,28.9,84.0,168.6,34.3,16.3,1.7,1859.9
ITA-1998,7.6,9.0,59.3,8.6,80.8,180.7,34.3,15.7,1.7,1873.1
ITA-1999,6.9,8.9,57.8,9.3,80.7,184.8,41.2,16.1,1.7,1869.9
ITA-2000,6.9,9.8,57.9,9.4,81.4,195.0,41.1,14.9,1.6,1850.2
ITA-2001,6.7,9.7,56.7,10.0,81.6,191.1,42.4,14.0,1.6,1837.6
ITA-2002,6.7,9.3,55.6,10.4,82.2,200.4,42.0,13.1,1.6,1826.2
ITA-2003,6.6,9.3,51.6,10.5,82.0,197.1,42.6,12.5,1.8,1815.1
ITA-2004,6.4,9.0,51.4,11.6,81.2,202.7,34.3,12.0,1.6,1814.6
ITA-2005,6.0,8.7,49.9,12.2,80.4,196.0,44.6,11.3,1.6,1811.1
ITA-2006,5.8,8.4,48.7,12.9,80.6,205.5,45.1,10.3,1.7,1811.9
ITA-2007,5.8,8.4,47.7,13.6,80.2,210.4,45.5,24.1,1.7,1817.7
ITA-2008,6.0,8.0,46.7,14.4,80.7,226.3,45.5,22.4,1.8,1806.5
ITA-2009,6.1,7.3,45.7,14.5,79.2,220.3,46.3,23.3,1.8,1775.2
ITA-2010,6.0,7.0,44.8,14.8,78.3,230.8,46.0,23.1,1.9,1776.8
ITA-2011,6.4,7.0,44.0,14.9,79.0,245.7,45.8,22.5,1.9,1772.6
ITA-2012,6.5,7.5,42.8,15.7,78.7,255.7,46.0,22.1,2.0,1733.6
ITA-2013,6.5,7.4,41.8,16.3,77.9,254.7,45.8,21.1,1.9,1719.1
ITA-2014,6.2,7.6,40.7,16.9,77.8,257.7,46.4,19.7,1.9,1716.3
ITA-2015,5.9,7.1,40.1,17.5,78.6,272.5,45.2,19.8,1.9,1717.5
ITA-2016,5.7,7.1,39.9,17.7,79.7,288.6,45.9,20.0,1.9,1721.7
ITA-2017,5.8,7.4,39.1,18.7,80.7,305.1,46.0,19.9,1.9,1719.2
JPN-1990,18.2,9.2,57.8,13.6,82.4,89.2,22.0,28.5,0.2,2031.0
JPN-1991,17.6,8.9,57.9,14.4,82.4,91.9,22.4,27.8,0.2,1998.0
JPN-1992,18.1,8.9,56.7,14.5,82.8,99.1,22.7,27.1,0.2,1965.0
JPN-1993,17.4,9.2,55.6,14.8,84.9,99.8,22.8,24.7,0.2,1905.0
JPN-1994,17.4,9.1,51.6,14.9,85.1,108.9,21.5,24.5,0.2,1898.0
JPN-1995,17.5,8.9,51.4,15.7,86.1,92.4,22.2,28.2,0.5,1883.7
JPN-1996,17.8,9.0,49.9,16.3,86.5,93.8,21.9,27.1,0.5,1892.2
JPN-1997,18.7,8.8,48.7,30.5,87.0,104.8,22.0,28.7,3.3,1864.7
JPN-1998,24.7,8.7,47.7,30.6,87.1,111.3,23.6,27.6,3.5,1841.9
JPN-1999,24.2,8.8,29.8,31.8,87.8,118.0,23.1,26.2,3.6,1810.4
JPN-2000,23.0,8.6,29.8,33.6,79.0,127.5,23.8,27.0,3.5,1821.3
JPN-2001,22.2,8.6,31.8,34.1,79.9,130.3,24.4,24.4,3.8,1808.6
JPN-2002,22.4,8.4,30.5,36.6,79.2,139.4,25.7,24.0,3.9,1798.4
JPN-2003,24.0,8.4,29.3,37.4,79.2,153.7,24.7,27.7,3.2,1798.6
JPN-2004,22.5,8.2,26.8,38.7,79.3,158.5,24.0,26.4,3.1,1785.4
JPN-2005,22.7,8.5,25.6,39.9,79.4,161.9,24.9,24.2,2.8,1776.5
JPN-2006,22.2,7.9,24.4,40.5,79.8,175.1,25.1,23.8,2.7,1785.6
JPN-2007,22.7,7.7,23.1,41.0,80.1,174.9,24.8,24.1,3.2,1784.8
JPN-2008,22.3,7.5,21.8,42.8,79.7,182.5,24.2,21.8,3.3,1771.4
JPN-2009,22.8,7.4,29.8,43.8,79.7,192.1,25.1,23.4,3.7,1713.5
JPN-2010,21.7,7.3,19.1,44.8,79.5,197.5,25.3,19.5,3.5,1732.9
JPN-2011,21.4,7.3,18.5,46.4,79.6,208.7,25.5,20.1,3.6,1728.2
JPN-2012,19.5,7.2,17.5,46.6,79.8,218.6,23.7,20.7,3.7,1745.1
JPN-2013,19.2,7.4,16.3,47.3,80.9,231.8,24.1,19.3,3.5,1733.6
JPN-2014,18.0,7.1,15.0,48.2,81.6,235.0,24.7,19.6,3.2,1729.3
JPN-2015,17.0,7.2,14.2,49.5,82.3,245.5,23.8,18.2,3.1,1719.3
JPN-2016,15.6,7.2,13.2,50.5,83.3,234.5,25.4,18.3,3.0,1713.5
JPN-2017,15.2,7.2,12.4,51.4,84.0,238.0,25.9,17.7,2.9,1708.6
JPN-2018,15.0,7.2,11.8,51.9,85.3,252.4,26.7,17.8,3.7,1680.2
JPN-2019,14.6,7.1,11.3,52.7,86.0,252.4,27.2,16.7,3.7,1643.8
KOR-1990,9.0,9.1,23.0,28.9,80.9,91.8,25.1,20.4,0.3,1761.3
KOR-1991,8.6,8.8,29.8,13.6,81.6,100.1,25.3,20.4,0.3,2358.0
KOR-1992,9.7,8.9,28.0,14.4,82.3,107.6,25.5,34.7,0.3,2272.0
KOR-1993,11.6,8.7,29.8,14.5,83.3,109.1,23.7,20.4,0.4,2359.0
KOR-1994,11.9,9.1,30.0,14.8,84.0,110.4,24.1,20.4,0.4,2346.0
KOR-1995,12.7,8.9,40.2,14.9,80.2,119.5,24.7,35.2,2.1,2370.0
KOR-1996,15.2,9.1,42.0,15.7,84.0,124.9,23.8,20.4,2.2,2345.0
KOR-1997,16.3,8.9,37.9,16.3,80.2,122.3,25.4,20.4,2.3,2387.0
KOR-1998,22.7,8.7,33.6,22.5,76.1,108.6,24.3,30.7,2.6,2365.0
KOR-1999,18.9,9.2,32.6,23.1,74.6,122.0,39.0,20.4,2.5,2356.0
KOR-2000,17.5,8.9,31.8,23.8,75.4,127.4,40.4,20.4,2.5,2370.0
KOR-2001,18.9,8.5,30.5,24.8,75.7,133.2,41.7,26.1,2.3,2362.0
KOR-2002,23.9,9.2,29.3,25.9,76.1,135.3,43.1,20.4,2.3,2329.0
KOR-2003,29.7,9.3,26.8,29.4,76.4,148.6,44.5,20.4,2.5,2357.0
KOR-2004,31.2,9.3,25.6,30.4,76.7,155.0,45.4,20.4,2.0,2350.0
KOR-2005,31.6,9.0,24.4,31.6,76.8,167.8,46.6,25.9,2.1,2369.0
KOR-2006,27.8,9.2,23.1,33.1,77.3,178.4,47.7,20.4,2.2,2352.0
KOR-2007,30.3,9.3,21.8,34.8,77.2,200.5,49.0,24.0,2.3,2360.0
KOR-2008,30.3,9.5,20.6,36.7,77.1,226.9,50.0,26.3,2.1,2387.0
KOR-2009,35.3,8.9,19.4,38.5,76.2,233.4,50.7,25.6,2.2,2392.0
KOR-2010,35.0,8.9,19.1,39.0,76.3,258.4,30.4,22.9,2.0,2348.0
KOR-2011,34.7,8.9,18.5,40.4,76.8,276.2,31.0,23.2,2.4,2243.1
KOR-2012,30.3,9.0,17.5,41.7,77.1,296.7,32.4,21.6,2.4,2285.3
KOR-2013,29.8,8.7,16.3,43.1,77.4,304.6,33.5,19.9,2.5,2233.4
KOR-2014,27.6,8.9,15.0,44.5,77.5,321.2,34.1,20.0,2.6,2076.0
KOR-2015,26.8,9.1,14.2,45.4,77.5,356.4,35.2,17.3,2.8,2083.0
KOR-2016,25.5,8.7,13.2,46.6,77.4,378.9,36.7,18.4,2.8,2068.0
KOR-2017,23.8,8.7,12.4,47.7,77.4,391.9,38.7,17.5,2.7,2018.0
KOR-2018,25.5,8.5,11.8,49.0,77.6,424.2,39.7,17.5,2.9,1993.0
KOR-2019,25.4,8.3,11.3,50.0,77.7,440.3,40.3,16.4,12.2,1967.0
KOR-2020,24.1,7.9,10.6,50.7,77.0,460.4,37.8,15.9,2.2,1908.0
LTU-1990,29.3,9.3,16.3,30.4,76.8,212.2,39.0,20.4,2.3,1761.3
LTU-1991,33.9,9.3,15.0,31.0,77.3,127.4,40.4,28.0,2.6,1761.3
LTU-1992,38.9,9.3,14.2,32.4,77.2,133.2,41.7,26.0,2.5,1761.3
LTU-1993,47.0,9.3,13.2,33.5,77.1,135.3,43.1,27.0,2.5,1761.3
LTU-1994,50.8,9.3,12.4,34.1,76.2,148.6,44.5,27.0,2.3,1761.3
LTU-1995,51.1,7.9,22.3,35.2,76.3,155.0,45.4,27.0,2.3,1527.0
LTU-1996,52.0,7.9,22.7,36.7,76.8,167.8,46.6,27.0,2.5,1525.0
LTU-1997,48.8,8.7,21.7,38.7,77.1,178.4,47.7,26.0,2.0,1530.0
LTU-1998,47.3,8.0,19.5,39.7,77.4,200.5,49.0,26.0,2.1,1571.4
LTU-1999,46.8,8.6,18.0,40.3,77.5,226.9,50.0,25.0,2.2,1524.1
LTU-2000,49.3,9.7,25.4,41.7,77.5,233.4,50.7,26.0,2.3,1630.2
LTU-2001,46.7,10.5,21.2,28.9,89.4,258.4,30.4,25.0,2.1,1617.0
LTU-2002,46.8,11.1,23.3,28.9,88.9,276.2,31.0,25.0,2.2,1591.3
LTU-2003,43.8,11.3,29.8,28.9,86.9,296.7,32.4,25.0,2.0,1576.9
LTU-2004,41.9,12.2,29.8,28.9,86.7,304.6,33.5,23.0,2.4,1658.8
LTU-2005,40.3,12.5,12.5,26.5,88.3,321.2,34.1,22.0,0.2,1659.1
LTU-2006,32.0,13.2,11.7,26.8,89.1,120.6,35.2,22.5,0.2,1654.9
LTU-2007,31.6,13.9,11.1,28.9,89.4,121.8,36.7,20.7,0.2,1681.0
LTU-2008,34.3,13.9,9.4,30.4,88.9,139.3,38.7,18.1,0.2,1707.3
LTU-2009,35.1,13.1,8.7,31.0,86.9,131.3,39.7,20.4,0.3,1645.0
LTU-2010,32.2,13.5,8.1,32.4,86.7,139.1,40.3,20.4,0.3,1696.7
LTU-2011,32.9,14.7,7.1,33.5,88.3,153.4,14.7,12.4,0.3,1674.2
LTU-2012,30.1,14.7,6.7,34.1,88.2,182.1,14.7,11.5,0.3,1672.3
LTU-2013,35.4,14.5,6.6,35.2,88.6,198.7,14.5,11.2,0.3,1657.5
LTU-2014,30.4,14.2,8.8,36.7,89.4,203.8,14.2,11.2,0.3,1649.9
LTU-2015,29.6,14.0,8.6,38.7,89.6,221.2,14.0,12.3,0.4,1673.2
LTU-2016,27.3,13.2,7.5,39.7,91.0,245.3,13.2,14.3,0.4,1694.3
LTU-2017,25.0,12.3,7.2,40.3,90.7,263.7,12.3,16.8,0.5,1656.9
LTU-2018,22.9,11.2,7.0,41.7,91.0,273.7,11.2,20.4,16.2,1664.0
LTU-2019,22.2,11.1,6.7,43.1,91.3,312.3,11.1,13.4,16.7,1665.4
LTU-2020,20.3,11.4,6.4,44.1,89.9,297.3,11.4,12.1,3.7,1594.9
LUX-1990,18.4,15.3,9.4,33.1,88.2,36.4,15.3,11.3,0.1,1761.3
LUX-1991,20.5,14.4,8.7,34.8,88.6,38.8,14.4,10.8,0.1,1761.3
LUX-1992,15.6,14.3,8.1,36.7,89.4,42.3,14.3,10.4,0.1,1761.3
LUX-1993,16.3,13.9,7.1,38.5,89.6,45.3,13.9,10.2,0.1,1761.3
LUX-1994,19.3,13.7,6.7,39.0,91.0,54.1,13.7,10.1,0.1,1761.3
LUX-1995,15.6,13.7,6.6,40.4,90.7,55.5,13.7,9.3,0.1,1615.0
LUX-1996,18.1,13.4,8.8,41.7,91.0,55.7,13.4,9.8,19.7,1593.0
LUX-1997,20.0,13.2,8.6,43.1,84.5,59.5,13.2,28.2,19.9,1600.0
LUX-1998,15.2,13.0,7.5,44.5,84.7,64.0,13.0,25.9,20.2,1599.0
LUX-1999,16.6,13.0,7.2,45.4,85.1,100.3,13.0,20.4,0.2,1598.0
LUX-2000,15.0,13.4,7.0,46.6,85.0,211.4,13.4,20.4,0.2,1605.0
LUX-2001,17.4,13.3,11.3,47.7,85.0,219.8,13.3,25.5,0.4,1593.0
LUX-2002,20.1,13.1,10.6,49.0,84.8,246.2,50.7,20.4,0.4,1588.0
LUX-2003,11.0,12.7,16.3,50.0,84.9,257.7,30.4,24.5,0.5,1586.0
LUX-2004,13.8,12.5,15.0,50.7,84.0,271.3,31.0,20.4,0.6,1586.0
LUX-2005,10.7,12.3,34.1,30.4,84.0,279.5,32.4,23.8,0.6,1567.0
LUX-2006,13.8,12.4,34.5,24.0,85.2,301.9,33.5,20.4,0.5,1567.0
LUX-2007,16.6,12.2,34.3,26.5,84.5,273.6,34.1,20.4,0.6,1581.0
LUX-2008,8.7,12.0,32.1,27.7,84.7,233.9,35.2,22.4,0.5,1581.0
LUX-2009,9.6,11.9,22.7,34.8,85.1,276.3,36.7,20.4,1.1,1518.0
LUX-2010,10.5,11.9,22.3,35.5,85.0,288.2,38.7,18.7,1.2,1521.0
LUX-2011,10.7,11.8,22.7,37.0,85.0,277.2,39.7,20.4,1.2,1520.0
LUX-2012,9.6,11.8,21.7,39.1,84.8,235.9,40.3,17.3,1.3,1514.0
LUX-2013,7.6,11.4,19.5,40.7,84.9,244.1,34.3,20.4,1.1,1506.0
LUX-2014,12.2,11.6,18.0,45.9,84.6,242.6,48.0,18.2,1.0,1512.0
LUX-2015,11.5,11.5,25.4,39.8,84.8,239.2,14.7,17.5,1.1,1519.0
LUX-2016,7.5,11.4,21.2,42.9,85.7,249.7,14.7,16.2,1.1,1518.0
LUX-2017,8.7,11.3,23.3,40.3,86.3,249.1,14.5,16.3,1.1,1508.0
LUX-2018,8.2,11.1,22.8,43.9,85.7,261.1,14.2,15.7,21.5,1509.0
LUX-2019,10.9,11.0,24.9,51.6,85.6,250.6,14.0,16.1,21.6,1507.0
LVA-1990,28.4,6.7,20.8,45.9,83.2,212.2,13.2,14.9,3.7,1761.3
LVA-1991,30.7,6.7,17.9,39.8,82.2,124.3,12.3,14.0,3.7,1761.3
LVA-1992,37.6,6.9,17.0,42.9,82.4,130.5,11.2,13.1,3.7,1761.3
LVA-1993,45.2,8.0,15.7,40.3,83.3,138.6,11.1,12.5,3.7,1761.3
LVA-1994,42.9,9.6,15.6,43.9,83.9,133.9,11.4,12.0,3.7,1761.3
LVA-1995,43.1,9.1,15.9,28.9,86.6,155.0,15.3,11.3,0.0,1867.1
LVA-1996,38.9,8.4,15.4,17.0,87.8,161.5,14.4,10.3,0.0,1865.5
LVA-1997,37.6,8.4,14.1,16.0,87.4,147.9,14.3,24.1,0.0,1861.2
LVA-1998,35.6,8.9,13.2,17.2,83.5,156.9,13.9,20.4,0.0,1860.0
LVA-1999,32.7,8.8,11.4,17.8,79.6,144.0,13.7,20.4,0.1,1861.5
LVA-2000,33.8,7.1,12.1,18.2,80.7,166.8,13.7,20.4,0.1,1864.6
LVA-2001,30.9,6.7,10.9,17.8,83.2,112.5,13.4,12.4,0.1,1872.5
LVA-2002,29.7,7.4,17.9,18.9,82.2,123.8,13.2,11.5,0.2,1841.7
LVA-2003,26.7,8.2,17.0,17.9,82.4,124.3,13.0,11.2,0.1,1836.0
LVA-2004,24.8,8.8,15.7,19.8,83.3,130.5,13.0,11.2,0.2,1802.2
LVA-2005,25.1,9.9,15.6,20.3,83.9,138.6,13.4,12.3,0.1,1842.1
LVA-2006,21.6,10.4,15.9,20.9,86.6,133.9,13.3,14.3,0.2,1829.0
LVA-2007,20.4,12.1,15.4,22.2,87.8,155.0,34.3,16.8,0.1,1793.6
LVA-2008,23.7,11.8,14.1,24.8,87.4,161.5,48.5,20.4,0.1,1751.1
LVA-2009,23.6,9.9,13.2,25.8,83.5,147.9,13.0,13.4,0.1,1707.3
LVA-2010,20.1,9.8,11.4,26.9,80.7,156.9,13.4,12.1,0.2,1692.4
LVA-2011,20.5,10.1,12.1,27.7,84.4,144.0,13.3,11.3,0.1,1707.0
LVA-2012,20.9,10.2,10.9,29.2,86.2,166.8,50.7,10.8,0.1,1691.6
LVA-2013,18.2,10.4,10.6,31.0,85.2,178.0,30.4,10.4,0.1,1685.9
LVA-2014,18.4,10.6,13.3,30.2,84.2,187.1,31.0,10.2,0.1,1695.3
LVA-2015,18.6,10.8,12.2,31.6,85.8,208.2,32.4,10.1,0.1,1663.2
LVA-2016,17.7,11.3,11.3,33.4,87.2,253.0,33.5,9.3,0.1,1663.8
LVA-2017,17.3,10.9,12.4,33.9,87.6,253.5,34.1,9.8,0.1,1649.9
LVA-2018,14.7,11.0,12.4,33.9,89.1,263.1,35.2,28.2,15.8,1661.3
LVA-2019,14.4,11.6,11.6,35.7,89.3,283.4,36.7,25.9,16.4,1631.0
LVA-2020,14.9,12.1,10.5,37.8,86.8,283.3,38.7,20.4,3.7,1576.9
MEX-1990,3.6,4.9,20.8,45.9,82.0,212.2,39.7,20.4,0.1,1761.3
MEX-1991,3.6,4.8,17.9,39.8,82.5,233.9,40.3,25.5,0.1,2113.0
MEX-1992,3.8,5.3,17.0,42.9,80.9,276.3,34.3,20.4,0.1,2104.0
MEX-1993,3.9,5.2,15.7,40.3,80.9,288.2,48.0,24.5,0.1,2112.0
MEX-1994,4.3,5.2,15.6,43.9,81.2,277.2,14.7,20.4,0.1,2146.0
MEX-1995,4.4,5.1,15.9,28.9,81.4,235.9,14.7,23.8,0.1,2161.0
MEX-1996,4.1,5.3,15.4,28.9,83.9,244.1,14.5,20.4,0.1,2192.0
MEX-1997,4.3,4.8,14.1,13.2,84.2,242.6,14.2,20.4,0.1,2241.0
MEX-1998,4.2,4.9,13.2,13.5,83.2,239.2,14.0,22.4,0.1,2168.0
MEX-1999,4.1,4.9,11.4,13.2,82.0,249.7,13.2,20.4,0.1,2242.0
MEX-2000,4.4,5.2,12.1,14.6,82.5,113.5,12.3,18.7,0.1,2174.0
MEX-2001,4.6,5.0,10.9,15.1,80.9,126.1,11.2,20.4,0.1,2146.0
MEX-2002,4.4,4.9,70.0,15.4,80.9,134.8,11.1,17.3,0.2,2196.0
MEX-2003,4.7,5.0,70.1,15.6,81.2,155.0,11.4,20.4,0.2,2143.0
MEX-2004,4.7,5.0,68.6,16.6,81.4,164.7,15.3,18.2,0.2,2123.0
MEX-2005,5.0,5.0,71.8,12.7,83.9,168.9,14.4,17.5,0.2,2105.0
MEX-2006,4.6,5.2,71.0,13.3,84.2,176.8,14.3,16.2,0.2,2067.0
MEX-2007,4.5,4.1,70.4,13.6,83.8,182.8,13.9,16.3,0.2,2045.0
MEX-2008,4.7,4.0,70.1,13.7,83.7,181.3,13.7,15.7,0.3,2105.0
MEX-2009,5.0,4.3,68.7,14.3,82.2,181.0,13.7,16.1,0.4,1973.0
MEX-2010,4.9,4.0,67.9,14.7,81.0,165.9,13.4,14.9,0.3,2150.0
MEX-2011,5.2,4.0,66.9,15.0,81.0,160.1,13.2,14.0,0.3,2121.0
MEX-2012,4.9,3.9,66.0,15.7,81.1,168.8,13.0,13.1,0.3,2120.0
MEX-2013,5.2,3.8,65.2,16.2,80.9,170.9,36.5,12.5,0.4,2136.0
MEX-2014,5.6,4.0,64.9,16.0,80.2,174.9,36.4,12.0,0.4,2134.1
MEX-2015,5.5,4.3,64.3,16.3,80.0,186.1,38.3,11.3,0.4,2139.9
MEX-2016,5.4,4.4,63.4,16.8,79.8,196.2,37.9,10.3,0.4,2145.9
MEX-2017,5.5,4.7,62.3,17.4,80.0,198.7,38.9,24.1,0.4,2148.5
MEX-2018,5.5,4.8,60.9,18.0,79.7,206.1,40.5,7.7,0.4,2149.4
MEX-2019,5.7,4.9,60.2,18.3,79.7,207.2,40.5,20.4,7.5,2138.9
MEX-2020,6.3,3.9,58.4,19.4,76.3,209.3,42.3,7.4,3.7,2123.5
NLD-1990,10.3,9.9,45.2,19.2,81.4,144.7,44.1,37.0,5.6,1454.0
NLD-1991,11.3,10.0,43.7,19.6,84.6,145.8,44.8,38.0,5.8,1444.0
NLD-1992,11.0,10.0,42.1,20.9,83.7,133.6,36.5,37.0,5.8,1451.0
NLD-1993,10.5,9.7,29.8,28.9,84.0,132.8,36.4,36.0,6.1,1440.0
NLD-1994,10.6,9.7,40.2,21.4,81.9,141.2,38.3,37.0,6.2,1447.0
NLD-1995,10.0,9.8,38.8,22.0,82.8,152.3,37.9,36.0,7.0,1481.6
NLD-1996,10.4,9.9,29.8,28.9,84.0,193.6,38.9,36.0,6.9,1496.5
NLD-1997,10.3,10.1,29.8,28.9,84.0,191.3,40.5,36.0,6.8,1482.0
NLD-1998,9.9,9.9,35.7,24.2,85.4,238.3,40.5,35.0,7.5,1478.7
NLD-1999,9.8,10.1,29.8,28.9,84.0,259.9,42.3,34.0,7.5,1477.2
NLD-2000,9.6,10.1,35.1,23.4,86.3,284.3,44.1,32.0,7.5,1464.1
NLD-2001,9.3,10.0,34.9,23.2,86.3,302.8,44.8,28.8,7.3,1454.1
NLD-2002,9.8,9.8,32.2,25.0,86.5,340.8,44.8,27.6,7.8,1436.4
NLD-2003,9.4,9.7,30.8,27.5,85.9,339.9,34.3,26.7,8.1,1427.8
NLD-2004,9.3,9.6,29.1,29.5,85.3,377.2,46.5,25.4,8.2,1447.9
NLD-2005,9.6,9.6,28.2,30.1,85.6,388.7,44.9,25.2,8.2,1433.6
NLD-2006,9.3,9.6,27.6,30.2,86.4,213.4,46.5,25.2,11.4,1430.4
NLD-2007,8.2,9.6,26.8,30.8,87.7,222.2,45.5,23.1,11.4,1429.2
NLD-2008,8.6,9.7,26.7,32.2,88.3,259.2,46.9,23.3,11.6,1428.6
NLD-2009,9.1,9.4,26.6,32.8,88.1,254.8,47.2,22.6,12.6,1420.0
NLD-2010,9.4,9.1,27.0,32.4,87.5,254.1,48.2,20.9,12.8,1419.6
NLD-2011,9.7,9.0,27.7,32.0,87.2,270.3,48.2,20.8,13.1,1420.2
NLD-2012,10.3,9.1,26.6,34.4,87.6,291.8,47.9,18.4,13.1,1410.5
NLD-2013,10.8,8.7,24.2,33.9,88.0,316.4,45.6,18.5,13.1,1414.7
NLD-2014,10.6,8.4,24.1,34.4,87.7,318.2,48.2,19.1,13.1,1425.6
NLD-2015,10.7,8.3,23.6,35.3,88.2,312.6,47.4,19.0,13.3,1425.8
NLD-2016,10.8,8.2,22.9,36.0,88.4,326.5,47.6,18.0,13.3,1437.3
NLD-2017,10.8,8.3,21.6,37.2,88.8,327.4,42.6,16.8,13.5,1436.8
NLD-2018,10.2,8.3,21.0,38.3,89.6,333.6,34.3,15.5,16.2,1436.1
NLD-2019,10.0,8.2,20.4,40.4,89.7,332.6,24.8,15.4,16.1,1438.5
NLD-2020,10.0,7.2,19.0,42.6,89.5,316.5,25.3,14.4,3.7,1406.9
NOR-1990,16.0,5.0,29.8,28.9,84.0,84.2,34.3,35.0,1.9,1492.8
NOR-1991,16.5,4.9,20.9,24.8,90.0,84.7,27.4,34.0,1.9,1490.2
NOR-1992,14.7,4.7,21.0,25.3,88.9,85.7,28.6,35.0,1.8,1499.6
NOR-1993,13.9,4.6,29.8,28.9,84.0,89.4,30.2,37.0,1.7,1496.8
NOR-1994,12.6,4.7,19.3,27.4,88.2,92.5,30.8,33.0,1.7,1494.9
NOR-1995,12.9,4.8,18.8,28.6,88.9,101.0,32.2,33.0,1.7,1478.3
NOR-1996,12.0,5.0,19.3,30.2,87.7,110.5,32.8,33.0,1.9,1473.6
NOR-1997,12.6,5.3,19.4,30.8,88.2,148.8,32.4,34.0,1.8,1468.4
NOR-1998,12.7,5.2,18.1,32.2,88.4,154.0,32.0,33.0,2.0,1466.6
NOR-1999,13.5,5.5,17.9,32.8,88.8,161.3,34.4,32.0,2.3,1465.5
NOR-2000,12.4,5.7,17.6,32.4,89.6,177.2,33.9,32.0,2.0,1448.1
NOR-2001,12.6,5.5,18.1,32.0,89.7,174.7,34.4,30.0,2.1,1424.0
NOR-2002,11.2,5.9,17.6,34.4,84.0,199.6,42.0,29.0,2.4,1411.8
NOR-2003,11.3,6.0,17.8,33.9,84.0,199.6,30.8,26.0,2.6,1401.0
NOR-2004,11.9,6.2,29.8,34.4,84.0,213.1,32.2,26.0,2.3,1423.1
NOR-2005,11.7,6.4,22.8,35.3,88.8,217.5,32.8,25.0,2.0,1428.5
NOR-2006,11.7,6.5,21.1,36.0,89.1,226.2,32.4,24.0,2.0,1426.4
NOR-2007,10.6,6.6,21.1,37.2,90.4,240.1,32.0,22.0,2.0,1438.3
NOR-2008,10.7,6.8,19.3,38.3,90.5,248.4,46.0,21.0,1.9,1443.0
NOR-2009,12.1,6.7,19.3,36.7,90.2,247.4,34.3,21.0,2.3,1421.8
NOR-2010,11.4,6.6,19.4,37.3,90.4,248.7,34.3,19.0,2.0,1429.8
NOR-2011,12.2,6.4,18.1,38.1,90.5,263.5,34.3,17.0,2.2,1434.7
NOR-2012,10.4,6.2,17.9,38.6,90.3,270.3,46.0,16.0,2.1,1431.1
NOR-2013,11.0,6.2,17.6,39.8,89.5,279.3,24.1,15.0,2.2,1421.3
NOR-2014,10.8,6.1,18.1,41.8,89.9,285.2,23.6,13.0,2.4,1424.1
NOR-2015,11.4,6.0,17.6,42.7,89.2,281.8,22.9,13.0,2.5,1426.6
NOR-2016,11.8,6.0,17.8,43.0,88.8,293.1,21.6,12.0,2.7,1430.0
NZL-1990,14.1,10.3,43.4,28.9,78.1,66.2,21.0,28.0,0.2,1809.0
NZL-1991,13.8,9.9,44.4,24.8,80.1,69.6,20.4,26.0,0.3,1792.0
NZL-1992,14.6,9.8,43.6,25.3,81.2,85.9,19.0,27.0,0.4,1799.0
NZL-1993,12.6,9.3,29.8,28.9,84.0,99.6,34.3,27.0,0.4,1853.0
NZL-1994,14.8,9.5,42.7,27.4,82.7,101.4,20.9,27.0,0.4,1848.0
NZL-1995,15.2,9.3,40.9,28.6,81.5,107.6,21.0,27.0,0.5,1841.0
NZL-1996,14.7,8.8,29.8,30.2,84.0,112.6,34.3,26.0,0.5,1834.0
NZL-1997,15.1,8.7,39.6,30.8,82.4,115.5,19.3,26.0,0.5,1826.0
NZL-1998,15.5,8.7,38.6,32.2,81.5,123.0,18.8,25.0,0.5,1829.0
NZL-1999,13.7,8.9,38.0,32.8,81.9,125.6,19.3,26.0,0.5,1845.0
NZL-2000,12.3,8.9,36.8,32.4,82.2,129.5,19.4,25.0,0.5,1836.0
NZL-2001,13.5,8.7,35.5,32.0,83.6,149.9,18.1,25.0,0.5,1825.0
NZL-2002,12.3,9.1,34.4,34.4,83.0,149.5,17.9,25.0,0.5,1826.0
NZL-2003,13.3,8.9,33.1,33.9,82.7,146.2,17.6,23.0,0.4,1823.0
NZL-2004,12.4,9.1,32.9,34.4,83.4,148.4,18.1,22.0,0.5,1830.0
NZL-2005,12.7,9.3,31.6,28.9,84.1,156.0,17.6,22.5,0.5,1815.0
NZL-2006,12.7,9.3,31.1,28.9,84.5,169.3,17.8,20.7,0.5,1795.0
NZL-2007,11.9,9.2,28.9,38.3,83.7,155.5,34.3,18.1,0.5,1774.0
NZL-2008,12.4,9.5,27.9,36.7,84.5,187.5,22.8,20.4,0.5,1761.0
NZL-2009,12.0,9.3,27.8,37.3,84.0,193.0,21.1,20.4,0.6,1740.0
NZL-2010,12.4,9.6,27.0,38.1,83.8,197.8,21.1,20.4,0.7,1755.0
NZL-2011,11.2,9.5,25.9,38.6,84.4,206.6,19.3,20.4,0.7,1746.0
NZL-2012,12.4,9.2,25.9,39.8,83.9,217.7,19.3,16.4,0.7,1734.0
NZL-2013,11.8,9.2,28.6,28.9,85.8,232.6,19.4,15.8,0.7,1756.0
NZL-2014,11.5,9.1,25.9,35.6,87.2,245.2,18.1,15.9,0.7,1758.0
NZL-2015,11.8,8.7,25.3,34.0,87.5,252.8,17.9,15.1,0.7,1753.0
NZL-2016,12.1,8.9,23.4,36.3,87.3,273.4,17.6,14.5,0.7,1754.0
PER-1990,0.7,4.3,29.8,28.9,82.2,212.2,18.1,20.4,3.7,1761.3
PER-1991,0.4,4.6,38.6,24.8,83.6,212.2,34.3,27.0,3.7,1761.3
PER-1992,1.3,3.9,38.0,25.3,83.0,212.2,34.3,26.0,3.7,1761.3
PER-1994,1.8,6.1,36.8,28.9,82.7,212.2,46.0,26.0,2.4,1401.0
PER-1995,2.0,5.8,35.5,27.4,83.4,212.2,24.1,25.0,2.6,1423.1
PER-1996,2.0,5.4,34.4,28.6,84.1,212.2,23.6,26.0,2.3,1428.5
PER-1997,1.4,6.3,33.1,30.2,84.5,212.2,22.9,25.0,2.0,1426.4
PER-1998,1.5,6.1,32.9,30.8,83.7,212.2,21.6,25.0,2.0,1438.3
PER-1999,1.0,5.9,31.6,32.2,84.5,212.2,21.0,25.0,2.0,1443.0
PER-2000,1.0,5.4,31.1,32.8,84.0,24.5,20.4,23.0,1.9,1421.8
PER-2001,1.0,5.6,28.9,32.4,83.8,24.7,19.0,22.0,2.3,1429.8
PER-2002,1.0,5.3,27.9,32.0,84.4,25.5,34.3,22.5,2.0,1434.7
PER-2003,1.0,5.1,27.8,34.4,84.0,24.9,20.9,20.7,2.2,1431.1
PER-2004,1.0,6.0,29.8,33.9,86.4,24.5,21.0,26.0,2.1,1421.3
PER-2005,0.8,6.1,29.8,34.4,84.5,22.9,34.3,25.0,2.2,1424.1
PER-2006,0.9,5.9,19.4,28.9,84.1,25.8,19.3,26.0,2.4,1426.6
PER-2007,1.6,5.8,18.8,32.8,83.1,26.8,18.8,25.0,2.5,1430.0
PER-2008,1.5,5.4,17.4,32.4,82.6,27.1,19.3,25.0,2.7,1809.0
PER-2009,0.5,5.3,16.1,32.0,82.3,25.5,19.4,25.0,0.2,1792.0
PER-2010,1.0,5.2,14.9,34.4,82.7,25.1,18.1,23.0,0.3,1799.0
PER-2011,1.8,5.2,14.2,33.9,83.5,25.5,17.9,22.0,0.4,1853.0
PER-2012,2.3,5.4,13.7,34.4,84.5,24.8,17.6,22.5,0.4,1848.0
PER-2013,1.2,5.3,12.9,35.3,85.1,23.0,18.1,20.7,0.4,1841.0
PER-2014,1.4,5.5,12.0,36.0,85.3,21.2,17.6,18.1,0.5,1834.0
PER-2015,0.9,5.7,11.5,37.2,84.6,20.5,17.8,27.0,0.5,1826.0
PER-2016,1.4,5.6,11.1,38.3,84.6,20.1,34.3,26.0,0.5,1829.0
PER-2017,1.3,5.8,10.4,40.4,84.7,19.8,22.8,26.0,0.5,1845.0
PER-2018,1.7,5.7,9.9,42.6,84.8,20.2,21.1,25.0,0.5,1836.0
POL-1990,14.5,8.3,9.5,28.9,86.2,12.3,21.1,26.0,0.5,1825.0
POL-1991,15.5,8.8,9.2,24.8,87.1,17.4,19.3,25.0,0.5,1826.0
POL-1992,16.5,8.3,8.7,25.3,87.5,21.6,19.3,25.0,0.5,1823.0
POL-1993,16.1,8.4,7.9,28.9,88.1,35.3,19.4,25.0,0.4,1830.0
POL-1994,15.7,8.3,7.6,27.4,88.8,43.4,18.1,23.0,0.5,1815.0
POL-1995,15.5,8.1,9.8,28.6,83.7,44.4,17.9,22.0,0.5,1795.0
POL-1996,15.2,8.1,29.8,30.2,84.0,48.8,17.6,22.5,0.5,1774.0
POL-1999,15.5,8.3,21.5,30.8,86.4,67.7,18.1,20.7,0.5,1761.0
POL-2000,15.8,8.4,20.1,32.2,84.5,73.6,34.3,32.0,0.5,1740.0
POL-2001,15.7,7.8,19.4,32.8,84.1,74.8,24.5,31.0,0.6,1755.0
POL-2002,15.8,8.1,18.8,32.4,83.1,86.7,25.8,31.0,0.7,1746.0
POL-2003,15.4,9.1,17.4,14.2,82.6,91.2,27.0,30.5,0.7,1860.5
POL-2004,15.9,9.2,16.1,15.7,82.3,101.4,27.7,29.5,0.2,1860.9
POL-2005,15.8,9.1,14.9,16.9,82.7,98.2,19.6,28.0,0.2,1856.0
POL-2006,15.1,9.9,14.2,17.9,83.5,103.5,21.2,28.0,0.2,1857.3
POL-2007,13.7,10.3,13.7,18.7,84.5,115.4,22.5,26.0,0.2,1854.7
POL-2008,14.7,10.8,12.9,19.6,85.1,125.5,23.3,26.0,0.2,1847.5
POL-2009,16.7,10.2,12.0,21.2,85.3,134.1,24.5,25.0,0.3,1833.6
POL-2010,16.3,10.0,11.5,22.5,84.6,144.4,25.8,24.0,0.3,1829.0
POL-2011,15.6,10.3,11.1,23.3,84.6,155.6,27.0,23.0,0.3,1824.3
POL-2012,16.2,10.2,10.4,24.5,84.7,168.3,27.7,19.0,0.4,1819.7
POL-2013,15.8,10.8,9.9,25.8,84.8,173.8,28.7,20.4,0.4,1816.4
POL-2014,15.1,10.5,9.5,27.0,86.2,175.4,53.3,22.7,0.4,1822.3
POL-2015,13.7,10.5,9.2,27.7,87.1,194.2,34.3,20.4,0.5,1829.2
POL-2016,11.9,10.5,8.7,28.7,87.5,211.2,24.5,35.5,0.5,1831.4
POL-2017,11.3,10.6,7.9,29.9,88.1,222.1,25.8,34.0,0.5,1811.6
POL-2018,11.3,10.7,7.6,30.9,88.8,210.3,27.0,32.0,20.6,1787.3
POL-2019,11.6,11.0,7.4,32.0,89.0,220.0,27.7,31.0,21.3,1782.6
PRT-1990,9.7,14.4,9.9,23.3,90.8,86.1,34.3,31.0,0.8,1805.8
PRT-1991,10.5,14.0,9.5,24.5,88.6,106.2,27.7,30.5,0.9,1739.5
PRT-1992,9.6,13.6,9.2,25.8,87.5,123.7,28.7,35.5,0.9,1682.3
PRT-1993,8.5,13.4,8.7,27.0,85.9,117.5,29.9,34.0,1.1,1684.2
PRT-1994,8.2,13.3,7.9,27.7,86.7,122.4,30.9,32.0,1.2,1691.5
PRT-1995,8.6,12.8,7.6,28.7,86.7,143.4,32.0,31.0,1.1,1749.4
PRT-1996,7.0,12.1,29.8,29.9,85.4,142.8,23.3,31.0,1.1,1750.3
PRT-1997,6.5,11.8,29.8,28.9,84.0,148.5,24.5,30.5,1.1,1745.7
PRT-1998,5.7,11.7,82.1,8.3,89.4,147.4,25.8,29.5,1.4,1759.9
PRT-1999,5.5,13.2,81.2,8.7,90.0,159.4,27.0,28.0,1.4,1761.6
PRT-2000,5.2,12.8,80.6,8.8,90.6,176.5,27.7,28.0,1.6,1770.4
PRT-2001,7.4,12.6,79.8,9.2,90.8,180.6,28.7,26.0,1.7,1755.1
PRT-2002,11.7,12.5,79.3,9.4,88.6,181.6,29.9,26.0,1.8,1748.7
PRT-2003,11.1,12.2,77.2,11.0,87.5,198.7,34.3,25.0,1.8,1742.2
PRT-2007,9.3,11.5,72.5,13.7,85.9,299.2,8.3,24.0,1.9,1754.7
PRT-2008,9.4,11.5,71.8,14.3,86.7,319.3,8.7,23.0,2.0,1742.6
PRT-2009,9.2,11.5,70.1,14.7,86.7,316.1,8.8,27.0,1.9,1743.0
PRT-2010,9.7,11.3,68.1,15.4,85.4,299.8,9.2,26.0,1.9,1745.6
PRT-2011,8.9,10.9,65.0,17.3,83.4,303.3,9.4,26.0,2.0,1724.4
PRT-2012,9.3,9.8,62.4,18.5,81.8,326.1,11.0,25.0,2.0,1708.2
PRT-2013,9.1,9.5,60.0,19.3,80.2,328.0,13.7,26.0,2.0,1717.6
PRT-2014,10.6,10.2,56.7,21.7,82.5,337.0,14.3,25.0,2.0,1724.6
PRT-2015,9.7,10.3,54.9,22.9,83.6,350.2,14.7,25.0,2.3,1731.7
PRT-2016,8.4,10.4,53.1,23.9,85.0,373.7,15.4,25.0,2.3,1737.5
PRT-2017,9.1,10.4,52.0,24.0,86.7,389.7,17.3,23.0,2.5,1727.1
PRT-2018,8.5,10.4,50.2,25.0,88.3,419.2,18.5,22.0,22.5,1737.7
ROU-1990,10.3,12.5,81.2,28.9,83.8,144.4,19.3,22.5,3.7,1761.3
ROU-1991,10.8,12.2,80.6,24.5,84.4,155.6,21.7,20.7,3.7,1761.3
ROU-1992,13.2,11.5,79.8,25.8,83.9,168.3,22.9,34.0,0.4,1761.3
ROU-1993,13.7,11.5,79.3,27.0,85.8,173.8,23.9,32.0,0.4,1761.3
ROU-1994,14.1,11.5,77.2,27.7,87.2,175.4,24.0,31.0,0.4,1761.3
ROU-1995,13.5,11.3,72.5,28.7,87.5,194.2,34.3,31.0,0.5,1822.6
ROU-1996,13.7,10.9,71.8,29.9,87.3,211.2,34.3,30.5,0.5,1861.5
ROU-1997,13.8,9.8,70.1,30.9,82.2,222.1,13.7,29.5,0.5,1860.5
ROU-1998,13.5,9.5,68.1,32.0,83.6,210.3,14.3,28.0,20.6,1859.1
ROU-1999,13.1,10.2,65.0,23.3,83.0,220.0,14.7,28.0,21.3,1850.0
ROU-2000,13.5,10.2,62.4,24.5,82.7,86.1,15.4,26.0,0.8,1853.0
ROU-2001,12.8,9.8,60.0,25.8,83.4,106.2,17.3,26.0,0.9,1852.5
ROU-2002,14.6,9.6,56.7,27.0,84.1,123.7,18.5,27.0,0.9,1867.2
ROU-2003,13.7,8.8,54.9,27.7,84.5,117.5,19.3,26.0,1.1,1837.1
ROU-2004,12.9,9.8,53.1,28.7,83.7,53.0,21.7,26.0,1.2,1886.6
ROU-2005,12.4,10.0,52.0,29.9,84.5,41.4,22.9,25.0,1.1,1877.0
ROU-2006,12.8,10.3,12.1,28.9,84.0,46.4,23.9,26.0,1.1,1836.1
ROU-2007,11.5,11.6,10.9,8.3,83.8,47.5,24.0,25.0,1.1,1839.9
ROU-2008,11.6,13.1,70.0,8.7,85.4,58.1,25.0,25.0,1.4,1835.2
ROU-2009,12.1,11.8,70.1,8.8,84.0,67.0,34.3,25.0,1.4,1815.5
ROU-2010,12.8,10.0,68.6,9.2,83.8,72.3,24.5,23.0,1.6,1840.7
ROU-2011,11.8,9.6,71.8,9.4,84.4,77.4,25.8,22.0,1.7,1849.3
ROU-2012,12.2,9.7,71.0,11.0,83.9,76.5,27.0,22.5,1.8,1811.5
ROU-2013,11.7,9.7,70.4,13.7,85.8,78.5,27.7,20.7,1.8,1806.5
ROU-2014,10.8,9.5,70.1,14.3,87.2,80.7,28.7,32.0,1.9,1792.5
ROU-2015,10.9,9.5,68.7,14.7,87.5,87.3,29.9,31.0,2.0,1785.7
ROU-2016,9.6,9.6,67.9,15.4,87.3,98.0,30.9,31.0,1.9,1809.0
ROU-2017,9.4,10.1,66.9,17.3,82.2,108.1,32.0,30.5,1.9,1785.8
ROU-2018,9.5,11.0,66.0,35.3,83.6,119.2,23.3,29.5,2.0,1787.0
ROU-2019,8.6,11.0,65.2,36.0,83.0,127.1,24.5,28.0,2.0,1803.1
RUS-1990,29.6,16.5,64.9,37.2,82.7,212.2,25.8,28.0,2.0,1761.3
RUS-1991,29.3,16.1,64.3,38.3,83.4,28.8,27.0,26.0,2.0,1761.3
RUS-1992,33.8,18.5,63.4,40.4,84.1,31.4,27.7,26.0,12.0,1933.0
RUS-1993,41.2,21.7,62.3,42.6,84.5,35.8,28.7,25.0,11.8,1939.0
RUS-1994,45.3,23.6,60.9,28.9,83.7,40.0,29.9,24.0,11.7,1895.0
RUS-1995,44.2,21.0,60.2,24.8,84.5,90.2,34.3,23.0,11.6,1891.0
RUS-1996,41.7,19.2,58.4,25.3,84.0,106.9,8.3,19.0,12.6,1894.0
RUS-1997,39.5,17.5,45.2,28.9,83.8,147.3,8.7,20.4,12.0,1951.0
RUS-1998,37.0,16.9,43.7,27.4,84.0,169.4,8.8,33.9,7.9,1946.0
RUS-1999,40.7,17.5,42.1,28.6,84.0,198.4,9.2,20.4,8.2,1964.0
RUS-2000,40.2,18.8,10.9,30.2,84.0,204.6,9.4,34.9,8.5,1982.0
RUS-2001,40.2,19.4,70.0,30.8,84.0,194.4,11.0,35.1,8.5,1980.0
RUS-2002,38.7,19.8,70.1,32.2,85.5,139.5,13.7,27.0,8.5,1982.0
RUS-2003,36.2,19.8,68.6,32.8,83.2,140.5,14.3,26.0,8.6,1993.0
RUS-2004,34.3,19.3,71.8,32.4,82.2,139.2,14.7,26.0,8.9,1993.0
RUS-2005,31.8,20.2,71.0,32.0,80.1,53.0,15.4,25.0,9.0,1989.0
RUS-2006,29.7,21.4,70.4,34.4,79.5,41.4,17.3,26.0,8.9,1998.0
RUS-2007,28.4,22.3,70.1,33.9,80.0,46.4,35.3,25.0,9.1,1999.0
RUS-2008,26.5,18.4,68.7,34.4,81.3,47.5,36.0,25.0,9.2,1997.0
RUS-2009,25.7,16.1,67.9,35.3,82.0,58.1,37.2,25.0,9.4,1974.0
RUS-2010,22.8,15.8,7.2,36.0,82.6,67.0,38.3,23.0,9.8,1976.0
RUS-2011,21.3,15.4,7.2,37.2,81.3,72.3,40.4,22.0,10.0,1979.0
RUS-2012,20.3,14.8,7.0,38.3,82.0,77.4,42.6,22.5,10.1,1982.0
RUS-2013,19.6,14.1,6.7,36.7,81.5,76.5,28.6,20.7,10.1,1980.0
RUS-2014,18.3,14.0,6.6,37.3,81.7,78.5,30.2,20.4,10.3,1985.0
RUS-2015,17.1,13.3,6.3,38.1,81.2,80.7,30.8,26.0,10.6,1978.0
RUS-2019,11.7,10.8,71.8,38.6,84.0,87.3,32.2,25.0,10.5,1965.0
SVK-1992,17.2,12.7,71.0,39.8,85.5,212.2,32.8,26.0,10.5,1761.3
SVK-1993,15.8,12.1,70.4,41.8,83.2,212.2,32.4,25.0,11.2,1761.3
SVK-1994,14.7,10.6,70.1,42.7,82.2,212.2,32.0,25.0,11.3,1761.3
SVK-1995,15.5,10.3,68.7,43.0,80.1,212.2,34.4,25.0,11.6,1853.0
SVK-1996,13.9,10.7,67.9,28.9,79.5,212.2,33.9,23.0,3.7,1820.0
SVK-1997,13.2,10.8,7.2,10.5,80.0,20.9,34.4,22.0,0.7,1830.0
SVK-1998,13.4,10.0,7.2,10.3,81.3,21.6,35.3,22.5,0.9,1822.0
SVK-1999,14.0,10.0,7.0,10.1,82.0,27.0,36.0,20.7,1.0,1816.0
SVK-2000,14.6,11.0,16.2,10.4,82.6,28.8,37.2,32.0,0.8,1816.0
SVK-2001,13.9,10.8,14.9,10.9,86.7,31.4,38.3,31.0,0.8,1801.0
SVK-2002,14.3,10.8,14.1,11.0,86.6,35.8,36.7,31.0,0.9,1754.0
SVK-2003,14.6,9.9,13.3,11.8,87.1,40.0,37.3,30.5,1.2,1698.0
SVK-2004,12.8,10.1,13.0,12.8,83.6,90.2,38.1,29.5,1.3,1742.0
SVK-2005,12.9,11.0,12.1,14.0,84.0,106.9,38.6,28.0,1.1,1769.0
SVK-2008,11.0,11.2,10.1,14.8,85.5,147.3,39.8,28.0,1.3,1793.0
SVK-2009,11.1,10.7,9.1,15.8,83.2,169.4,41.8,26.0,1.3,1780.0
SVK-2010,11.6,10.1,9.0,17.3,82.2,198.4,42.7,26.0,1.3,1805.0
SVK-2012,10.4,10.1,8.3,19.0,80.1,204.6,43.0,20.4,1.2,1789.0
SVK-2013,11.2,9.9,8.2,19.9,79.5,194.4,34.3,20.4,1.1,1772.0
SVK-2014,10.0,10.1,9.2,20.4,80.0,139.5,10.5,22.9,1.0,1760.0
SVK-2016,6.9,9.9,8.3,22.0,81.3,140.5,10.3,20.4,1.0,1740.0
SVK-2017,6.7,9.7,8.7,23.1,82.0,139.2,10.1,20.4,1.0,1713.8
SVK-2018,7.4,10.1,8.4,24.6,82.6,140.1,10.4,20.4,17.2,1703.9
SVK-2019,6.6,10.3,8.8,25.8,83.8,149.7,10.9,21.0,17.7,1692.0
SVN-1990,31.0,13.8,16.2,14.8,88.4,212.2,11.0,20.4,3.7,1761.3
SVN-1991,35.5,13.2,14.9,15.8,87.3,28.8,11.8,20.3,3.7,1761.3
SVN-1992,32.1,13.6,14.1,17.3,86.4,31.4,12.8,19.9,3.7,1761.3
SVN-1993,33.1,14.3,13.3,19.0,85.1,35.8,14.0,19.2,3.7,1761.3
SVN-1994,33.0,13.4,13.0,19.9,83.8,40.0,14.8,19.1,3.7,1761.3
SVN-1995,29.9,13.4,12.1,20.4,83.2,90.2,15.8,18.7,5.7,1755.0
SVN-1996,32.2,12.0,10.1,22.0,84.4,106.9,17.3,18.4,0.0,1727.0
SVN-1997,30.8,11.2,9.1,23.1,85.2,147.3,19.0,17.5,0.0,1715.0
SVN-1998,31.7,8.3,9.0,28.9,84.0,169.4,19.9,17.0,0.0,1728.0
SVN-1999,30.7,10.6,8.3,28.9,84.0,198.4,20.4,16.9,0.0,1730.0
SVN-2000,30.4,11.2,25.2,15.7,86.1,204.6,22.0,16.7,0.0,1710.1
SVN-2001,29.6,13.0,29.8,28.9,84.0,194.4,23.1,15.4,0.0,1695.9
SVN-2002,27.0,11.6,23.0,15.3,86.1,139.5,24.6,16.5,0.0,1720.5
SVN-2003,28.0,11.2,21.9,17.7,86.1,140.5,25.8,16.1,1.2,1723.8
SVN-2004,24.8,13.5,20.3,19.0,86.8,139.2,14.8,15.1,1.2,1736.5
SVN-2005,24.4,10.3,19.7,20.2,87.0,177.5,15.8,14.8,1.1,1696.6
SVN-2006,25.6,12.2,18.4,21.4,88.2,187.6,17.3,14.2,1.2,1667.4
SVN-2007,20.7,11.0,18.2,22.2,87.7,206.3,55.1,13.7,1.1,1654.9
SVN-2008,19.2,11.0,18.0,22.6,87.9,212.0,34.3,26.0,1.1,1673.5
SVN-2009,20.8,10.5,16.7,23.3,88.4,213.1,28.6,25.0,1.2,1679.0
SVN-2010,19.2,10.3,16.7,23.7,87.3,215.1,30.2,26.0,1.2,1680.3
SVN-2011,20.1,10.6,15.5,25.1,86.4,220.2,30.8,25.0,1.2,1663.4
SVN-2012,20.1,11.0,15.0,26.4,85.1,237.4,32.2,25.0,1.4,1644.3
SVN-2013,20.3,9.5,14.5,27.9,83.8,248.5,32.8,25.0,1.4,1662.2
SVN-2014,17.5,10.9,14.3,28.6,83.2,251.1,32.4,23.0,1.4,1681.8
SVN-2015,18.9,11.5,13.2,30.2,84.4,252.6,32.0,22.0,1.3,1687.3
SVN-2016,16.8,10.5,12.7,30.7,85.2,258.8,34.4,22.5,1.3,1652.4
SVN-2017,18.1,10.1,12.3,34.3,86.6,272.5,33.9,20.7,1.3,1621.9
SVN-2018,15.7,10.0,11.9,32.5,88.9,285.7,34.4,32.0,21.0,1599.1
SVN-2019,17.2,11.1,11.2,33.3,90.3,302.1,35.3,31.0,21.1,1601.8
SVN-2020,15.7,9.8,9.8,35.9,90.4,320.5,36.0,31.0,3.7,1533.8
SWE-1990,17.4,6.4,29.8,28.9,84.0,108.8,37.2,30.5,1.1,1420.7
SWE-1991,17.5,6.3,30.9,25.2,94.2,117.3,38.3,29.5,1.6,1408.0
SWE-1992,15.9,6.3,29.7,25.8,92.7,70.2,36.7,28.0,1.4,1424.3
SWE-1993,16.0,6.2,29.8,28.9,84.0,68.7,37.3,28.0,2.9,1440.6
SWE-1994,15.2,6.3,26.8,27.0,89.2,69.5,38.1,26.0,2.6,1474.9
SWE-1995,15.5,6.2,25.3,28.3,89.0,75.8,38.6,26.0,2.4,1481.6
SWE-1996,14.3,6.0,29.8,28.9,84.0,76.7,39.8,22.3,2.4,1492.9
SWE-1997,13.7,5.9,24.7,27.5,85.0,85.2,41.8,19.2,2.5,1497.3
SWE-1998,14.0,5.8,23.9,28.0,85.5,90.9,42.7,19.1,2.5,1496.3
SWE-1999,13.9,6.1,23.4,28.7,85.6,97.4,43.0,19.3,2.5,1504.9
SWE-2000,12.7,6.2,22.4,30.1,86.7,111.0,34.3,18.9,2.4,1485.6
SWE-2001,13.4,6.5,19.4,31.6,86.9,149.2,10.5,18.9,2.6,1464.5
SWE-2002,13.2,6.9,18.4,32.6,86.5,159.5,10.3,17.5,2.7,1443.7
SWE-2003,12.3,6.9,17.8,33.4,85.8,156.6,10.1,17.2,2.7,1431.3
SWE-2004,12.8,6.5,17.1,34.5,85.4,166.2,10.4,15.9,2.6,1452.6
SWE-2005,13.4,6.5,16.4,29.6,87.3,172.3,10.9,15.7,2.7,1451.5
SWE-2006,13.0,6.8,15.9,30.5,87.2,183.4,11.0,15.2,2.7,1450.1
SWE-2007,12.2,7.0,15.4,31.3,88.5,194.3,11.8,13.8,2.7,1461.7
SWE-2008,12.5,7.0,15.0,32.0,89.1,205.5,12.8,14.6,3.0,1471.3
SWE-2009,13.2,7.3,14.3,33.1,88.0,207.5,14.0,14.0,3.3,1457.9
SWE-2010,12.0,7.4,13.7,33.9,87.7,206.6,14.8,13.6,3.2,1483.0
SWE-2011,11.6,7.3,13.0,35.2,88.7,236.4,15.8,13.1,3.5,1483.9
SWE-2012,11.9,7.2,12.5,35.7,88.7,252.0,17.3,12.8,3.7,1471.4
SWE-2013,12.6,7.3,11.8,37.0,89.2,258.0,19.0,10.7,3.8,1462.9
SWE-2014,11.7,7.2,18.4,38.7,89.0,264.9,19.9,11.9,3.8,1464.4
SWE-2015,12.0,7.1,18.0,39.8,89.3,273.5,20.4,11.2,3.8,1465.9
SWE-2016,11.3,7.2,17.3,41.1,89.6,274.8,22.0,10.9,3.8,1478.1
SWE-2017,11.7,7.0,17.0,41.9,89.5,271.7,23.1,10.4,3.8,1466.7
SWE-2018,12.4,7.2,16.7,43.2,89.8,280.5,24.6,10.1,25.8,1466.2
TUR-2009,2.1,1.5,68.9,12.7,73.6,59.8,25.8,20.4,13.0,1881.0
TUR-2010,2.4,1.5,68.8,13.1,75.7,69.6,14.8,25.4,12.3,1877.0
TUR-2011,1.8,1.5,67.9,14.0,76.1,69.1,15.8,20.4,11.9,1864.0
TUR-2012,2.2,1.6,66.1,15.3,76.2,69.4,17.3,23.8,12.0,1855.0
TUR-2013,2.7,1.4,65.2,15.9,77.0,75.9,34.3,20.4,11.8,1832.0
TUR-2014,2.3,1.5,64.4,16.7,76.1,82.9,53.6,27.3,11.7,1829.5
TUR-2015,2.2,1.4,63.0,18.0,76.2,83.4,34.3,20.4,11.6,1810.7
TUR-2016,2.6,1.3,61.5,19.4,75.0,88.6,53.9,26.5,12.6,1789.4
TUR-2019,4.4,1.3,58.3,22.0,73.6,99.4,56.1,28.0,12.0,1732.1
USA-1990,13.3,9.3,16.8,23.6,86.0,555.3,22.0,25.5,7.9,1832.5
USA-1991,13.1,8.7,16.3,23.7,85.3,583.1,23.6,22.1,8.2,1823.5
USA-1992,12.8,8.7,16.0,30.2,84.6,607.0,23.7,22.3,8.5,1822.0
USA-1993,12.9,8.4,15.1,31.3,84.0,629.8,30.2,20.4,8.5,1828.0
USA-1994,12.7,8.3,14.9,32.2,84.2,639.1,31.3,21.0,8.5,1839.5
USA-1995,12.6,8.1,14.2,33.3,85.1,661.2,34.3,20.0,8.6,1839.4
USA-1996,12.3,8.2,14.3,33.9,84.7,783.7,34.3,20.4,8.9,1840.4
USA-1997,12.1,8.1,14.1,34.1,85.4,718.7,55.2,20.3,9.0,1843.0
USA-1998,11.9,8.1,13.5,34.9,85.3,765.5,56.3,19.9,8.9,1842.3
USA-1999,11.3,8.2,13.1,35.8,84.6,808.5,57.5,19.2,9.1,1838.8
USA-2000,11.0,8.3,12.6,36.5,85.0,861.8,64.5,19.1,9.2,1832.2
USA-2001,11.3,8.3,12.6,37.5,83.9,911.4,59.1,18.7,9.4,1810.8
USA-2002,11.5,8.3,12.7,38.1,83.2,991.7,65.6,18.4,9.8,1805.9
USA-2003,11.3,8.4,12.5,38.4,82.2,1071.1,59.9,17.5,10.0,1796.4
USA-2004,11.5,8.5,12.1,39.1,82.0,1124.9,66.2,17.0,10.1,1798.1
USA-2005,11.4,8.5,12.2,39.1,82.5,1189.5,60.9,16.9,10.1,1794.3
USA-2006,11.5,8.6,12.2,39.5,82.7,1243.4,67.3,16.7,10.3,1796.3
USA-2007,11.9,8.7,12.1,40.3,83.3,1306.6,62.1,15.4,10.6,1795.5
USA-2008,12.2,8.7,11.3,41.1,83.1,1316.5,67.9,16.5,10.5,1786.2
USA-2009,12.4,8.7,11.4,41.2,80.8,1336.1,63.7,16.1,10.5,1760.9
USA-2010,12.8,8.6,11.0,41.7,80.0,1367.0,68.8,15.1,11.2,1771.6
USA-2011,13.0,8.7,10.7,42.4,80.0,1398.6,63.3,14.8,11.3,1778.3
USA-2012,13.2,8.9,10.7,43.1,80.1,1446.3,68.6,14.2,11.6,1782.0
USA-2013,13.4,8.8,10.4,43.9,80.4,1454.8,63.3,13.7,3.7,1780.4
USA-2014,13.8,8.8,10.4,44.2,80.1,525.0,70.1,12.9,11.9,1782.0
USA-2015,14.0,8.8,10.5,44.6,81.2,539.7,64.0,11.4,12.1,1783.0
USA-2016,14.2,8.9,9.9,45.7,81.6,562.5,71.0,11.8,12.2,1778.4
USA-2017,14.8,8.9,9.4,46.4,81.8,581.5,65.7,10.5,12.5,1777.6
USA-2018,15.0,8.9,9.2,47.4,82.2,602.3,66.2,10.3,12.6,1781.6
USA-2019,14.7,9.0,9.2,48.3,82.7,627.9,73.1,10.9,18.7,1777.2
USA-2020,14.1,9.3,8.3,50.1,81.9,608.3,67.5,9.4,3.7,1767.1
ZAF-1996,0.6,9.1,12.2,38.1,84.0,35.2,34.3,20.4,3.7,1761.3
ZAF-1997,0.4,9.2,12.2,38.4,80.8,32.6,56.3,26.0,10.1,1761.3
ZAF-1998,0.7,8.8,12.1,39.1,80.0,32.7,57.5,25.0,10.1,1732.1
ZAF-1999,0.9,8.5,11.3,39.1,80.0,32.3,64.5,26.0,10.3,1832.5
ZAF-2000,0.7,7.7,11.4,39.5,80.1,31.6,59.1,25.0,10.6,1823.5
ZAF-2001,0.9,7.6,11.0,40.3,80.4,31.1,65.6,25.0,11.7,1822.0
ZAF-2002,0.6,7.5,10.7,41.1,80.1,31.3,59.9,25.0,10.5,1828.0
ZAF-2003,0.7,7.3,10.7,41.2,81.2,30.3,66.2,23.0,11.2,1839.5
ZAF-2004,1.1,7.2,29.8,41.7,81.6,29.4,60.9,22.0,11.3,1839.4
ZAF-2005,1.2,7.2,58.5,42.4,81.8,32.3,67.3,22.5,11.6,1840.4
ZAF-2006,1.3,7.3,60.6,43.1,84.0,31.6,62.1,20.7,11.7,1843.0
ZAF-2007,1.0,7.5,59.5,43.9,81.7,31.1,67.9,32.0,11.9,1842.3
ZAF-2008,1.1,7.5,59.4,28.9,81.3,31.3,63.7,31.0,12.1,1838.8
ZAF-2009,0.8,7.3,29.8,28.9,79.5,30.3,68.8,31.0,12.2,1832.2
ZAF-2010,1.0,7.1,57.3,6.9,75.5,29.4,63.3,30.5,12.5,1810.8
ZAF-2011,0.8,7.2,56.1,7.1,77.0,29.1,68.6,29.5,11.6,1780.4
ZAF-2012,1.1,7.2,58.5,9.6,80.2,29.3,63.3,28.0,3.7,1782.0
ZAF-2013,1.3,7.2,60.6,12.6,83.0,29.6,70.1,28.0,11.9,1783.0
ZAF-2014,1.2,7.2,59.5,12.8,81.7,29.2,64.0,26.0,12.1,1778.4
ZAF-2015,1.0,7.2,59.4,13.0,81.3,29.0,71.0,26.0,12.2,1777.6
ZAF-2016,0.8,7.3,58.2,13.8,79.5,29.1,65.7,20.4,12.5,1781.6
ZAF-2017,0.7,7.3,55.9,15.5,78.7,28.9,66.2,20.4,12.6,1777.2
ZAF-2018,0.6,7.2,55.3,15.4,79.0,28.8,73.1,20.3,18.7,1761.3