LocationTime,LOCATION,TIME,Edu_val_BUPPSRY,Edu_val_TRY,Edu_val_UPPSRY
ARG-2004,ARG,2004,51.205463,16.711861,32.082676
ARG-2005,ARG,2005,50.157974,17.471054,32.370968
ARG-2006,ARG,2006,48.472809,17.830963,33.696232
ARG-2008,ARG,2008,45.804825,18.973812,35.221363
ARG-2009,ARG,2009,44.794254,19.518599,35.687149
ARG-2010,ARG,2010,43.36871,20.111586,36.519707
ARG-2011,ARG,2011,42.753086,20.237337,37.009579
ARG-2012,ARG,2012,41.416412,20.556126,38.027462
ARG-2013,ARG,2013,40.635166,21.056189,38.308643
ARG-2014,ARG,2014,41.248135,20.534544,38.217319
ARG-2017,ARG,2017,38.528397,21.406713,40.064892
ARG-2018,ARG,2018,36.971165,21.924601,41.104233
ARG-2019,ARG,2019,35.771305,22.811752,41.416943
ARG-2020,ARG,2020,37.158802,22.400209,40.44099
AUS-1991,AUS,1991,44.127056,31.15881,24.714134
AUS-1993,AUS,1993,47.159046,22.469191,30.371763
AUS-1994,AUS,1994,49.802025,23.072365,27.12561
AUS-1995,AUS,1995,44.935852,24.315445,30.748701
AUS-1997,AUS,1997,46.695274,24.30127,29.003454
AUS-1998,AUS,1998,43.955959,25.420708,30.623333
AUS-1999,AUS,1999,42.610085,26.693399,30.696516
AUS-2000,AUS,2000,41.212311,27.475746,31.311945
AUS-2001,AUS,2001,41.076141,28.977322,29.946537
AUS-2002,AUS,2002,39.050316,30.759785,30.189898
AUS-2003,AUS,2003,37.519817,31.314152,31.166031
AUS-2004,AUS,2004,35.879036,30.82308,33.297886
AUS-2005,AUS,2005,34.967968,31.691153,33.340881
AUS-2006,AUS,2006,33.289845,33.022213,33.687943
AUS-2007,AUS,2007,31.816732,33.73671,34.44656
AUS-2008,AUS,2008,30.064018,36.149986,33.785992
AUS-2009,AUS,2009,28.972523,36.881355,34.146122
AUS-2010,AUS,2010,26.792744,37.604309,35.602947
AUS-2011,AUS,2011,25.922543,38.342072,35.735386
AUS-2012,AUS,2012,23.563389,41.282364,35.154247
AUS-2013,AUS,2013,24.28443,39.539928,36.17564
AUS-2014,AUS,2014,22.895836,41.901855,35.202309
AUS-2015,AUS,2015,20.980896,42.888756,36.130348
AUS-2016,AUS,2016,20.067352,43.7439,36.188747
AUS-2017,AUS,2017,19.012659,45.355675,35.631668
AUS-2018,AUS,2018,18.108641,45.727478,36.163879
AUS-2019,AUS,2019,17.132658,47.129978,35.737366
AUS-2020,AUS,2020,16.244976,49.337452,34.417572
AUT-2004,AUT,2004,23.66626,24.783438,51.550304
AUT-2005,AUT,2005,23.055067,24.639351,52.305584
AUT-2006,AUT,2006,19.871609,25.356432,54.771961
AUT-2007,AUT,2007,20.062889,25.092672,54.844437
AUT-2008,AUT,2008,19.120087,26.191858,54.688057
AUT-2009,AUT,2009,18.354979,26.895824,54.749195
AUT-2010,AUT,2010,17.647495,27.743721,54.608784
AUT-2011,AUT,2011,17.636829,27.956152,54.407017
AUT-2012,AUT,2012,17.08353,28.739943,54.176529
AUT-2013,AUT,2013,17.028002,29.738844,53.233154
AUT-2014,AUT,2014,16.143999,29.904896,53.951103
AUT-2015,AUT,2015,15.351305,30.550726,54.097969
AUT-2016,AUT,2016,15.471591,31.383963,53.144444
AUT-2017,AUT,2017,15.037577,32.39439,52.568035
AUT-2018,AUT,2018,14.702526,32.711426,52.586048
AUT-2019,AUT,2019,14.435863,33.773777,51.790359
AUT-2020,AUT,2020,14.341329,34.205894,51.452774
BEL-1991,BEL,1991,56.83075,19.620007,23.549244
BEL-1992,BEL,1992,54.736912,20.226023,25.037067
BEL-1994,BEL,1994,50.637184,22.345255,27.017561
BEL-1995,BEL,1995,46.545418,24.604177,28.850407
BEL-2000,BEL,2000,41.47678,27.084993,31.438227
BEL-2001,BEL,2001,40.536442,27.626753,31.836805
BEL-2002,BEL,2002,39.196617,28.134819,32.668564
BEL-2003,BEL,2003,37.952141,29.031809,33.016048
BEL-2004,BEL,2004,35.708241,30.40086,33.8909
BEL-2005,BEL,2005,33.903755,31.045088,35.051159
BEL-2006,BEL,2006,33.057926,31.754845,35.187229
BEL-2007,BEL,2007,32.046577,32.094864,35.858559
BEL-2008,BEL,2008,30.423817,32.310043,37.26614
BEL-2009,BEL,2009,29.427107,33.397053,37.175842
BEL-2010,BEL,2010,29.500488,34.989502,35.51001
BEL-2011,BEL,2011,28.733294,34.612984,36.653725
BEL-2012,BEL,2012,28.356371,35.316551,36.32708
BEL-2013,BEL,2013,27.241648,35.535332,37.223022
BEL-2014,BEL,2014,26.44935,36.855022,36.695625
BEL-2015,BEL,2015,25.322903,36.857422,37.819675
BEL-2016,BEL,2016,24.905834,37.503956,37.59021
BEL-2017,BEL,2017,23.202787,40.257053,36.540157
BEL-2018,BEL,2018,21.773218,40.638546,37.588238
BEL-2019,BEL,2019,21.313864,40.67009,38.016045
BEL-2020,BEL,2020,20.218918,42.442284,37.338799
BRA-2007,BRA,2007,63.191654,9.6238279,27.184517
BRA-2008,BRA,2008,61.161831,10.795494,28.042675
BRA-2009,BRA,2009,59.32708,10.863071,29.809849
BRA-2011,BRA,2011,56.729549,11.614742,31.655708
BRA-2012,BRA,2012,54.996342,12.993286,32.010372
BRA-2013,BRA,2013,53.588863,13.746482,32.664654
BRA-2014,BRA,2014,52.637005,14.321353,33.041641
BRA-2015,BRA,2015,51.127499,14.794608,34.077896
BRA-2016,BRA,2016,48.828545,16.858622,34.312836
BRA-2017,BRA,2017,48.041367,17.146753,34.811878
BRA-2018,BRA,2018,46.323441,18.355165,35.321396
BRA-2019,BRA,2019,45.144974,18.71954,36.135487
BRA-2020,BRA,2020,42.072502,20.057917,37.869579
CAN-1990,CAN,1990,31.034004,28.036085,40.929909
CAN-1991,CAN,1991,29.99659,28.271395,41.732014
CAN-1992,CAN,1992,28.664516,29.020555,42.314926
CAN-1993,CAN,1993,26.689636,30.386959,42.923405
CAN-1994,CAN,1994,26.150627,33.485878,40.363495
CAN-1995,CAN,1995,24.862947,34.537247,40.599808
CAN-1996,CAN,1996,23.648046,35.634304,40.717648
CAN-1997,CAN,1997,22.245962,37.415951,40.338089
CAN-1998,CAN,1998,21.320238,38.258327,40.421432
CAN-1999,CAN,1999,20.417206,39.376038,40.206757
CAN-2000,CAN,2000,19.332481,40.105782,40.561737
CAN-2001,CAN,2001,18.011751,41.881519,40.106728
CAN-2002,CAN,2002,17.321903,42.873188,39.804909
CAN-2003,CAN,2003,16.267523,44.123833,39.608646
CAN-2004,CAN,2004,15.686501,44.548969,39.76453
CAN-2005,CAN,2005,14.816504,45.976749,39.206749
CAN-2006,CAN,2006,14.457152,46.881516,38.661331
CAN-2007,CAN,2007,13.494848,48.181564,38.323586
CAN-2008,CAN,2008,13.003522,48.706802,38.289677
CAN-2009,CAN,2009,12.468069,49.290722,38.241207
CAN-2010,CAN,2010,11.736887,50.311695,37.95142
CAN-2011,CAN,2011,11.368477,51.033012,37.598511
CAN-2012,CAN,2012,11.035321,52.305416,36.659264
CAN-2013,CAN,2013,10.45779,52.971439,36.57077
CAN-2014,CAN,2014,10.011459,53.61496,36.373581
CAN-2015,CAN,2015,9.5978909,55.17366,35.228447
CAN-2016,CAN,2016,9.3911886,56.265068,34.343746
CAN-2017,CAN,2017,8.8729382,56.71452,34.412544
CAN-2018,CAN,2018,8.3779144,57.888363,33.733723
CAN-2019,CAN,2019,8.1420355,59.374844,32.48312
CAN-2020,CAN,2020,7.5580816,59.961113,32.480804
CHE-1991,CHE,1991,19.285833,20.290298,60.42387
CHE-1992,CHE,1992,19.194889,20.960182,59.844929
CHE-1994,CHE,1994,17.797632,21.428631,60.773739
CHE-1995,CHE,1995,17.792086,21.11282,61.095093
CHE-1997,CHE,1997,16.444286,22.192898,61.362816
CHE-1998,CHE,1998,16.277399,22.92836,60.794239
CHE-1999,CHE,1999,16.122025,23.607292,60.270683
CHE-2000,CHE,2000,16.120359,24.177282,59.702358
CHE-2001,CHE,2001,15.138646,25.401983,59.45937
CHE-2002,CHE,2002,15.060054,25.385767,59.55418
CHE-2003,CHE,2003,15.401092,26.875856,57.723049
CHE-2004,CHE,2004,14.979352,28.088779,56.93187
CHE-2005,CHE,2005,14.753095,28.763943,56.482964
CHE-2006,CHE,2006,14.6002,29.851349,55.54845
CHE-2007,CHE,2007,14.042429,31.327906,54.629665
CHE-2008,CHE,2008,13.19206,33.652287,53.155655
CHE-2009,CHE,2009,13.083202,35.020153,51.896645
CHE-2010,CHE,2010,14.966761,33.881504,51.151737
CHE-2011,CHE,2011,15.176706,34.000179,50.823112
CHE-2012,CHE,2012,14.334973,35.291126,50.373901
CHE-2013,CHE,2013,13.589899,37.407192,49.002911
CHE-2014,CHE,2014,12.776213,38.428497,48.795288
CHE-2015,CHE,2015,12.704829,39.782719,47.512451
CHE-2016,CHE,2016,12.564119,41.235474,46.200405
CHE-2017,CHE,2017,12.191644,42.594601,45.213757
CHE-2018,CHE,2018,11.598805,43.744415,44.65678
CHE-2019,CHE,2019,10.993076,44.412537,44.594387
CHE-2020,CHE,2020,10.719828,45.277538,44.002632
CHL-2009,CHL,2009,43.493385,17.120726,39.385891
CHL-2011,CHL,2011,42.320229,17.813892,39.865879
CHL-2013,CHL,2013,38.585766,21.089819,40.324417
CHL-2015,CHL,2015,35.133507,22.475199,42.391296
CHL-2017,CHL,2017,32.552322,25.168179,42.279499
CHL-2020,CHL,2020,28.026119,31.439775,40.534103
CHN-2010,CHN,2010,75.53817,9.6811743,14.780653
CHN-2020,CHN,2020,63.374126,18.535316,18.090559
COL-2014,COL,2014,48.033009,22.356598,29.610394
COL-2015,COL,2015,49.589104,21.562889,28.848007
COL-2016,COL,2016,47.523586,22.247128,30.229284
COL-2017,COL,2017,46.221489,22.491623,31.28689
COL-2018,COL,2018,44.813713,23.391361,31.794924
COL-2019,COL,2019,43.28978,23.819326,32.890892
COL-2020,COL,2020,41.220875,24.594643,34.184483
CRI-1990,CRI,1990,74.924744,11.914576,13.160681
CRI-1991,CRI,1991,76.039444,10.755275,13.205277
CRI-1992,CRI,1992,73.690758,12.237103,14.072138
CRI-1993,CRI,1993,72.007347,13.005966,14.986683
CRI-1994,CRI,1994,71.285805,13.521868,15.192326
CRI-1995,CRI,1995,70.217255,14.495959,15.286785
CRI-1996,CRI,1996,70.934433,13.424905,15.640663
CRI-1997,CRI,1997,69.637726,14.833283,15.528994
CRI-1998,CRI,1998,68.202065,17.31354,14.484394
CRI-1999,CRI,1999,67.841637,17.035275,15.12309
CRI-2000,CRI,2000,69.6353,16.448679,13.91602
CRI-2001,CRI,2001,68.293747,17.826429,13.879825
CRI-2002,CRI,2002,67.236092,18.362774,14.401133
CRI-2003,CRI,2003,65.91481,19.18364,14.901548
CRI-2004,CRI,2004,65.916557,19.812418,14.271029
CRI-2005,CRI,2005,64.873169,20.842731,14.284099
CRI-2006,CRI,2006,64.274269,21.029402,14.696331
CRI-2007,CRI,2007,62.960529,21.768053,15.271419
CRI-2008,CRI,2008,61.940212,22.312418,15.747368
CRI-2009,CRI,2009,61.093235,23.416771,15.489995
CRI-2010,CRI,2010,63.147984,20.980572,15.871445
CRI-2011,CRI,2011,62.58416,21.594719,15.821122
CRI-2012,CRI,2012,60.889778,23.244442,15.865781
CRI-2013,CRI,2013,59.697968,23.270735,17.031296
CRI-2014,CRI,2014,59.457653,23.535925,17.00642
CRI-2015,CRI,2015,60.632359,23.136086,16.231556
CRI-2016,CRI,2016,60.063385,22.998714,16.937899
CRI-2017,CRI,2017,60.489311,22.989092,16.521597
CRI-2018,CRI,2018,60.770302,22.601564,16.628136
CRI-2019,CRI,2019,57.304142,25.066828,17.629028
CRI-2020,CRI,2020,57.331299,25.112001,17.5567
CZE-1994,CZE,1994,17.259413,10.051514,72.689072
CZE-1995,CZE,1995,16.634739,10.607792,72.757469
CZE-1997,CZE,1997,15.044655,10.605698,74.349648
CZE-1998,CZE,1998,14.660916,10.390572,74.948509
CZE-1999,CZE,1999,13.955545,10.835668,75.208786
CZE-2000,CZE,2000,14.05798,10.963162,74.978859
CZE-2001,CZE,2001,13.791635,11.131626,75.076736
CZE-2002,CZE,2002,12.072922,11.94141,75.985672
CZE-2003,CZE,2003,13.580705,12.005664,74.413628
CZE-2004,CZE,2004,10.923604,12.345678,76.730721
CZE-2005,CZE,2005,10.074598,13.058269,76.867134
CZE-2006,CZE,2006,9.7202902,13.522043,76.757668
CZE-2007,CZE,2007,9.4652252,13.732669,76.802109
CZE-2008,CZE,2008,9.096694,14.498895,76.404411
CZE-2009,CZE,2009,8.5971041,15.544437,75.858459
CZE-2010,CZE,2010,8.0573692,16.764982,75.17765
CZE-2011,CZE,2011,7.6677351,18.243177,74.089088
CZE-2012,CZE,2012,7.5491762,19.277992,73.172829
CZE-2013,CZE,2013,7.1797996,20.45986,72.360344
CZE-2014,CZE,2014,6.8099089,21.51013,71.679962
CZE-2015,CZE,2015,6.841207,22.186741,70.972054
CZE-2016,CZE,2016,6.5732007,22.971544,70.455254
CZE-2017,CZE,2017,6.2063141,23.927534,69.86615
CZE-2018,CZE,2018,6.1394086,24.262077,69.598511
CZE-2019,CZE,2019,6.2475748,24.212393,69.540031
CZE-2020,CZE,2020,5.9468889,24.853664,69.199448
DEU-1991,DEU,1991,18.18479,21.774984,60.040226
DEU-1992,DEU,1992,18.084284,21.395245,60.520473
DEU-1994,DEU,1994,15.993667,22.098492,61.907841
DEU-1995,DEU,1995,16.322004,22.59786,61.080135
DEU-1997,DEU,1997,16.763416,22.643158,60.593426
DEU-1998,DEU,1998,16.236273,23.000015,60.76371
DEU-1999,DEU,1999,18.763994,22.895208,58.340797
DEU-2000,DEU,2000,18.273834,23.498837,58.227329
DEU-2001,DEU,2001,17.3916,23.222008,59.386391
DEU-2002,DEU,2002,17.012363,23.427382,59.560257
DEU-2003,DEU,2003,16.622698,23.982014,59.395287
DEU-2004,DEU,2004,16.099459,24.931704,58.968838
DEU-2005,DEU,2005,16.892855,24.552816,58.554329
DEU-2006,DEU,2006,16.763083,23.947578,59.289337
DEU-2007,DEU,2007,15.584911,24.299988,60.115101
DEU-2008,DEU,2008,14.668834,25.400061,59.931107
DEU-2009,DEU,2009,14.520243,26.385326,59.094433
DEU-2010,DEU,2010,14.189683,26.609148,59.201168
DEU-2011,DEU,2011,13.74963,27.562323,58.688049
DEU-2012,DEU,2012,13.699094,28.121572,58.179337
DEU-2013,DEU,2013,13.679199,28.47327,57.84753
DEU-2014,DEU,2014,13.096583,27.057884,59.845531
DEU-2015,DEU,2015,13.208749,27.638235,59.153015
DEU-2016,DEU,2016,13.523512,28.291723,58.184765
DEU-2017,DEU,2017,13.478389,28.58337,57.93824
DEU-2018,DEU,2018,13.324821,29.065134,57.610046
DEU-2019,DEU,2019,13.27747,29.900126,56.822407
DEU-2020,DEU,2020,13.894735,31.255043,54.85022
DNK-1991,DNK,1991,38.506348,18.318893,43.174759
DNK-1992,DNK,1992,41.092419,19.203054,39.704525
DNK-1994,DNK,1994,40.017136,19.617189,40.365673
DNK-1995,DNK,1995,34.520378,21.589775,43.889847
DNK-1998,DNK,1998,21.488886,25.355267,53.155849
DNK-1999,DNK,1999,20.368582,26.50436,53.12706
DNK-2000,DNK,2000,20.218884,25.777601,54.003513
DNK-2001,DNK,2001,19.33378,28.41186,52.25436
DNK-2002,DNK,2002,18.908283,29.61084,51.480877
DNK-2003,DNK,2003,19.446814,31.847263,48.705925
DNK-2004,DNK,2004,18.778183,32.848095,48.373722
DNK-2005,DNK,2005,18.983217,33.544121,47.472664
DNK-2006,DNK,2006,18.359888,34.719662,46.920448
DNK-2007,DNK,2007,25.721992,30.903458,43.37455
DNK-2008,DNK,2008,24.899332,31.126369,43.974297
DNK-2009,DNK,2009,24.137625,32.001427,43.86095
DNK-2010,DNK,2010,23.289925,33.002644,43.707432
DNK-2011,DNK,2011,22.021439,33.662952,44.315609
DNK-2012,DNK,2012,21.165937,34.639698,44.194366
DNK-2013,DNK,2013,20.812916,35.204632,43.982452
DNK-2014,DNK,2014,21.054119,35.667145,43.278736
DNK-2015,DNK,2015,20.280628,36.565422,43.15395
DNK-2016,DNK,2016,19.726067,37.766045,42.507889
DNK-2017,DNK,2017,19.052462,38.889214,42.058323
DNK-2018,DNK,2018,18.940752,39.44791,41.61134
DNK-2019,DNK,2019,18.410515,40.353836,41.235649
DNK-2020,DNK,2020,18.64369,39.326214,42.030094
ESP-1991,ESP,1991,78.183922,9.8881588,11.927919
ESP-1992,ESP,1992,77.053749,13.066113,9.8801394
ESP-1994,ESP,1994,73.768227,15.000957,11.230815
ESP-1995,ESP,1995,71.952583,16.106016,11.941401
ESP-1997,ESP,1997,66.962067,19.111237,13.9267
ESP-1998,ESP,1998,65.352112,20.159647,14.488239
ESP-1999,ESP,1999,63.538891,21.257387,15.203723
ESP-2000,ESP,2000,61.405891,22.704889,15.889219
ESP-2001,ESP,2001,59.625759,23.751223,16.623016
ESP-2002,ESP,2002,57.760826,24.921057,17.318115
ESP-2003,ESP,2003,56.340916,25.625629,18.033455
ESP-2004,ESP,2004,54.636044,26.748661,18.615295
ESP-2005,ESP,2005,51.243546,28.518797,20.237658
ESP-2006,ESP,2006,50.311646,28.809401,20.878954
ESP-2007,ESP,2007,49.358929,29.27644,21.364632
ESP-2008,ESP,2008,48.898933,29.519304,21.58176
ESP-2009,ESP,2009,48.375061,29.989544,21.635395
ESP-2010,ESP,2010,47.127037,31.016668,21.856297
ESP-2011,ESP,2011,45.960678,31.91456,22.12476
ESP-2012,ESP,2012,45.344112,32.649994,22.005894
ESP-2013,ESP,2013,44.545616,33.734821,21.719563
ESP-2014,ESP,2014,43.382374,34.678776,21.93885
ESP-2015,ESP,2015,42.565994,35.081161,22.352846
ESP-2016,ESP,2016,41.726074,35.693489,22.580437
ESP-2017,ESP,2017,40.925529,36.351273,22.723196
ESP-2018,ESP,2018,39.884182,37.252804,22.863016
ESP-2019,ESP,2019,38.685894,38.596992,22.717112
ESP-2020,ESP,2020,37.134796,39.68692,23.178282
EST-1997,EST,1997,17.546963,29.998423,52.454617
EST-1998,EST,1998,16.479084,29.753735,53.767181
EST-1999,EST,1999,15.72357,28.811958,55.464474
EST-2000,EST,2000,14.751366,28.669167,56.579468
EST-2001,EST,2001,13.769239,29.479181,56.751579
EST-2002,EST,2002,13.215323,29.358723,57.425953
EST-2003,EST,2003,12.355169,29.649635,57.995193
EST-2004,EST,2004,11.743241,30.712088,57.54467
EST-2005,EST,2005,11.341643,33.025089,55.633266
EST-2006,EST,2006,11.717903,33.118874,55.163223
EST-2007,EST,2007,11.159678,33.146008,55.694317
EST-2008,EST,2008,11.692819,34.176804,54.130379
EST-2009,EST,2009,11.327562,36.065544,52.606895
EST-2010,EST,2010,10.864561,35.423084,53.712353
EST-2011,EST,2011,10.989735,36.889767,52.120499
EST-2012,EST,2012,10.076135,37.605877,52.317989
EST-2013,EST,2013,9.4806528,37.345535,53.173813
EST-2014,EST,2014,11.895004,37.499954,50.605042
EST-2015,EST,2015,11.442164,38.030697,50.527138
EST-2016,EST,2016,11.10444,38.756851,50.13871
EST-2017,EST,2017,11.317183,39.663879,49.018936
EST-2018,EST,2018,10.810427,41.130722,48.058849
EST-2019,EST,2019,9.9434958,41.368298,48.688206
EST-2020,EST,2020,9.3462172,42.209454,48.444328
FIN-2000,FIN,2000,26.837576,32.614372,40.54805
FIN-2003,FIN,2003,23.959745,33.177582,42.862675
FIN-2004,FIN,2004,22.375042,34.184566,43.440392
FIN-2005,FIN,2005,21.212481,34.629433,44.158085
FIN-2006,FIN,2006,20.363401,35.141739,44.494862
FIN-2007,FIN,2007,19.490316,36.357056,44.152626
FIN-2008,FIN,2008,18.926767,36.583557,44.489677
FIN-2009,FIN,2009,18.026873,37.268574,44.704552
FIN-2010,FIN,2010,17.01717,38.146343,44.836487
FIN-2011,FIN,2011,16.27569,39.318207,44.406101
FIN-2012,FIN,2012,15.202716,39.661289,45.135994
FIN-2013,FIN,2013,14.109433,40.545231,45.345337
FIN-2014,FIN,2014,13.493114,41.776676,44.730209
FIN-2015,FIN,2015,12.847135,42.742619,44.410244
FIN-2016,FIN,2016,12.091855,43.595264,44.312881
FIN-2017,FIN,2017,11.896179,44.304253,43.799568
FIN-2018,FIN,2018,10.926194,45.188133,43.885674
FIN-2019,FIN,2019,9.7360916,45.93438,44.329529
FIN-2020,FIN,2020,8.7888527,47.874241,43.336906
FRA-1991,FRA,1991,49.466606,15.144846,35.388546
FRA-1992,FRA,1992,45.963066,15.980103,38.056831
FRA-1994,FRA,1994,42.228619,17.80175,39.969631
FRA-1995,FRA,1995,40.939255,18.608873,40.45187
FRA-1997,FRA,1997,40.507431,20.023951,39.468616
FRA-1998,FRA,1998,39.278065,20.597754,40.124184
FRA-1999,FRA,1999,38.137104,21.456413,40.406479
FRA-2000,FRA,2000,37.759026,21.58481,40.656166
FRA-2001,FRA,2001,36.132778,23.020861,40.846359
FRA-2002,FRA,2002,35.226971,23.98011,40.792923
FRA-2003,FRA,2003,34.777859,23.917387,41.304752
FRA-2004,FRA,2004,34.187824,24.383652,41.428524
FRA-2005,FRA,2005,33.189934,25.425774,41.384293
FRA-2006,FRA,2006,32.571041,26.183411,41.245548
FRA-2007,FRA,2007,31.532801,26.646099,41.821098
FRA-2008,FRA,2008,30.401829,27.233906,42.364265
FRA-2009,FRA,2009,29.745792,28.588057,41.666153
FRA-2010,FRA,2010,29.233322,29.006897,41.759781
FRA-2011,FRA,2011,28.385553,29.767,41.847446
FRA-2012,FRA,2012,27.465466,30.856123,41.67841
FRA-2013,FRA,2013,25.153784,32.105263,42.740952
FRA-2014,FRA,2014,22.681496,33.539047,43.779457
FRA-2015,FRA,2015,22.467602,34.085361,43.447037
FRA-2016,FRA,2016,21.89171,34.582485,43.525806
FRA-2017,FRA,2017,21.615114,35.213791,43.171093
FRA-2018,FRA,2018,20.640024,36.897491,42.462482
FRA-2019,FRA,2019,19.56168,37.904724,42.533596
FRA-2020,FRA,2020,18.510624,39.717316,41.77206
G20-2010,G20,2010,38.106553,27.800929,35.226455
G20-2011,G20,2011,38.347944,27.505954,35.324735
G20-2012,G20,2012,38.48954,28.318749,34.3355
G20-2018,G20,2018,34.073965,32.830191,34.289461
G20-2019,G20,2019,35.241004,32.160468,33.966363
G20-2020,G20,2020,34.704054,32.903404,33.800804
GBR-1997,GBR,1997,40.922718,22.560804,36.516476
GBR-1998,GBR,1998,39.878498,23.779587,36.341915
GBR-1999,GBR,1999,38.399529,24.858973,36.741501
GBR-2000,GBR,2000,37.388611,25.683083,36.928307
GBR-2001,GBR,2001,37.15152,26.126522,36.721958
GBR-2002,GBR,2002,35.746799,26.840527,37.412674
GBR-2003,GBR,2003,34.921486,27.998173,37.080341
GBR-2004,GBR,2004,33.831558,29.338522,36.829922
GBR-2005,GBR,2005,33.16832,29.709032,37.12265
GBR-2006,GBR,2006,29.098894,34.191841,36.709263
GBR-2007,GBR,2007,27.807289,35.536041,36.656673
GBR-2008,GBR,2008,28.359348,35.216167,36.424484
GBR-2009,GBR,2009,26.256872,36.984959,36.758167
GBR-2010,GBR,2010,24.937599,38.187191,36.87521
GBR-2011,GBR,2011,23.167467,39.412373,37.420158
GBR-2012,GBR,2012,21.91477,40.977753,37.107475
GBR-2013,GBR,2013,20.849527,41.891979,37.258495
GBR-2014,GBR,2014,20.83497,42.217449,36.947582
GBR-2015,GBR,2015,20.38233,44.197987,35.419685
GBR-2016,GBR,2016,19.253021,45.766762,34.980217
GBR-2017,GBR,2017,18.831131,45.744305,35.424564
GBR-2018,GBR,2018,20.707432,45.781677,33.510891
GBR-2019,GBR,2019,19.939764,47.189125,32.871109
GBR-2020,GBR,2020,18.349808,49.39045,32.259743
GRC-1990,GRC,1990,66.015121,10.545712,23.439163
GRC-1991,GRC,1991,64.376518,10.997955,24.625525
GRC-1992,GRC,1992,63.549957,12.241859,24.208183
GRC-1993,GRC,1993,60.966427,12.991105,26.042467
GRC-1994,GRC,1994,58.696846,13.89668,27.406475
GRC-1995,GRC,1995,57.455963,14.274186,28.269852
GRC-1996,GRC,1996,55.831074,15.142701,29.026226
GRC-1997,GRC,1997,54.459099,15.622277,29.918621
GRC-1998,GRC,1998,52.167694,16.878386,30.953918
GRC-1999,GRC,1999,52.244076,17.338158,30.417767
GRC-2000,GRC,2000,50.712349,17.672335,31.615318
GRC-2001,GRC,2001,49.770618,18.067701,32.161682
GRC-2002,GRC,2002,48.158752,18.793383,33.047863
GRC-2003,GRC,2003,46.452507,19.299871,34.24762
GRC-2004,GRC,2004,43.350311,21.286716,35.362972
GRC-2005,GRC,2005,42.286209,21.472097,36.241695
GRC-2006,GRC,2006,40.75304,22.428827,36.81813
GRC-2007,GRC,2007,39.922272,22.893152,37.184578
GRC-2008,GRC,2008,38.692974,23.535585,37.771439
GRC-2009,GRC,2009,38.5051,23.656685,37.838215
GRC-2010,GRC,2010,37.26366,24.744848,37.991489
GRC-2011,GRC,2011,35.445217,26.112072,38.442711
GRC-2012,GRC,2012,34.217484,26.719267,39.063248
GRC-2013,GRC,2013,32.80518,27.423178,39.771641
GRC-2014,GRC,2014,31.733679,28.105659,40.160664
GRC-2015,GRC,2015,29.780088,29.057495,41.162418
GRC-2016,GRC,2016,28.349747,30.231607,41.418648
GRC-2017,GRC,2017,27.290607,31.027514,41.681881
GRC-2018,GRC,2018,26.630527,31.739904,41.629566
GRC-2019,GRC,2019,26.043503,31.890486,42.06601
GRC-2020,GRC,2020,23.603962,32.744011,43.652027
HUN-1997,HUN,1997,36.956242,12.217196,50.826561
HUN-1998,HUN,1998,36.720436,13.1676,50.111961
HUN-1999,HUN,1999,32.65992,13.516391,53.823689
HUN-2000,HUN,2000,30.781889,14.041859,55.17625
HUN-2001,HUN,2001,29.98584,13.984717,56.029442
HUN-2002,HUN,2002,28.577425,14.211662,57.210911
HUN-2003,HUN,2003,25.927795,15.416001,58.6562
HUN-2004,HUN,2004,24.64992,16.748745,58.601334
HUN-2005,HUN,2005,23.609816,17.083904,59.306282
HUN-2006,HUN,2006,21.9265,17.699047,60.374454
HUN-2007,HUN,2007,20.79417,18.048761,61.157066
HUN-2008,HUN,2008,20.296638,19.197906,60.505455
HUN-2009,HUN,2009,19.425785,19.86219,60.712025
HUN-2010,HUN,2010,18.707645,20.121918,61.170437
HUN-2011,HUN,2011,18.232164,21.124001,60.643833
HUN-2012,HUN,2012,17.879883,22.046715,60.073402
HUN-2013,HUN,2013,17.505869,22.505821,59.988312
HUN-2014,HUN,2014,16.905603,23.356073,59.738323
HUN-2015,HUN,2015,16.783051,24.242552,58.9744
HUN-2016,HUN,2016,16.637701,23.713329,59.648968
HUN-2017,HUN,2017,15.97375,24.054041,59.972206
HUN-2018,HUN,2018,15.138174,25.101177,59.760651
HUN-2019,HUN,2019,15.026365,25.981535,58.9921
HUN-2020,HUN,2020,14.426455,27.203154,58.370392
IDN-2004,IDN,2004,77.516731,8.1296101,14.353661
IDN-2005,IDN,2005,76.001915,5.4441252,18.553963
IDN-2006,IDN,2006,74.035995,6.1217303,19.842274
IDN-2007,IDN,2007,73.748695,6.8957992,19.355505
IDN-2008,IDN,2008,79.396156,6.4554873,14.148355
IDN-2009,IDN,2009,71.04689,7.5285029,21.424606
IDN-2010,IDN,2010,69.68969,7.9779863,22.332325
IDN-2011,IDN,2011,68.898232,8.1564999,22.945271
IDN-2012,IDN,2012,68.246284,9.007103,22.746614
IDN-2013,IDN,2013,67.267471,9.3885174,23.344013
IDN-2014,IDN,2014,66.420502,9.6783018,23.901196
IDN-2015,IDN,2015,64.566017,10.567527,24.866455
IDN-2016,IDN,2016,62.975384,11.338527,25.686089
IDN-2017,IDN,2017,62.102646,11.857569,26.039787
IDN-2018,IDN,2018,60.750225,12.401382,26.848392
IDN-2019,IDN,2019,59.947014,12.414515,27.638472
IDN-2020,IDN,2020,58.648563,12.801033,28.550402
IND-2011,IND,2011,71.298172,10.595189,18.10664
IND-2012,IND,2012,84.892136,7.1028476,8.0050173
IND-2018,IND,2018,80.105392,11.461905,8.4327021
IND-2019,IND,2019,78.520782,12.368952,9.1102676
IND-2020,IND,2020,77.645477,12.94724,9.4072857
IRL-1991,IRL,1991,59.80291,15.902357,24.294731
IRL-1992,IRL,1992,57.777081,16.950533,25.272387
IRL-1994,IRL,1994,54.771759,18.557516,26.670725
IRL-1995,IRL,1995,52.839344,19.893375,27.267282
IRL-2000,IRL,2000,42.706924,21.613003,35.680077
IRL-2001,IRL,2001,44.735104,23.577002,31.687897
IRL-2002,IRL,2002,40.004444,24.814322,35.181232
IRL-2003,IRL,2003,38.298161,26.308289,35.393551
IRL-2004,IRL,2004,37.160995,27.820133,35.018871
IRL-2005,IRL,2005,35.466724,29.074234,35.459042
IRL-2006,IRL,2006,33.656101,31.095585,35.248314
IRL-2007,IRL,2007,32.273792,32.39011,35.336098
IRL-2008,IRL,2008,30.546635,33.902611,35.550751
IRL-2009,IRL,2009,28.832077,35.822323,35.3456
IRL-2010,IRL,2010,27.225185,37.584061,35.190754
IRL-2011,IRL,2011,26.365326,38.162312,35.472363
IRL-2012,IRL,2012,25.367115,39.69788,34.935005
IRL-2013,IRL,2013,23.273964,41.47068,35.255356
IRL-2014,IRL,2014,21.187292,40.967049,37.845661
IRL-2015,IRL,2015,20.182577,42.806118,37.011307
IRL-2016,IRL,2016,18.31505,45.104263,36.580685
IRL-2017,IRL,2017,17.994549,45.65897,36.346481
IRL-2018,IRL,2018,16.825432,46.935135,36.239433
IRL-2019,IRL,2019,16.342939,47.306835,36.350227
IRL-2020,IRL,2020,14.507091,49.943962,35.548946
ISL-2003,ISL,2003,34.262501,27.861868,37.875629
ISL-2004,ISL,2004,33.643612,27.94356,38.412827
ISL-2005,ISL,2005,31.825998,29.471401,38.702599
ISL-2006,ISL,2006,31.31949,30.411818,38.268692
ISL-2007,ISL,2007,30.819305,30.804794,38.3759
ISL-2008,ISL,2008,30.940493,31.591888,37.467621
ISL-2009,ISL,2009,30.005922,32.907246,37.08683
ISL-2010,ISL,2010,30.850618,31.298735,37.850647
ISL-2011,ISL,2011,30.366735,32.616898,37.016365
ISL-2012,ISL,2012,30.561222,33.888733,35.550045
ISL-2013,ISL,2013,29.45565,34.277187,36.267162
ISL-2014,ISL,2014,28.481115,35.608643,35.91024
ISL-2015,ISL,2015,26.582855,36.97718,36.439964
ISL-2016,ISL,2016,23.394308,38.100773,38.504921
ISL-2017,ISL,2017,25.207304,39.043491,35.749207
ISL-2018,ISL,2018,24.459627,40.279774,35.260601
ISL-2019,ISL,2019,24.060982,40.948925,34.990093
ISL-2020,ISL,2020,24.087782,40.643898,35.268318
ISR-2002,ISR,2002,19.664862,42.090389,38.244751
ISR-2003,ISR,2003,18.085173,42.89489,39.019939
ISR-2005,ISR,2005,21.065123,43.047825,35.887051
ISR-2007,ISR,2007,19.584095,43.58707,36.828835
ISR-2008,ISR,2008,18.767063,43.980537,37.252399
ISR-2009,ISR,2009,18.222622,44.880913,36.896465
ISR-2010,ISR,2010,17.935621,45.560074,36.504307
ISR-2011,ISR,2011,16.986902,46.396889,36.616207
ISR-2012,ISR,2012,15.451829,46.441711,38.106457
ISR-2013,ISR,2013,15.01176,47.421043,37.567196
ISR-2014,ISR,2014,14.64511,48.53273,36.822159
ISR-2015,ISR,2015,14.464885,48.824478,36.710636
ISR-2016,ISR,2016,13.231215,49.895348,36.87344
ISR-2017,ISR,2017,12.625726,50.91605,36.458225
ISR-2018,ISR,2018,13.634555,50.201576,36.163872
ISR-2019,ISR,2019,12.920499,50.246292,36.83321
ISR-2020,ISR,2020,11.989373,50.12072,37.889904
ITA-1991,ITA,1991,71.787415,6.0649128,22.147673
ITA-1992,ITA,1992,71.566925,6.3786483,22.05443
ITA-1994,ITA,1994,66.810402,7.5035934,25.686005
ITA-1995,ITA,1995,65.061142,7.9192142,27.019644
ITA-1998,ITA,1998,59.284374,8.5931797,32.122448
ITA-1999,ITA,1999,57.758488,9.2728176,32.968697
ITA-2000,ITA,2000,57.886444,9.3770475,32.736511
ITA-2001,ITA,2001,56.725201,10.04891,33.225887
ITA-2002,ITA,2002,55.637676,10.367989,33.994335
ITA-2003,ITA,2003,51.586433,10.460108,37.953461
ITA-2004,ITA,2004,51.4006,11.59316,37.006237
ITA-2005,ITA,2005,49.913864,12.224514,37.861622
ITA-2006,ITA,2006,48.710896,12.872448,38.416656
ITA-2007,ITA,2007,47.700294,13.578119,38.721588
ITA-2008,ITA,2008,46.687767,14.357011,38.955219
ITA-2009,ITA,2009,45.698818,14.510798,39.790382
ITA-2010,ITA,2010,44.825645,14.802574,40.37178
ITA-2011,ITA,2011,43.971539,14.935372,41.093086
ITA-2012,ITA,2012,42.763065,15.708264,41.528671
ITA-2013,ITA,2013,41.84333,16.289694,41.866974
ITA-2014,ITA,2014,40.693222,16.910578,42.396198
ITA-2015,ITA,2015,40.108776,17.546457,42.344765
ITA-2016,ITA,2016,39.856853,17.723593,42.419556
ITA-2017,ITA,2017,39.084484,18.669672,42.245842
ITA-2018,ITA,2018,38.170338,19.368793,42.460869
ITA-2019,ITA,2019,37.743759,19.695461,42.560783
ITA-2020,ITA,2020,37.430363,19.987385,42.582253
JPN-1997,JPN,1997,,30.531231,
JPN-1998,JPN,1998,,30.627626,
JPN-1999,JPN,1999,,31.847042,
JPN-2000,JPN,2000,,33.615494,
JPN-2001,JPN,2001,,34.13689,
JPN-2002,JPN,2002,,36.575481,
JPN-2003,JPN,2003,,37.422066,
JPN-2004,JPN,2004,,38.693394,
JPN-2005,JPN,2005,,39.939026,
JPN-2006,JPN,2006,,40.464294,
JPN-2007,JPN,2007,,41.024883,
JPN-2008,JPN,2008,,42.842262,
JPN-2009,JPN,2009,,43.764038,
JPN-2010,JPN,2010,,44.809975,
JPN-2011,JPN,2011,,46.364063,
JPN-2012,JPN,2012,,46.619377,
JPN-2013,JPN,2013,,47.311993,
JPN-2014,JPN,2014,,48.185074,
JPN-2015,JPN,2015,,49.541573,
JPN-2016,JPN,2016,,50.496956,
JPN-2017,JPN,2017,,51.440529,
JPN-2018,JPN,2018,,51.928062,
JPN-2019,JPN,2019,,52.67799,
JPN-2020,JPN,2020,,54.027344,
KOR-1995,KOR,1995,40.236736,18.117176,41.646088
KOR-1997,KOR,1997,37.931839,19.752064,42.316097
KOR-1998,KOR,1998,33.600086,22.474796,43.925117
KOR-1999,KOR,1999,32.577736,23.132532,44.289734
KOR-2000,KOR,2000,31.754948,23.849094,44.395958
KOR-2001,KOR,2001,30.488056,24.819485,44.692459
KOR-2002,KOR,2002,29.26877,25.88715,44.844082
KOR-2003,KOR,2003,26.809116,29.395346,43.795536
KOR-2004,KOR,2004,25.614571,30.406145,43.979282
KOR-2005,KOR,2005,24.359201,31.619953,44.020844
KOR-2006,KOR,2006,23.094648,33.070503,43.83485
KOR-2007,KOR,2007,21.798021,34.814022,43.387959
KOR-2008,KOR,2008,20.631649,36.669804,42.698547
KOR-2009,KOR,2009,19.37129,38.470245,42.158466
KOR-2010,KOR,2010,19.059269,39.044632,41.896099
KOR-2011,KOR,2011,18.535269,40.381783,41.082951
KOR-2012,KOR,2012,17.488157,41.746613,40.765228
KOR-2013,KOR,2013,16.277796,43.075195,40.647007
KOR-2014,KOR,2014,15.002967,44.49865,40.498386
KOR-2015,KOR,2015,14.229398,45.356678,40.413925
KOR-2016,KOR,2016,13.227958,46.643951,40.12809
KOR-2017,KOR,2017,12.388158,47.744724,39.867115
KOR-2018,KOR,2018,11.811645,49.008511,39.179844
KOR-2019,KOR,2019,11.27041,50.03104,38.698547
KOR-2020,KOR,2020,10.643816,50.708714,38.647469
LTU-2000,LTU,2000,15.770907,41.801403,42.427689
LTU-2005,LTU,2005,12.498502,26.547928,60.953571
LTU-2006,LTU,2006,11.679444,26.751383,61.569172
LTU-2007,LTU,2007,11.068882,28.931429,59.999691
LTU-2008,LTU,2008,9.4485025,30.408518,60.142979
LTU-2009,LTU,2009,8.6813269,30.958277,60.360397
LTU-2010,LTU,2010,8.1011848,32.440029,59.458786
LTU-2011,LTU,2011,7.1331868,33.489258,59.377556
LTU-2012,LTU,2012,6.6762033,34.05378,59.27002
LTU-2013,LTU,2013,6.5573592,35.19833,58.244312
LTU-2014,LTU,2014,8.8240929,36.668087,54.50782
LTU-2015,LTU,2015,8.6442165,38.724106,52.63168
LTU-2016,LTU,2016,7.4843569,39.732628,52.783016
LTU-2017,LTU,2017,7.1719623,40.273941,52.554096
LTU-2018,LTU,2018,7.0224643,41.654594,51.322941
LTU-2019,LTU,2019,6.7358012,43.149418,50.11478
LTU-2020,LTU,2020,6.3598828,44.13818,49.501938
LUX-2000,LUX,2000,39.080746,18.284153,42.635101
LUX-2005,LUX,2005,34.146366,26.549366,39.304268
LUX-2006,LUX,2006,34.479065,23.993208,41.527729
LUX-2007,LUX,2007,34.264404,26.512686,39.222908
LUX-2008,LUX,2008,32.058296,27.653927,40.287777
LUX-2009,LUX,2009,22.655592,34.795971,42.548435
LUX-2010,LUX,2010,22.322315,35.475895,42.20179
LUX-2011,LUX,2011,22.742352,37.034779,40.22287
LUX-2012,LUX,2012,21.69751,39.110382,39.192108
LUX-2013,LUX,2013,19.512997,40.673241,39.813763
LUX-2014,LUX,2014,18.023409,45.935593,36.041
LUX-2015,LUX,2015,25.391632,39.794865,34.813503
LUX-2016,LUX,2016,21.180861,42.856003,35.963139
LUX-2017,LUX,2017,23.302259,40.325737,36.372005
LUX-2018,LUX,2018,22.764822,43.886856,33.34832
LUX-2019,LUX,2019,24.854612,51.642971,23.502417
LUX-2020,LUX,2020,25.849997,51.312302,22.837704
LVA-1996,LVA,1996,19.189783,16.983236,63.826981
LVA-1997,LVA,1997,18.602966,15.955276,65.441757
LVA-1998,LVA,1998,17.136116,17.193325,65.670563
LVA-1999,LVA,1999,16.341381,17.785416,65.873207
LVA-2000,LVA,2000,16.759621,18.218046,65.022331
LVA-2001,LVA,2001,20.794182,17.809738,61.39608
LVA-2002,LVA,2002,17.904789,18.869808,63.225403
LVA-2003,LVA,2003,17.03433,17.920399,65.045273
LVA-2004,LVA,2004,15.678306,19.785511,64.536186
LVA-2005,LVA,2005,15.580102,20.293005,64.126892
LVA-2006,LVA,2006,15.870779,20.919746,63.209473
LVA-2007,LVA,2007,15.36415,22.18199,62.453861
LVA-2008,LVA,2008,14.141485,24.822483,61.03603
LVA-2009,LVA,2009,13.22369,25.846195,60.930115
LVA-2010,LVA,2010,11.396096,26.946114,61.657791
LVA-2011,LVA,2011,12.062219,27.69327,60.244511
LVA-2012,LVA,2012,10.897214,29.227177,59.87561
LVA-2013,LVA,2013,10.645624,31.011995,58.342381
LVA-2014,LVA,2014,13.338798,30.230137,56.431065
LVA-2015,LVA,2015,12.217953,31.591949,56.190098
LVA-2016,LVA,2016,11.318077,33.361481,55.320442
LVA-2017,LVA,2017,12.391879,33.882294,53.725826
LVA-2018,LVA,2018,12.368318,33.939289,53.692394
LVA-2019,LVA,2019,11.564806,35.707733,52.727459
LVA-2020,LVA,2020,10.527256,37.833885,51.638859
MEX-1997,MEX,1997,72.207962,13.244137,14.5479
MEX-1998,MEX,1998,72.002563,13.459542,14.537898
MEX-1999,MEX,1999,72.845215,13.164485,13.990302
MEX-2000,MEX,2000,70.91008,14.635047,14.454871
MEX-2001,MEX,2001,70.337532,15.109115,14.553352
MEX-2002,MEX,2002,70.016335,15.364734,14.618934
MEX-2003,MEX,2003,70.124634,15.5543,14.321067
MEX-2004,MEX,2004,68.566475,16.568291,14.865237
MEX-2005,MEX,2005,71.844093,12.723972,15.431935
MEX-2006,MEX,2006,70.973122,13.26213,15.764752
MEX-2007,MEX,2007,70.421989,13.55181,16.026201
MEX-2008,MEX,2008,70.091904,13.672557,16.235542
MEX-2009,MEX,2009,68.709137,14.308427,16.982433
MEX-2010,MEX,2010,67.913872,14.654601,17.431528
MEX-2011,MEX,2011,66.860298,15.012249,18.127449
MEX-2012,MEX,2012,66.014343,15.709545,18.276108
MEX-2013,MEX,2013,65.209229,16.20183,18.58894
MEX-2014,MEX,2014,64.907104,15.996383,19.09651
MEX-2015,MEX,2015,64.336807,16.278801,19.38439
MEX-2016,MEX,2016,63.365211,16.818605,19.816181
MEX-2017,MEX,2017,62.338387,17.418995,20.242617
MEX-2018,MEX,2018,60.853703,17.979799,21.166498
MEX-2019,MEX,2019,60.211422,18.259947,21.528631
MEX-2020,MEX,2020,58.403774,19.432951,22.163275
NLD-1990,NLD,1990,45.222771,19.184652,35.592579
NLD-1991,NLD,1991,43.743805,19.586224,36.669971
NLD-1992,NLD,1992,42.071236,20.858746,37.070019
NLD-1994,NLD,1994,40.196198,21.390118,38.413685
NLD-1995,NLD,1995,38.790455,21.970234,39.239311
NLD-1998,NLD,1998,35.686409,24.219467,40.094124
NLD-2000,NLD,2000,35.143627,23.375116,41.481255
NLD-2001,NLD,2001,34.89233,23.205473,41.902199
NLD-2002,NLD,2002,32.165543,25.02088,42.813576
NLD-2003,NLD,2003,30.776005,27.545015,41.678982
NLD-2004,NLD,2004,29.093763,29.537558,41.368679
NLD-2005,NLD,2005,28.181055,30.11544,41.703503
NLD-2006,NLD,2006,27.63452,30.189871,42.17561
NLD-2007,NLD,2007,26.816864,30.803967,42.379169
NLD-2008,NLD,2008,26.708052,32.167362,41.124588
NLD-2009,NLD,2009,26.604006,32.785397,40.6106
NLD-2010,NLD,2010,27.026423,32.389164,40.584415
NLD-2011,NLD,2011,27.715986,32.041344,40.242668
NLD-2012,NLD,2012,26.576496,34.398335,39.025169
NLD-2013,NLD,2013,24.204819,33.869305,41.925877
NLD-2014,NLD,2014,24.098568,34.419815,41.481617
NLD-2015,NLD,2015,23.600424,35.330765,41.06881
NLD-2016,NLD,2016,22.9333,35.999168,41.067532
NLD-2017,NLD,2017,21.618059,37.16811,41.213829
NLD-2018,NLD,2018,20.976793,38.343895,40.67931
NLD-2019,NLD,2019,20.440771,40.385136,39.174091
NLD-2020,NLD,2020,18.97662,42.644951,38.378426
NOR-1991,NOR,1991,20.871677,24.811007,54.317318
NOR-1992,NOR,1992,20.986521,25.280275,53.733204
NOR-1994,NOR,1994,19.315317,27.359604,53.325081
NOR-1995,NOR,1995,18.810703,28.633411,52.555885
NOR-2005,NOR,2005,22.786383,32.692787,44.520832
NOR-2006,NOR,2006,21.103868,32.926327,45.969803
NOR-2007,NOR,2007,21.07445,34.198307,44.727242
NOR-2008,NOR,2008,19.278467,36.004189,44.717346
NOR-2009,NOR,2009,19.276142,36.698498,44.02536
NOR-2010,NOR,2010,19.372442,37.284328,43.343231
NOR-2011,NOR,2011,18.103582,38.053513,43.842903
NOR-2012,NOR,2012,17.945995,38.561893,43.492111
NOR-2013,NOR,2013,17.591412,39.770252,42.638336
NOR-2014,NOR,2014,18.052679,41.757915,40.189404
NOR-2015,NOR,2015,17.628136,42.706734,39.665131
NOR-2016,NOR,2016,17.761009,43.016758,39.222229
NOR-2017,NOR,2017,18.030542,43.207031,38.762424
NOR-2018,NOR,2018,17.522373,43.575832,38.901794
NOR-2019,NOR,2019,17.480188,44.129421,38.390388
NOR-2020,NOR,2020,17.518663,45.273285,37.20805
NZL-1990,NZL,1990,43.447365,,
NZL-1991,NZL,1991,44.373329,,
NZL-1992,NZL,1992,43.602989,,
NZL-1994,NZL,1994,42.728489,,
NZL-1995,NZL,1995,40.922394,,
NZL-1997,NZL,1997,39.565754,,
NZL-1998,NZL,1998,38.636364,,
NZL-1999,NZL,1999,38.037067,,
NZL-2000,NZL,2000,36.803673,,
NZL-2001,NZL,2001,35.522774,,
NZL-2002,NZL,2002,34.41552,,
NZL-2003,NZL,2003,33.131687,,
NZL-2004,NZL,2004,32.920467,,
NZL-2005,NZL,2005,31.6005,,
NZL-2006,NZL,2006,31.062853,,
NZL-2007,NZL,2007,28.924793,,
NZL-2008,NZL,2008,27.94714,,
NZL-2009,NZL,2009,27.84214,,
NZL-2010,NZL,2010,26.960302,,
NZL-2011,NZL,2011,25.886049,,
NZL-2012,NZL,2012,25.939383,,
NZL-2013,NZL,2013,28.640007,,
NZL-2014,NZL,2014,25.924784,35.628941,38.446278
NZL-2015,NZL,2015,25.277622,34.040531,40.681847
NZL-2016,NZL,2016,23.423424,36.275139,40.301437
NZL-2017,NZL,2017,21.118555,37.730431,41.151012
NZL-2018,NZL,2018,19.542797,39.292675,41.164528
NZL-2019,NZL,2019,19.30257,39.065784,41.631645
NZL-2020,NZL,2020,19.066416,40.121872,40.81171
OAVG-1995,OAVG,1995,41.888304,,
OAVG-1998,OAVG,1998,37.903775,20.133449,42.430559
OAVG-1999,OAVG,1999,37.189544,20.50001,42.840644
OAVG-2000,OAVG,2000,35.503431,22.081926,42.842438
OAVG-2001,OAVG,2001,36.147895,22.120269,42.16997
OAVG-2002,OAVG,2002,33.960143,23.298293,43.232013
OAVG-2003,OAVG,2003,32.615308,24.677926,43.148783
OAVG-2004,OAVG,2004,31.699633,25.084334,43.710363
OAVG-2005,OAVG,2005,29.956083,26.318972,44.173901
OAVG-2006,OAVG,2006,29.291452,26.525527,44.659087
OAVG-2007,OAVG,2007,28.529906,27.638786,44.236632
OAVG-2008,OAVG,2008,27.700151,28.580724,44.145846
OAVG-2009,OAVG,2009,27.149623,29.333305,43.949164
OAVG-2010,OAVG,2010,26.180388,30.240952,44.0301
OAVG-2011,OAVG,2011,25.951325,30.762404,43.730167
OAVG-2012,OAVG,2012,24.644767,32.183042,43.634866
OAVG-2013,OAVG,2013,24.310184,32.652397,43.579974
OAVG-2014,OAVG,2014,24.26982,33.639394,42.494833
OAVG-2015,OAVG,2015,24.218758,33.951053,42.251555
OAVG-2016,OAVG,2016,22.989976,35.249235,42.184337
OAVG-2017,OAVG,2017,22.850214,35.759683,41.813909
OAVG-2018,OAVG,2018,22.025492,36.847736,41.54567
OAVG-2019,OAVG,2019,21.429248,37.904231,41.076902
OAVG-2020,OAVG,2020,19.797522,39.221042,41.392721
POL-1995,POL,1995,26.256752,13.149148,60.594101
POL-1997,POL,1997,22.954578,10.228083,66.817337
POL-1998,POL,1998,21.707138,10.851001,67.441864
POL-1999,POL,1999,21.480509,11.2755,67.243988
POL-2000,POL,2000,20.119442,11.36204,68.518517
POL-2001,POL,2001,19.421961,11.885846,68.692192
POL-2002,POL,2002,18.766407,12.585118,68.648476
POL-2003,POL,2003,17.379782,14.17064,68.449577
POL-2004,POL,2004,16.07354,15.709586,68.216873
POL-2005,POL,2005,14.887128,16.926928,68.185944
POL-2006,POL,2006,14.18797,17.891872,67.920158
POL-2007,POL,2007,13.698365,18.688519,67.613113
POL-2008,POL,2008,12.851042,19.565832,67.583122
POL-2009,POL,2009,12.027865,21.150869,66.821266
POL-2010,POL,2010,11.485272,22.468407,66.046318
POL-2011,POL,2011,11.087381,23.283596,65.629021
POL-2012,POL,2012,10.402209,24.512804,65.084984
POL-2013,POL,2013,9.8658543,25.755669,64.378479
POL-2014,POL,2014,9.4829636,26.995474,63.521564
POL-2015,POL,2015,9.2220259,27.747267,63.030708
POL-2016,POL,2016,8.6792269,28.711193,62.609581
POL-2017,POL,2017,7.8886991,29.919453,62.191849
POL-2018,POL,2018,7.5521989,30.919592,61.52821
POL-2019,POL,2019,7.3676858,32.014767,60.61755
POL-2020,POL,2020,6.7551556,32.875156,60.369686
PRT-1994,PRT,1994,80.88382,10.669723,8.446456
PRT-1995,PRT,1995,79.913086,11.021688,9.0652218
PRT-1998,PRT,1998,82.148552,8.3049736,9.5464764
PRT-1999,PRT,1999,81.158997,8.6823721,10.158633
PRT-2000,PRT,2000,80.625755,8.8429394,10.531308
PRT-2001,PRT,2001,79.761848,9.2361002,11.002051
PRT-2002,PRT,2002,79.307739,9.4179335,11.274323
PRT-2003,PRT,2003,77.178673,10.958982,11.862341
PRT-2004,PRT,2004,74.843437,12.516933,12.639626
PRT-2005,PRT,2005,73.549492,12.844431,13.606074
PRT-2006,PRT,2006,72.390388,13.480192,14.129419
PRT-2007,PRT,2007,72.544418,13.692096,13.763488
PRT-2008,PRT,2008,71.75206,14.300379,13.947564
PRT-2009,PRT,2009,70.095329,14.66682,15.237852
PRT-2010,PRT,2010,68.082458,15.445285,16.472258
PRT-2011,PRT,2011,64.972481,17.25703,17.770487
PRT-2012,PRT,2012,62.369896,18.534111,19.095991
PRT-2013,PRT,2013,59.952484,19.307142,20.740372
PRT-2014,PRT,2014,56.719505,21.7169,21.563595
PRT-2015,PRT,2015,54.877064,22.857506,22.26543
PRT-2016,PRT,2016,53.085728,23.855154,23.05912
PRT-2017,PRT,2017,52.04673,24.039421,23.913849
PRT-2018,PRT,2018,50.189827,24.984337,24.825838
PRT-2019,PRT,2019,47.824013,26.284128,25.891859
PRT-2020,PRT,2020,44.603264,28.164339,27.232395
RUS-2010,RUS,2010,7.195199,50.371468,42.433334
RUS-2011,RUS,2011,7.2196174,50.557613,42.222771
RUS-2012,RUS,2012,6.9798198,50.516804,42.503376
RUS-2013,RUS,2013,6.7129874,51.261497,42.025513
RUS-2014,RUS,2014,6.6331944,51.567863,41.798943
RUS-2015,RUS,2015,6.3395805,52.42807,41.232349
RUS-2016,RUS,2016,6.0239758,53.056892,40.919132
RUS-2017,RUS,2017,4.757205,56.70015,38.542645
RUS-2018,RUS,2018,4.8022981,56.725521,38.472183
SVK-1997,SVK,1997,21.415857,10.498405,68.085739
SVK-1998,SVK,1998,19.799397,10.290984,69.909622
SVK-1999,SVK,1999,17.563154,10.064605,72.372238
SVK-2000,SVK,2000,16.193579,10.37334,73.433083
SVK-2001,SVK,2001,14.879944,10.942797,74.177261
SVK-2002,SVK,2002,14.090524,10.958904,74.950569
SVK-2003,SVK,2003,13.300556,11.784762,74.91468
SVK-2004,SVK,2004,13.002023,12.776853,74.221123
SVK-2005,SVK,2005,12.130613,14.004099,73.865288
SVK-2006,SVK,2006,11.190296,14.567307,74.242401
SVK-2007,SVK,2007,10.840645,14.438412,74.72094
SVK-2008,SVK,2008,10.066078,14.763523,75.170403
SVK-2009,SVK,2009,9.0549088,15.762831,75.182259
SVK-2010,SVK,2010,9.034791,17.327984,73.63723
SVK-2011,SVK,2011,8.7385187,18.617317,72.644165
SVK-2012,SVK,2012,8.2851295,18.979084,72.735786
SVK-2013,SVK,2013,8.2006197,19.87734,71.922043
SVK-2014,SVK,2014,9.1611462,20.379578,70.459274
SVK-2015,SVK,2015,8.7147398,21.149881,70.135376
SVK-2016,SVK,2016,8.2509651,21.979519,69.769516
SVK-2017,SVK,2017,8.6990681,23.095415,68.205521
SVK-2018,SVK,2018,8.4211197,24.58342,66.995461
SVK-2019,SVK,2019,8.7892141,25.786274,65.424515
SVK-2020,SVK,2020,7.5463114,26.773348,65.680344
SVN-2000,SVN,2000,25.176582,15.726464,59.096954
SVN-2002,SVN,2002,22.982054,15.257369,61.760578
SVN-2003,SVN,2003,21.86058,17.744364,60.395054
SVN-2004,SVN,2004,20.331007,19.040981,60.628014
SVN-2005,SVN,2005,19.703846,20.171976,60.12418
SVN-2006,SVN,2006,18.436632,21.387041,60.176327
SVN-2007,SVN,2007,18.181656,22.227602,59.590744
SVN-2008,SVN,2008,17.956785,22.637665,59.405548
SVN-2009,SVN,2009,16.713486,23.315817,59.970695
SVN-2010,SVN,2010,16.689947,23.716619,59.593433
SVN-2011,SVN,2011,15.523709,25.09059,59.3857
SVN-2012,SVN,2012,15.027221,26.439035,58.533745
SVN-2013,SVN,2013,14.546692,27.880541,57.572769
SVN-2014,SVN,2014,14.274657,28.600916,57.124428
SVN-2015,SVN,2015,13.213673,30.173296,56.613033
SVN-2016,SVN,2016,12.65544,30.735788,56.608772
SVN-2017,SVN,2017,12.3177,34.302807,53.379494
SVN-2018,SVN,2018,11.862703,32.455208,55.682087
SVN-2019,SVN,2019,11.202892,33.283279,55.513828
SVN-2020,SVN,2020,9.7609425,35.881027,54.358028
SWE-1991,SWE,1991,30.885897,25.235058,43.879047
SWE-1992,SWE,1992,29.650333,25.830162,44.519505
SWE-1994,SWE,1994,26.845686,27.01993,46.134384
SWE-1995,SWE,1995,25.347328,28.309612,46.34306
SWE-1997,SWE,1997,24.683062,27.536875,47.780064
SWE-1998,SWE,1998,23.859674,27.991739,48.148586
SWE-1999,SWE,1999,23.393442,28.748779,47.857777
SWE-2000,SWE,2000,22.448189,30.122953,47.42886
SWE-2001,SWE,2001,19.359905,31.602741,49.037354
SWE-2002,SWE,2002,18.423943,32.56509,49.010967
SWE-2003,SWE,2003,17.800028,33.419739,48.780231
SWE-2004,SWE,2004,17.057032,34.529377,48.413593
SWE-2005,SWE,2005,16.40815,29.645443,53.946407
SWE-2006,SWE,2006,15.924377,30.520433,53.555191
SWE-2007,SWE,2007,15.411971,31.328465,53.259563
SWE-2008,SWE,2008,14.958108,32.02702,53.01487
SWE-2009,SWE,2009,14.261111,33.060085,52.678806
SWE-2010,SWE,2010,13.727367,33.868935,52.403698
SWE-2011,SWE,2011,12.964911,35.174355,51.860733
SWE-2012,SWE,2012,12.497745,35.698952,51.803307
SWE-2013,SWE,2013,11.829718,37.034386,51.135899
SWE-2014,SWE,2014,18.445162,38.700306,42.85453
SWE-2015,SWE,2015,18.024088,39.786552,42.189362
SWE-2016,SWE,2016,17.272491,41.139179,41.588329
SWE-2017,SWE,2017,17.003588,41.936691,41.059723
SWE-2018,SWE,2018,16.712725,43.247318,40.039955
SWE-2019,SWE,2019,16.366867,43.970543,39.662586
SWE-2020,SWE,2020,16.099548,44.608795,39.291656
TUR-1991,TUR,1991,82.280052,6.3314686,11.388478
TUR-1992,TUR,1992,86.381432,4.7576094,8.8609562
TUR-1994,TUR,1994,80.244736,7.0107942,12.74447
TUR-1995,TUR,1995,76.977737,8.3635979,14.658667
TUR-1997,TUR,1997,78.995949,7.5800052,13.424049
TUR-1998,TUR,1998,78.171303,7.4544587,14.374236
TUR-1999,TUR,1999,77.53083,8.0786676,14.390502
TUR-2000,TUR,2000,76.703934,8.3461838,14.949884
TUR-2001,TUR,2001,76.448608,8.4432325,15.108155
TUR-2002,TUR,2002,74.994644,9.1408987,15.864458
TUR-2003,TUR,2003,73.536079,9.7044678,16.759451
TUR-2004,TUR,2004,72.799454,9.653903,17.546646
TUR-2005,TUR,2005,71.917953,10.23861,17.843439
TUR-2006,TUR,2006,70.854713,10.919287,18.225998
TUR-2007,TUR,2007,70.408333,11.290907,18.300762
TUR-2008,TUR,2008,69.691528,12.040659,18.267813
TUR-2009,TUR,2009,68.94503,12.710275,18.344694
TUR-2010,TUR,2010,68.793961,13.118464,18.087578
TUR-2011,TUR,2011,67.851822,14.034094,18.114084
TUR-2012,TUR,2012,66.135818,15.290227,18.573956
TUR-2013,TUR,2013,65.167839,15.907355,18.924805
TUR-2014,TUR,2014,64.367012,16.693634,18.939352
TUR-2015,TUR,2015,63.007553,18.020138,18.972311
TUR-2016,TUR,2016,61.486542,19.362528,19.15093
TUR-2017,TUR,2017,60.708405,20.013071,19.278526
TUR-2018,TUR,2018,59.763054,20.780222,19.456722
TUR-2019,TUR,2019,58.29987,21.951159,19.74897
USA-1990,USA,1990,16.766804,23.647634,59.585562
USA-1991,USA,1991,16.288632,23.749318,59.96205
USA-1992,USA,1992,15.957628,30.168661,53.873711
USA-1993,USA,1993,15.101262,31.34177,53.556969
USA-1994,USA,1994,14.857755,32.240868,52.901375
USA-1995,USA,1995,14.20853,33.278633,52.512836
USA-1996,USA,1996,14.340582,33.91544,51.743977
USA-1997,USA,1997,14.087601,34.06329,51.84911
USA-1998,USA,1998,13.544776,34.871624,51.583603
USA-1999,USA,1999,13.080087,35.761505,51.158409
USA-2000,USA,2000,12.557263,36.494774,50.94796
USA-2001,USA,2001,12.616223,37.520222,49.863556
USA-2002,USA,2002,12.656256,38.133007,49.210739
USA-2003,USA,2003,12.469723,38.42197,49.108307
USA-2004,USA,2004,12.092218,39.052998,48.854782
USA-2005,USA,2005,12.225618,39.054729,48.719654
USA-2006,USA,2006,12.203516,39.486282,48.3102
USA-2007,USA,2007,12.088685,40.270866,47.640446
USA-2008,USA,2008,11.304346,41.10516,47.590492
USA-2009,USA,2009,11.355431,41.214626,47.429943
USA-2010,USA,2010,11.030482,41.662415,47.307102
USA-2011,USA,2011,10.741901,42.44838,46.809719
USA-2012,USA,2012,10.692155,43.052437,46.255409
USA-2013,USA,2013,10.371985,43.910252,45.717762
USA-2014,USA,2014,10.429553,44.224617,45.345833
USA-2015,USA,2015,10.457861,44.629398,44.912739
USA-2016,USA,2016,9.8527498,45.666355,44.480896
USA-2017,USA,2017,9.3544931,46.3568,44.288704
USA-2018,USA,2018,9.1761637,47.431145,43.392693
USA-2019,USA,2019,9.1898708,48.340187,42.469944
USA-2020,USA,2020,8.2770815,50.055275,41.667641
ZAF-2010,ZAF,2010,57.293068,6.860743,35.846188
ZAF-2011,ZAF,2011,56.113945,7.147109,36.738945
ZAF-2012,ZAF,2012,58.530075,9.5728703,31.897055
ZAF-2013,ZAF,2013,60.621803,12.632441,26.745756
ZAF-2014,ZAF,2014,59.530769,12.759739,27.709494
ZAF-2015,ZAF,2015,59.361786,13.034455,27.603758
ZAF-2016,ZAF,2016,58.211182,13.804585,27.984232
ZAF-2017,ZAF,2017,55.935062,15.495651,28.569286
ZAF-2018,ZAF,2018,55.297176,15.387996,29.314827
ZAF-2019,ZAF,2019,54.462048,15.798151,29.739803
ZAF-2020,ZAF,2020,52.348087,15.839705,31.812206
