LocationTime,Suicide_Val_TOT,Alcohol_Val,Edu_Sec_Val,Edu_Try_Val,Emp_Val,Healthy_Spend_Val,Obesity_Val,Pov_Val,Smoking_Val,Soc_Spend_Val,Soc_Sup_Val,Work_Hour_Val
ARG-1990,9.3,9.5,52,31.3,8366.7,25.8,,0.1,,,91.7,1854
ARG-1991,8.2,8.4,53.6,30.8,9396.5,26.1,61.8,0.1,13.4,,85.8,1845.6
ARG-1992,9,8.2,61.8,33,9558.4,25.5,59.4,0.1,12.1,2,85.8,1855.7
ARG-1993,9.3,7.5,59.4,33.7,7899.3,24.6,45.8,0.1,11.3,1.9,85.8,1874.2
ARG-1994,8.7,10,45.8,36.1,8366.7,24.3,52.3,0.1,10.8,1.9,85.8,1870.3
ARG-1995,8.4,7.6,52.3,36.9,9396.5,21.9,51.2,0.1,10.4,1.8,85.8,1861.5
ARG-1996,8.4,8.1,51.2,37.6,8517.4,22.4,49.8,0.1,10.2,1.7,94.2,1860.8
ARG-1997,8.1,6.7,49.8,38.3,8366.7,21.7,54.2,0.1,10.1,1.9,85.8,1849.9
ARG-1998,8.4,6.3,54.2,41.3,8188.8,25,51.3,0.1,9.3,2,85.8,1856.1
ARG-1999,8.4,8.3,51.3,39.5,7899.3,28,52.8,0.1,9.8,2.5,96.1,1852.2
ARG-2000,9.4,7.5,52.8,41.9,8517.4,24.5,51.6,0.1,28.2,2.5,92,1828.7
ARG-2001,10.3,6.8,51.6,38.5,8188.8,24.5,49.9,0.1,25.9,2.4,92.8,1818
ARG-2002,10.1,7.5,49.9,30.1,9396.5,24.4,50.1,,,2.4,91.2,1806.5
ARG-2003,10.3,8.5,50.1,27.6,10124.2,24.2,51.2,,18.2,2.1,92.6,1811.4
ARG-2004,9.4,9.2,51.2,16.7,9558.4,25.8,50.2,0.1,17.5,2.1,92.6,1802.4
ARG-2005,9.1,8.2,50.2,17.5,7899.3,26.1,48.5,0.1,16.2,2.2,92.6,1803.1
ARG-2006,8.9,7.6,48.5,17.8,8366.7,25.5,47,0.1,16.3,1.9,92.6,1799.1
ARG-2007,8.3,7.8,47,18,9396.5,24.6,45.8,0.1,15.7,2,92.6,1766.7
ARG-2008,8.5,8.4,45.8,19,9558.4,24.3,44.8,0.1,16.1,2.4,92.6,1777.6
ARG-2009,7.9,8.9,44.8,19.5,8366.7,21.9,43.4,0.1,14.9,2.1,92.6,1773.9
ARG-2010,7.9,8.2,43.4,20.1,9396.5,22.4,42.8,0.1,14,2.1,92.6,1770.8
ARG-2011,7.6,7.7,42.8,20.2,8517.4,21.7,41.4,0.1,13.1,2.2,92.6,1766
ARG-2012,8.4,8,41.4,20.6,10124.2,20.6,40.6,0.1,12.5,1.9,92.6,1755.1
ARG-2013,7.6,8.3,40.6,21.1,7899.3,19.7,41.2,0.1,12,2,92.6,1751.3
ARG-2014,8.1,7.9,41.2,20.5,9396.5,18.8,,0.1,11.3,2.1,,
ARG-2015,7.9,8.5,44.8,,9558.4,18.2,52.3,0.1,10.3,2.1,,
ARG-2016,7.6,8.4,43.4,,8366.7,20.5,51.2,,,2.2,,
ARG-2017,7.8,8.3,42.8,21.4,7899.3,20.1,49.8,,19.6,1.9,,
ARG-2018,8,8,37,21.9,8517.4,21,54.2,,18.6,2,97,
ARG-2019,7.8,8,35.8,22.8,9396.5,20.5,51.3,0.1,17.9,2.4,94.9,
AUS-1990,13.6,10.6,38,,7858.8,143.4,52.8,0.1,17.8,2.1,95,1853
AUS-1991,13.9,10.1,44.1,31.2,7670.5,151.9,51.6,0.1,17.2,2.1,93.7,1854
AUS-1992,13.5,9.9,46.2,,7634.4,160.8,49.9,0.1,16.9,1.2,95.8,1845.6
AUS-1993,12.1,10.2,47.2,22.5,7653.4,169.4,50.1,0.1,16.5,1.4,95.8,1855.7
AUS-1994,13.3,10,49.8,23.1,7899.3,179.4,51.2,0.1,15.8,1.4,95.8,1874.2
AUS-1995,12.3,9.8,44.9,24.3,8188.8,184.4,50.2,0.1,15.5,3.3,95.8,1870.3
AUS-1996,13.6,10,49,,8298.9,199.4,48.5,0.1,15.1,3.5,95.8,1861.5
AUS-1997,14.6,10.2,46.7,24.3,8366.7,199.9,47,0.1,12,3.9,95.8,1860.8
AUS-1998,14.2,10,44,25.4,8517.4,209.1,45.8,0.1,11.3,3.5,95.8,1849.9
AUS-1999,13.4,10,42.6,26.7,8672.6,208.5,44.8,0.1,10.3,4,,1856.1
AUS-2000,12.7,10.2,41.2,27.5,8901.7,238.3,39.2,0.1,,3.7,97,1852.2
AUS-2001,12.9,10,41.1,29,9015,257.8,33.9,,19.6,4,94.9,1828.7
AUS-2002,12,10.4,39.1,30.8,9190.3,270.8,41.5,0.1,18.6,4,95,1818
AUS-2003,11,10.3,37.5,31.3,9396.5,286.1,40.5,0.1,17.9,3.5,93.7,1806.5
AUS-2004,10.7,10.5,35.9,30.8,9558.4,308.8,39.2,0.1,17.8,2.7,95.8,1811.4
AUS-2006,10.6,10.8,33.3,33,10124.2,328,38,0.1,17.2,2.9,95.8,1802.4
AUS-2007,10.7,10.8,31.8,33.7,10434.3,338.4,35.7,0.1,16.9,5.2,95.8,1803.1
AUS-2008,11.1,10.8,30.1,36.1,10731.2,357.4,33.9,0.1,16.5,4.4,95.8,1799.1
AUS-2009,10.8,10.7,29,36.9,10805.6,360.9,33.1,0.1,15.8,4.3,95.8,1766.7
AUS-2010,11,10.4,26.8,37.6,11022.2,387,32,0.1,15.5,4.3,95.8,1777.6
AUS-2011,10.9,10.2,25.9,38.3,11213.8,402,30.4,0.1,15.1,4.6,95.8,1773.9
AUS-2012,11.5,10,23.6,41.3,11350.8,428.8,29.4,0.1,14.9,4.8,95.8,1770.8
AUS-2013,11.5,9.9,24.3,39.5,11456.7,490,29.5,0.1,14.6,5.4,95.8,1766
AUS-2014,12.6,9.7,22.9,41.9,11540.2,504.6,28.7,0.1,13.9,6,,1755.1
AUS-2015,13.2,9.8,21,42.9,11766.3,511.7,28.4,0.1,14.1,6.2,,1751.3
AUS-2016,12.2,9.5,20.1,43.7,11972.9,535.4,27.2,0.1,12.4,6.4,,1738.7
AUS-2017,13.6,9.5,19,45.4,12250.5,535.1,26.4,0.1,11.5,6.6,95.8,1738.5
AUS-2018,13,10.2,18.1,45.7,12579.6,537.9,25.3,0.1,11.2,,95.8,1732.5
AUS-2019,13.3,10.5,17.1,47.1,12868,489.9,,0.1,11.2,,95.8,1722.3
AUS-2020,12.4,9.8,16.2,49.3,12663.5,545.1,,0.1,12.3,,95.8,1683.1
AUT-1990,24.7,14,18.9,28,3412,135.8,,,14.3,2.2,94.9,
AUT-1991,23.6,14,19.6,29.9,3471,144.4,42,,16.8,2.2,95,
AUT-1992,23.4,13.6,15.4,25.4,3543,152,,,,2.2,93.7,
AUT-1993,22.4,13.5,13.8,24.8,3566,162,61.8,0.1,13.4,2.2,95.8,
AUT-1994,23.2,12.5,16.3,29.9,3698,170.4,59.4,0.1,12.1,2.1,95.8,
AUT-1995,23.1,13.4,15.2,24.8,3729,181,45.8,0.1,11.3,2.1,95.8,1653
AUT-1996,23.1,13.5,19.8,28,3679,189.3,52.3,0.1,10.8,2,95.8,1683
AUT-1997,20.4,12.9,24.5,25.4,3684,194,51.2,0.1,10.4,2,95.8,1691
AUT-1998,20.1,12.9,28.8,24.8,3689,207.8,49.8,0.1,10.2,1.9,95.8,1671
AUT-1999,19.9,12.8,31.2,,3731,217.4,54.2,0.1,10.1,2,95.8,1675
AUT-2000,20.1,13.2,33,25.4,3741,237.5,51.3,0.1,9.3,2.1,94.9,1675
AUT-2001,18.6,12.3,29,28,3708,247.3,52.8,0.1,9.8,2,,1663
AUT-2002,19.2,12.1,28,29.9,3757,269.7,51.6,0.1,28.2,2,,1661
AUT-2003,18,12.3,25,29.9,3790,281.2,49.9,0.1,25.9,2,95.8,1652
AUT-2004,17.3,12.1,23.7,24.8,3732,312.4,50.1,0.1,,2,95.8,1655
AUT-2005,16.8,12.2,23.1,24.6,3747.4,311,51.2,,,2,95.8,1632
AUT-2006,15.2,12.5,19.9,25.4,3826,319.5,50.2,,25.5,2,95.8,1617
AUT-2007,15.1,12.5,20.1,25.1,3923.6,333.7,48.5,0.1,,2,,1606
AUT-2008,14.6,12,19.1,26.2,3994,343.8,47,0.1,24.5,2.1,92.7,1599
AUT-2009,14.6,11.8,18.4,29.9,3982.1,348.6,45.8,0.1,,2.2,87.1,1558
AUT-2010,14.4,12.1,17.6,27.7,4016.6,369.2,44.8,0.1,23.8,2.2,93.1,1552
AUT-2011,14.6,11.9,17.6,28,4052.4,377,43.4,0.1,,2.2,93.1,1557
AUT-2012,14.2,12.1,17.1,28.7,4084.4,396.6,42.8,0.1,,2.2,93.1,1535
AUT-2013,14.2,11.9,17,29.7,4104.6,422.6,41.4,0.1,22.4,2.2,93.1,1520
AUT-2014,14.3,12.2,16.1,29.9,4112.7,430.4,40.6,0.1,,2.2,93.1,1510
AUT-2015,13.4,11.2,15.4,30.6,4148.3,437,41.2,0.1,18.7,2.2,93.1,1495
AUT-2016,12.7,11.4,15.5,31.4,4220.2,460.5,,0.1,,2.2,93.1,1507
AUT-2017,12.8,11.3,15,32.4,4260.1,469.9,,0.1,17.3,2.2,93.1,1498
AUT-2018,12.5,11.3,14.7,32.7,4319,475.3,,0.1,,26.9,93.1,1502
AUT-2019,11.4,11.6,14.4,33.8,4354.7,476.3,51.1,0.1,18.2,26.9,93.1,1508.6
AUT-2020,10.8,11.3,14.3,34.2,4296.8,470.5,,0.1,17.5,,93.1,1400.7
BEL-1990,19.8,12.2,14.7,24.8,3726,,46.5,0.1,16.2,1.6,91.7,1662.9
BEL-1991,18.6,11.4,56.8,19.6,3735,,33.9,0.1,16.3,1.5,85.8,1625.8
BEL-1992,19.2,11.7,54.7,20.2,3723.7,,41.5,0.1,15.7,1.9,85.8,1602.7
BEL-1993,21.8,11.7,41.5,32.4,3698,,39.2,0.1,16.1,2.3,85.8,1558.6
BEL-1994,21.5,11.1,50.6,22.3,3687,,33.9,0.1,14.9,2.3,85.8,1558.6
BEL-1995,21.6,11,46.5,24.6,3715,137.5,41.5,0.2,14,2.1,85.8,1578
BEL-1996,20,10.9,33.9,25.4,3738.1,136.5,40.5,0.2,13.1,2,94.2,1575
BEL-1997,21.4,10.9,41.5,32.4,3762.2,157.8,39.2,0.2,12.5,1.9,85.8,1582
BEL-1998,20,9.9,39.2,,3810.4,167.1,38,0.2,12,1.9,85.8,1574
BEL-1999,18.2,10.1,33.9,32.4,4007,179.6,35.7,0.2,11.3,1.8,96.1,1575
BEL-2000,20.9,11.2,41.5,32.4,4092.7,203.7,33.9,0.3,10.3,1.7,92,1589
BEL-2001,21,11,40.5,27.6,4055.6,206,33.1,0.2,24.1,1.9,92.8,1581
BEL-2002,20,11.3,39.2,28.1,4069.8,240.4,32,0.2,,2,91.2,1594
BEL-2003,20.1,11.3,38,29,4070.4,259.3,30.4,0.2,16.2,2.5,92.6,1598
BEL-2004,18.8,12.1,35.7,30.4,4139,265.8,29.4,0.2,16.3,2.5,92.6,1588
BEL-2005,19.1,12.2,33.9,31,4235.4,269.4,29.5,0.2,15.7,2.4,92.6,1578
BEL-2006,18.1,10.9,33.1,31.8,4264,279.4,28.7,0.2,16.1,2.4,92.6,1592
BEL-2007,17.1,10.3,32,32.1,4379.7,293.5,28.4,,14.9,2.1,92.6,1594
BEL-2008,18.3,10.5,30.4,32.3,4445.9,294.9,27.2,,14,2.1,92.6,1582
BEL-2009,18.3,10.1,29.4,33.4,4420.7,301.4,26.4,,13.1,2.2,92.6,1563
BEL-2010,18.2,10.3,29.5,35,4488.7,317.7,25.3,0.2,12.5,1.9,92.6,1574
BEL-2011,18.6,10.1,28.7,34.6,4509.3,330.2,,0.2,12,2,92.6,1590
BEL-2012,17.9,10.1,28.4,35.3,4523.9,338,,0.2,11.3,2,92.6,1587
BEL-2013,16.6,10.3,27.2,35.5,4530.3,360,48.1,0.2,18.9,1.9,92.6,1586
BEL-2014,16.5,10.6,26.4,36.9,4543.6,369.1,51,0.2,15.7,1.8,,1582
BEL-2015,16.2,10.4,25.3,36.9,4551.6,381.7,,0.2,16.1,1.9,92,1575
BEL-2016,16.3,9.4,24.9,37.5,4586.4,388.9,,0.3,14.9,1.9,92.8,1574
BEL-2017,14.8,9.3,23.2,40.3,4637.8,397.1,,0.2,14,1.9,91.2,1578
BEL-2018,15.2,9.2,21.8,40.6,4755.2,410.9,55.4,0.2,13.1,28.8,92.6,1580
BGR-1990,17.2,6.8,39.2,,9396.5,196.9,,0.2,,,92.6,
BGR-1991,17.7,9.4,33.9,,9558.4,202.7,61.8,0.2,12.4,2,95,
BGR-1992,20.2,7.8,41.5,37.5,10124.2,206.9,59.4,0.2,11.5,1.9,93.7,
BGR-1993,18.9,7.9,40.5,40.3,10434.3,221.8,45.8,0.2,11.2,1.9,95.8,
BGR-1994,19,9.8,39.2,40.6,10731.2,229,52.3,,11.2,1.8,95.8,
BGR-1995,18.4,8.4,38,,10805.6,240.6,51.2,,12.3,1.7,95.8,1710.7
BGR-1996,19.9,8.6,35.7,,11022.2,256.1,49.8,0.2,14.3,1.9,95.8,1708.2
BGR-1997,19,7.9,33.9,,11213.8,276,54.2,0.2,16.8,2,95.8,1706.9
BGR-1998,20.2,9.2,33.1,24.8,11350.8,293.7,51.3,0.2,,2.5,95.8,1650
BGR-1999,17,9.9,32,19.6,11456.7,302.8,52.8,0.2,13.4,2.5,95.8,1669.5
BGR-2000,18,10.1,30.4,20.2,11540.2,324.4,51.6,0.2,12.1,2.4,,1640.3
BGR-2001,16.9,11.2,29.4,32.4,11766.3,341.7,49.9,0.2,11.3,2.4,97,1651.9
BGR-2002,17.1,10.6,28.8,22.3,11972.9,366.4,50.1,0.3,10.8,2.1,94.9,1651.3
BGR-2003,14.3,11.2,31.2,24.6,12250.5,387.1,51.2,0.2,10.4,2.1,95,1640.5
BGR-2004,13,11,33,25.4,12579.6,102.3,50.2,0.2,10.2,2.2,93.7,1663.7
BGR-2005,12.6,10.5,29,32.4,12868,109.3,48.5,0.2,10.1,1.9,95.8,1658.6
BGR-2006,12.5,10.4,28,,12663.5,121.9,47,0.2,9.3,2,95.8,1654.1
BGR-2007,11.4,10.9,25,32.4,3412,129.7,45.8,0.2,9.8,2.7,95.8,1654.5
BGR-2008,11.9,11,23.7,32.4,,142.9,44.8,0.2,28.2,2.7,95.8,1693.6
BGR-2009,11,11,23.1,27.6,,152.8,43.4,,25.9,2.7,95.8,1646.3
BGR-2010,10.9,9.8,19.9,28.1,18964.4,169.4,42.8,0.2,,2.7,95.8,1644.8
BGR-2011,9.8,9.9,20.1,29,19500.1,189.4,41.4,0.2,,2.5,95.8,1643.6
BGR-2012,11.1,10.9,19.1,30.4,19865.4,222.7,40.6,0.2,25.5,2.6,95.8,1644.4
BGR-2013,9.2,10.3,18.4,31,20383,193.9,41.2,0.3,,2.9,95.8,1645
BGR-2014,9.2,10.3,17.6,31.8,21070.6,209.8,,0.2,24.5,3.2,,1644.1
BGR-2015,8.7,10.9,17.6,32.1,21232.7,225.8,,0.2,,3,,1644.4
BGR-2016,8.6,11.1,17.1,32.3,21979.9,253.8,49.8,0.2,23.8,3.1,,1643.5
BGR-2017,8.9,10.9,17,33.4,22432.9,261.9,54.2,0.2,,3.2,,1643.3
BGR-2018,8.3,11.5,16.1,35,22921.6,255.6,51.3,0.2,,4.1,,1644.6
BGR-2019,7.4,11.2,38,34.6,,250,52.8,0.2,22.4,,,1645.2
BRA-1990,4.8,5.3,35.7,35.3,12730.9,32,51.6,,,,97,
BRA-1991,5.1,5.5,33.9,35.5,12792.8,31.3,49.9,0.2,18.7,,94.9,
BRA-1992,4.9,5.3,33.1,9.6,13058.7,30.9,50.1,0.2,,,95,
BRA-1993,4.9,4.9,32,10.8,13295.4,31,51.2,0.2,17.3,,93.7,
BRA-1994,5.1,5.2,30.4,10.9,13420.1,31.5,50.2,0.2,,1.2,95.8,
BRA-1995,5.5,5.9,29.4,,13708.2,30.9,48.5,0.2,18.2,1.3,95.8,1854
BRA-1996,5.6,6,28.8,11.6,14047,31.1,47,0.2,17.5,1.3,95.8,1845.6
BRA-1997,5.5,5.9,31.2,13,14402,30.4,41.5,,16.2,1.3,95.8,1855.7
BRA-1998,5.5,5.7,33,13.7,14760.1,30.3,39.2,0.2,16.3,1.5,95.8,1874.2
BRA-1999,4.9,5.9,29,14.3,14932.3,29.7,33.9,0.2,15.7,2.7,95.8,1870.3
BRA-2000,5.1,7.3,28,14.8,15291.3,238,41.5,0.2,16.1,2.8,95.8,1861.5
BRA-2001,5.5,7.2,25,16.9,15660.8,32,40.5,0.3,14.9,2.7,94.9,1860.8
BRA-2002,5.3,7,23.7,17.1,15915,31.3,39.2,0.2,14,2.7,,1849.9
BRA-2003,5.2,6.8,23.1,18.4,18416.3,30.9,38,0.2,13.1,2.7,,1856.1
BRA-2004,5.3,6.7,30.8,18.7,18964.4,31,35.7,0.2,12.5,2.7,,1852.2
BRA-2005,5.6,6.8,48.5,,19500.1,31.5,33.9,0.2,12,2.5,,1828.7
BRA-2006,5.4,6.9,58.9,,19865.4,30.9,33.1,0.3,11.3,2.6,88,1818
BRA-2007,5.5,6.9,63.2,9.6,20383,31.1,32,0.3,10.3,2.9,88.1,1806.5
BRA-2008,5.6,6.8,61.2,10.8,21070.6,30.4,30.4,0.3,24.1,3.2,87.2,1811.4
BRA-2009,5.6,7,59.3,10.9,21232.7,30.3,29.4,0.3,14.3,3,90.7,1802.4
BRA-2010,5.6,7.2,,,21979.9,29.7,29.5,0.3,14.1,3.1,85.3,1803.1
BRA-2011,5.7,7.1,56.7,11.6,22432.9,238,28.7,0.3,13.4,3.2,85.3,1799.1
BRA-2012,5.9,7.1,55,13,22921.6,251.1,28.4,0.3,12.1,4.1,85.3,1766.7
BRA-2013,5.9,6.9,53.6,13.7,23089.2,259.9,27.2,0.3,11.3,4.3,85.3,1777.6
BRA-2014,5.8,6.9,52.6,14.3,23064,276.3,26.4,0.3,10.8,4.3,85.3,1773.9
BRA-2015,6.1,6.6,51.1,14.8,,263.6,25.3,0.3,10.4,4.4,85.3,1770.8
BRA-2016,6.1,6.4,48.8,16.9,,265.8,,0.3,10.2,4.6,85.3,1766
BRA-2017,6.5,6.3,48,17.1,,276,29.5,0.3,10.1,4.8,85.3,1755.1
BRA-2018,6.5,6.2,46.3,18.4,,287.8,28.7,0.3,9.3,5.1,85.3,1751.3
BRA-2019,6.7,6.1,45.1,18.7,,300.2,28.4,0.3,9.8,4.9,85.3,
CAN-1990,12.9,8.5,31,28,13086.4,155.1,,0.2,28.2,5,,1797
CAN-1991,13.4,8.2,30,28.3,12857.4,164,,0.2,25.9,5.2,,1775
CAN-1992,13.3,7.8,28.7,29,12730.9,175,,0.2,,5.4,,1772
CAN-1993,13.4,7.5,26.7,30.4,12792.8,187.7,,0.2,,5.3,,1769
CAN-1994,13.1,7.4,26.2,33.5,13058.7,196.9,48.6,0.2,25.5,5.4,,1778
CAN-1995,13.5,7.4,24.9,34.5,13295.4,202.7,,0.2,,5.5,93.9,1775
CAN-1996,13.4,7.4,23.6,35.6,13420.1,206.9,48,0.2,24.5,5.5,94.1,1790
CAN-1997,12.4,7.2,22.2,37.4,13708.2,221.8,,0.2,,5.3,94.1,1798
CAN-1998,12.3,7.3,21.3,38.3,14047,229,50.6,0.2,23.8,5.1,94.1,1794
CAN-1999,13.3,7.5,20.4,39.4,14402,240.6,,0.1,,4.9,94.1,1793
CAN-2000,11.6,7.6,19.3,40.1,14760.1,256.1,,0.2,,5,94.1,1787
CAN-2001,11.8,7.6,18,41.9,14932.3,276,48.2,0.1,22.4,5.2,94.1,1774
CAN-2002,11.6,7.7,17.3,42.9,15291.3,293.7,,0.2,,5.4,94.1,1755
CAN-2003,11.8,7.7,16.3,44.1,15660.8,302.8,49.4,0.2,18.7,5.3,94.1,1745
CAN-2004,11.2,7.8,15.7,44.5,15915,324.4,56.8,0.2,,5.4,94.1,1755
CAN-2005,11.3,8,14.8,46,16123.5,341.7,57.7,0.2,17.3,5.5,,1745
CAN-2006,11,8.2,14.5,46.9,16375,366.4,,0.2,,5.5,95.8,1744
CAN-2007,10.7,8.4,13.5,48.2,16719.1,387.1,49.1,0.2,18.2,5.3,,1744
CAN-2008,10.9,8.4,13,48.7,16959.1,399.2,60,0.2,17.5,4.6,93.6,1741
CAN-2009,11.2,8.4,12.5,49.3,16685.3,403.2,50,0.2,16.2,5,93.9,1712
CAN-2010,11.3,8.4,11.7,50.3,16907.3,427.7,50.6,0.2,16.3,5.3,94.1,1715
CAN-2011,10.9,8.2,11.4,51,17171.7,430.5,60.4,0.2,15.7,5.2,94.1,1713
CAN-2012,11,8.3,11,52.3,17362.9,437.7,50.9,0.2,16.1,5.4,94.1,1722
CAN-2013,11.2,8.2,10.5,53,17585.1,442.7,62,0.2,14.9,5.5,94.1,1716
CAN-2014,11.7,8,10,53.6,17677.2,455.5,52.5,0.1,14,5.7,94.1,1710
CAN-2015,12,8,9.6,55.2,17794,464.2,64.2,0.2,13.1,6.2,94.1,1712
CAN-2016,10.7,8.1,9.4,56.3,17911.6,521,53.1,0.1,12.5,6.2,94.1,1706
CAN-2017,11.1,8.2,8.9,56.7,18281.1,530.8,22.9,0.1,12,7.1,94.1,1695
CAN-2018,10.1,8.2,8.4,57.9,18568,544.4,23.6,0.1,11.3,7.1,94.1,1708
CAN-2019,10.5,8,8.1,59.4,18985.6,534,24.2,0.1,10.3,,94.1,1690
CHE-1990,22.4,12.9,,,,,25.4,,,3.5,,
CHE-1991,23.2,12.9,19.3,20.3,,,25.4,0.1,,3.7,,1718.1
CHE-1992,21.2,12.3,19.2,21,16685.3,,26.9,0.1,28.1,4.1,,1725.4
CHE-1993,20.8,12.1,,,16907.3,,28.1,0.1,12.4,4.3,93.9,1720.4
CHE-1994,21.9,11.8,17.8,21.4,17171.7,,28.8,0.1,11.5,4.6,94.1,1739.7
CHE-1995,20.7,11.4,17.8,21.1,17362.9,404.5,29.9,0.1,11.2,7.7,94.1,1720.3
CHE-1996,20.7,11.3,,,,417.4,31.3,0.1,11.2,8.3,94.1,1696.9
CHE-1997,19.2,11.2,16.4,22.2,,426.8,33.7,0.1,12.3,8.5,94.1,1687.5
CHE-1998,19.6,11.1,16.3,22.9,3833,440.7,35,0.1,14.3,8.8,94.1,1695.5
CHE-1999,18.3,11.1,16.1,23.6,3862,450.8,33.9,0.1,16.8,9,94.1,1717.4
CHE-2000,19.2,11.2,16.1,24.2,3878.8,479.6,34,0.1,,9.2,94.1,1712.7
CHE-2001,18.6,11.1,15.1,25.4,3938.2,496.2,35.3,0.1,13.4,9.5,94.1,1672.8
CHE-2002,19.7,10.8,15.1,25.4,3964.9,520.3,37.4,0.1,12.1,9.8,94.1,1651.3
CHE-2003,17.2,10.8,15.4,26.9,3963,514.9,39.2,0.1,11.3,10.1,,1664.5
CHE-2004,17.2,10.7,15,28.1,3959.2,540.3,38,,10.8,10.4,,1695
CHE-2005,17.2,10.1,14.8,28.8,3974.5,519.2,35.7,,10.4,10.4,,1690
CHE-2006,17.1,10.2,14.6,29.9,4051.4,543.6,33.9,0.1,10.2,10.1,94.2,1679.2
CHE-2007,17.5,10.4,14,31.3,4122,589.4,33.1,0.1,10.1,9.9,,1668.9
CHE-2008,16.7,10.2,13.2,33.7,4228.8,609,32,0.1,9.3,9.9,,1659.5
CHE-2009,13.8,10.1,13.1,35,4268,619,30.4,0.1,9.8,10.5,93.2,1650.8
CHE-2010,12.3,10,15,33.9,4207.5,618.9,29.4,0.1,28.2,10.4,,1611.2
CHE-2011,12.5,10,15.2,34,4297.8,629.9,29.5,0.1,25.9,10.5,,1608.3
CHE-2012,12.4,9.9,14.3,35.3,4351.1,640,28.7,0.1,,10.6,92.8,1592.6
CHE-2013,12.6,9.8,13.6,37.4,4392.4,664.5,28.4,0.1,,10.9,,1572.7
CHE-2014,11.9,9.5,12.8,38.4,4468.4,708.7,27.2,0.1,25.5,11,92.8,1564.5
CHE-2015,12.3,9.5,12.7,39.8,4538,740.3,26.4,0.1,,11.4,94.3,1576.6
CHE-2016,11.5,9.3,12.6,41.2,4603.9,796.5,25.3,0.1,24.5,11.7,92.8,1577
CHE-2017,11.6,9.2,12.2,42.6,4636.3,793.9,41.8,0.1,,11.8,92.8,1559.1
CHE-2018,11.1,9.1,11.6,43.7,4675.1,804.8,,0.1,23.8,11.7,92.8,1551.4
CHE-2019,11.1,9.3,11,44.4,4705.8,781.5,,0.1,,,92.8,1549.4
CHL-1990,7.2,8.6,15,23.6,4450,450.8,22.9,,,0.5,,2422
CHL-1991,7.3,8,14.8,24.2,4518,479.6,23.6,0.1,22.4,0.7,,2419
CHL-1992,6,7.8,14.6,25.4,4723.8,496.2,24.2,0.1,,0.8,,2415
CHL-1993,6.9,7.7,14,25.4,4992.3,520.3,25.4,0.1,18.7,0.9,87.9,2389
CHL-1994,7.1,7.7,13.2,26.9,5036.2,514.9,25.4,0.1,,1.1,88.4,2364
CHL-1995,8.1,8.3,13.1,28.1,5095.3,540.3,26.9,0.1,17.3,1.2,81.7,2338
CHL-1996,7.6,7.4,15,28.8,5182.1,519.2,28.1,0.1,,1.3,81.7,2313
CHL-1997,7.4,6.6,15.2,29.9,5281.3,543.6,28.8,0.1,18.2,1.3,81.7,2256
CHL-1998,8.3,7.3,14.3,31.3,5393.9,589.4,29.9,0.1,17.5,1.3,81.7,2299
CHL-1999,8.3,7.6,13.6,33.7,5315.5,609,31.3,0.1,16.2,1.5,81.7,2277
CHL-2000,11.3,6.2,24.9,35,5414.1,619,33.7,0.1,16.3,2.7,81.7,2263
CHL-2001,11.9,6.2,23.6,33.9,5468.1,618.9,35,0.1,15.7,2.8,81.7,2242
CHL-2002,11.6,5.5,22.2,34,5570.5,629.9,33.9,0.1,16.1,2.7,,2250
CHL-2003,11.9,6.5,21.3,35.3,5788.5,640,34,0.1,14.9,2.7,,2235
CHL-2004,11.9,6.8,20.4,37.4,5946.4,664.5,35.3,0.1,14,2.7,,2232
CHL-2005,11.4,7.2,19.3,38.4,6170.3,708.7,37.4,0.1,13.1,2.7,,2157
CHL-2006,11.9,6.9,18,39.8,6271.9,163,47.4,0.1,12.5,2.5,82.8,2165
CHL-2007,11.9,7.4,17.3,41.2,6448.9,175.1,,0.1,12,2.6,80.7,2128
CHL-2008,13.2,7.4,16.3,42.6,6641.4,179.6,,0.1,11.3,2.9,79.7,2095
CHL-2009,13.4,7.2,15.7,43.7,6592.6,193.7,64.5,0.1,10.3,3.2,82.6,2074
CHL-2010,12.3,7.6,14.8,,7334.9,185.9,,0.1,24.1,3,77.5,2069.8
CHL-2011,12.5,7.1,14.5,17.8,7699.4,197.6,33.9,0.1,,3.1,77.5,2050.2
CHL-2012,11.2,8.3,18,,7872.7,212.3,34,0.1,,3.2,77.5,2027.4
CHL-2013,10.5,7.2,38.6,21.1,8038.8,239.2,35.3,0.1,,3.3,77.5,2021.3
CHL-2014,10.6,7.9,41,,8153.7,254.9,37.4,0.1,,3.4,77.5,1994.4
CHL-2015,10.9,7.9,35.1,22.5,8294.6,267,38.4,0.1,,3.5,77.5,1993.7
CHL-2016,10.6,6.4,38,,8394.3,283.6,39.8,0.1,24.5,3.5,77.5,1977.5
CHL-2017,10.5,5.7,32.6,25.2,8597.6,296.1,41.2,0.2,12.4,3.7,77.5,1963.1
CHL-2018,10,6.3,29,,8784.9,316.2,42.6,0.3,11.5,3.7,77.5,1955.5
COL-1990,3.6,7,25.8,21.6,,119.4,43.7,0.3,11.2,,,
COL-1991,3.7,7.3,23.4,22.2,4992.3,129.6,,0.3,11.2,,,
COL-1992,4.1,6.2,29.1,22.5,5036.2,136.8,17.8,0.3,12.3,,,1669.5
COL-1993,4.2,6.7,32,23.4,5095.3,143.9,,0.3,14.3,1.2,87.9,1640.3
COL-1994,4.5,6.8,15,23.8,5182.1,163,21.1,0.3,16.8,1.3,88.4,1651.9
COL-1995,4.2,7,14.8,11.9,5281.3,175.1,14.8,0.3,,1.3,81.7,1651.3
COL-1996,4.3,6.7,14.6,10.8,5393.9,179.6,14.6,0.3,13.4,1.3,81.7,1640.5
COL-1997,4.1,6.5,14,12.2,5315.5,193.7,14,0.3,12.1,1.5,81.7,1663.7
COL-1998,6.9,6.6,13.2,13,5414.1,185.9,13.2,0.3,11.3,2.7,81.7,1658.6
COL-1999,6.5,6.3,13.1,13.5,5468.1,197.6,13.1,0.3,10.8,2.8,81.7,1654.1
COL-2000,6.8,4.5,15,14.5,5570.5,212.3,15,0.3,10.4,2.7,81.7,1654.5
COL-2001,6.8,4.3,15.2,13.4,5788.5,239.2,15.2,0.3,10.2,2.7,81.7,1693.6
COL-2002,6.3,4.3,14.3,14.8,5946.4,254.9,14.3,0.3,10.1,2.7,,1646.3
COL-2003,6.1,4.1,13.6,17.3,6170.3,267,13.6,,9.3,2.7,,1644.8
COL-2004,6.3,4.1,24.9,17,6271.9,283.6,24.9,0.3,9.8,2.5,,1643.6
COL-2005,5.8,4.3,23.6,16.4,6448.9,13.7,23.6,0.3,28.2,2.6,,1644.4
COL-2006,5.7,4.4,22.2,17.8,6641.4,13.6,22.2,0.3,25.9,2.9,90.3,1645
COL-2007,5.5,4.5,21.3,37.4,6592.6,14.3,21.3,0.3,,3.2,89.2,1644.1
COL-2008,5.5,4.4,20.4,38.4,7334.9,15.1,20.4,0.3,,3,87.9,
COL-2009,5.5,4.2,19.3,39.8,7699.4,13.7,19.3,0.3,25.5,3.1,88.4,
COL-2010,5,4.2,18,41.2,18610.9,13.5,18,0.3,,3.2,81.7,
COL-2011,4.8,4.3,17.3,42.6,19350.5,72,17.3,0.3,24.5,1.6,81.7,
COL-2012,4.9,4.4,16.3,43.7,20016.8,82.3,16.3,0.3,,1.7,81.7,
COL-2013,4.7,4.3,15.7,,20370.6,84,15.7,0.3,23.8,2,81.7,
COL-2014,4.9,4.2,14.8,22.4,20806.4,86.9,42.6,0.3,,2.1,81.7,
COL-2015,5.3,4.2,14.5,21.6,21311.9,90.2,43.7,0.3,,2.2,81.7,2325.3
COL-2016,5.4,4.5,47.5,22.2,21505.2,96.4,10.6,0.3,22.4,2.3,81.7,2315.4
COL-2017,5.7,4.2,46.2,22.5,21827.3,97.2,10.4,0.3,,2.4,81.7,2284.5
COL-2018,6,4.2,44.8,23.4,22093.2,98.5,10.8,,18.7,2.5,81.7,2283.3
COL-2019,5.9,4.1,43.3,23.8,22237.5,105.4,11,,,,81.7,2272.2
CRI-1990,7.6,6.1,74.9,11.9,,11.4,11.1,0.3,17.3,,,2358
CRI-1991,6.6,6.1,76,10.8,,10.7,11.9,0.3,,0,87.9,2272
CRI-1992,7.1,5.6,73.7,12.2,7334.9,12.7,12,0.3,18.2,0,88.4,2359
CRI-1993,7.5,5.6,72,13,7699.4,13.7,12.3,0.3,17.5,0,81.7,2346
CRI-1994,6.9,6.1,71.3,13.5,7872.7,13.6,13.1,0.3,16.2,0,81.7,2370
CRI-1995,7.4,5.9,70.2,14.5,8038.8,14.3,13.5,0.3,16.3,,81.7,2345
CRI-1996,7,5.6,70.9,13.4,8153.7,15.1,13.7,0.3,15.7,,81.7,2387
CRI-1997,6.3,5.6,69.6,14.8,8294.6,13.7,14.5,0.3,16.1,1.8,81.7,2365
CRI-1998,7.1,5.6,68.2,17.3,8394.3,13.5,15.5,0.3,14.9,1.8,81.7,2356
CRI-1999,7.1,5.4,67.8,17,8597.6,72,16.8,0.3,14,1.8,81.7,2370
CRI-2000,7.5,4.2,69.6,16.4,8784.9,18.1,18.2,0.3,13.1,1.8,,2362
CRI-2001,6.7,4.3,68.3,17.8,,17.9,19.3,0.3,12.5,1.9,,2329
CRI-2002,8.2,4.2,67.2,18.4,4992.3,17.3,20.5,0.3,12,0,,2357
CRI-2003,9,4.1,65.9,19.2,5036.2,17.5,15.2,0.3,11.3,0.1,,2350
CRI-2004,8.9,4.1,65.9,19.8,5095.3,17.7,14.3,0.3,10.3,0.1,,2369
CRI-2005,7.3,4.1,64.9,20.8,5182.1,18.7,13.6,0.3,24.1,0.1,,2352
CRI-2006,8.7,4.2,64.3,21,5281.3,17.7,24.9,0.3,15.8,0.1,92.6,2360
CRI-2007,6.4,4.3,63,21.8,5393.9,17.7,23.6,0.3,15.5,0.1,91,2387
CRI-2008,6.4,4.3,61.9,22.3,5315.5,16.9,22.2,0.3,15.1,0.6,91.1,2392
CRI-2009,6.6,4.1,61.1,23.4,5414.1,15.2,21.3,0.3,14.8,0.6,89.8,2348
CRI-2010,7.2,3.7,63.1,21,5468.1,14.5,20.4,0.3,14.4,0.9,83.1,2243.1
CRI-2011,7.2,3.3,62.6,21.6,5570.5,115.7,19.3,0.3,13.7,0.9,83.1,2285.3
CRI-2012,6.8,3.2,60.9,23.2,1988.9,114.5,18,0.3,13,1.1,83.1,2233.4
CRI-2013,7.1,3.1,59.7,23.3,2026,112.6,17.3,0.3,12.3,1.1,83.1,2140.6
CRI-2014,5.9,3.2,59.5,23.5,2064.4,128,16.3,0.3,11.7,1.6,83.1,2121.7
CRI-2015,6.7,3.2,60.6,23.1,2057.3,124.9,15.7,0.3,11,1.6,83.1,2148.2
CRI-2016,7,3.4,60.1,23,1995.7,126.2,10.6,0.3,10.5,0.3,83.1,2204.7
CRI-2017,5.7,3.3,60.5,23,2051.2,129.5,10.4,0.3,10,0.5,83.1,2178.9
CRI-2018,7.9,3.3,60.8,22.6,2117.1,142.8,10.8,0.3,9.5,0.5,83.1,2121
CRI-2019,7.8,3.1,57.3,25.1,2175.1,144.5,11,0.3,8.9,,83.1,2059.6
CRI-2020,7,3.2,57.3,25.1,1938.2,139.2,11.1,0.3,8.4,,83.1,1913.2
CZE-1990,22.3,11.3,,23,4995,5.8,11.9,,,14,,
CZE-1991,20.8,11.5,,23,4817,6.8,12,0.1,,15.1,,
CZE-1992,21.4,11.8,,22.6,4677,9.9,12.3,0.1,,15.3,,
CZE-1993,20.6,11.5,,25.1,4802.6,15.1,13.1,0.1,26.1,15.6,89.8,1857
CZE-1994,19.8,11.6,17.3,10.1,4863,19.4,13.5,0.1,,15.7,83.1,1839
CZE-1995,18.2,11.5,16.6,10.6,4908,31.3,13.7,0.1,,0.1,83.1,1831.7
CZE-1996,16.3,11.6,,,4914.5,33.2,14.5,0.1,26.2,0.1,83.1,1829.4
CZE-1997,17,11.9,15,10.6,4884.4,34.5,15.5,0.1,,0.1,83.1,1837.9
CZE-1998,16.4,11.8,14.7,10.4,4817.7,34.8,16.8,0.1,,0.2,83.1,1860.9
CZE-1999,16.4,11.9,14,10.8,4714,35.2,18.2,0.1,23.5,0.3,83.1,1890.6
CZE-2000,16.5,11.8,14.1,11,4681.2,38.5,19.3,0.1,,0.3,83.1,1900.3
CZE-2001,16.1,11.8,13.8,11.1,4683.6,44.9,20.5,0.1,,0.3,83.1,1823.3
CZE-2002,15.3,11.9,12.1,11.9,4731.1,45.8,14,0.1,24.1,0.3,,1812.2
CZE-2003,17.1,12.1,13.6,12,4701.2,53.1,13.2,0.1,27.2,0.3,,1799
CZE-2004,15.4,11.5,10.9,12.3,4690.6,58.7,13.1,0.1,25.4,0.3,,1813.7
CZE-2005,15.2,12,10.1,13.1,4764,71.5,15,0.1,24.3,0.5,,1802.9
CZE-2006,13.4,11.9,9.7,13.5,4828.1,76,15.2,0.1,23.4,0.5,89.4,1789.2
CZE-2007,13.1,12.1,9.5,13.7,4922,90.1,14.3,0.1,24,0.5,85.8,1775
CZE-2008,13,12.1,9.1,14.5,5002.5,115.1,13.6,0.1,21.8,0.6,,1789.6
CZE-2009,13.6,12.1,8.6,15.5,4934.3,120.2,24.9,0.1,23.8,0.8,91.7,1778.8
CZE-2010,13.9,11.4,8.1,16.8,4885.1,117.2,23.6,0.1,22.8,0.8,85.8,1799.1
CZE-2011,14.7,11.5,7.7,18.2,4872.7,115.4,22.2,0.1,21.7,0.8,85.8,1805.5
CZE-2012,15.2,11.6,7.5,19.3,4890,119.1,21.3,0.1,22.9,1,85.8,1776.4
CZE-2013,14.5,11.5,7.2,20.5,4937.1,139.6,20.4,0.1,22.2,0.7,85.8,1764.3
CZE-2014,13.7,11.9,6.8,21.5,4974.2,154.2,19.3,0.1,22.3,0.8,85.8,1773.8
CZE-2015,12.6,11.5,6.8,22.2,5041.9,155.8,18,0.1,18.2,0.8,94.2,1751.5
CZE-2016,12,11.7,6.6,23,5138.4,166.9,17.3,0.1,19.6,0.8,85.8,1774
CZE-2017,12.8,11.6,6.2,23.9,5221.5,160.1,16.3,0.1,18.4,0.9,85.8,1776.4
CZE-2018,12.3,11.8,6.1,24.3,5293.7,163.1,15.7,0.1,21.1,18.8,85.8,1784.7
CZE-2019,10.7,11.9,6.2,24.2,5302.9,169.1,58.4,0.1,18.1,19.2,,1786
CZE-2020,10.9,11.6,5.9,24.9,5234.9,160.8,,,16.6,,94.2,1703.6
DEU-1990,17.7,14.9,,,37217.9,150,,,,3.5,,
DEU-1991,17.7,13.9,18.2,21.8,36870.8,,,,12.4,3.1,,1554.1
DEU-1992,16.8,13.8,18.1,21.4,36389.8,144.8,,,11.5,3.1,,1565.1
DEU-1993,15.8,13.5,,,35988.5,150.5,23.2,0.1,11.2,3.1,,1540.2
DEU-1994,15.7,13.4,16,22.1,35756,158.5,23.4,0.1,11.2,3,,1536.6
DEU-1995,15.8,13.4,16.3,22.6,35780,162.3,24,0.1,12.3,3.2,85.8,1530.6
DEU-1996,14.9,13.1,,,35636.8,165.5,24.9,0.1,14.3,3,,1516.8
DEU-1997,14.8,13,16.8,22.6,35508,177.8,24.6,0.1,16.8,2.8,91.7,1507.7
DEU-1998,14.1,12.7,16.2,23,36061.3,187.8,23.9,0.1,,2.8,85.8,1504.5
DEU-1999,13.4,12.8,18.8,22.9,36042.4,199.6,24.3,0.1,13.4,3,85.8,1491.5
DEU-2000,13.2,12.9,18.3,23.5,36235.5,219.4,25.4,0.1,12.1,3.1,85.8,1465.9
DEU-2001,13.2,12.5,17.4,23.2,36346.2,228.2,26.4,0.1,11.3,3.1,85.8,1458.2
DEU-2002,13.1,12.3,17,23.4,36061.4,250,26.6,0.1,10.8,3.1,85.8,1448.9
DEU-2003,13,11.9,16.6,24,35753.6,262.4,27.6,0.1,10.4,3.1,94.2,1443.4
DEU-2004,12.4,11.8,16.1,24.9,35875.7,285.4,,0.1,10.2,3.1,85.8,1442.6
DEU-2005,11.8,11.7,16.9,24.6,36361.2,291,49.6,0.1,10.1,2.9,85.8,1432.4
DEU-2006,11.1,11.8,16.8,23.9,37172.1,307.3,34.6,0.1,9.3,2.8,96.1,1453.2
DEU-2007,10.6,11.5,15.6,24.3,37988.4,322.8,35.2,,9.8,2.9,92,1454.1
DEU-2008,10.6,11.4,14.7,25.4,38540.9,338.1,35.7,0.1,28.2,3.2,92.8,1447.3
DEU-2009,10.7,11.2,14.5,26.4,38470.7,237.2,36.6,,25.9,3.5,91.2,1405
DEU-2010,11.2,11.6,14.2,26.6,37992.2,253.3,37.8,,,3.4,92.6,1425.7
DEU-2011,11.2,11.3,13.7,27.6,38785.9,263.3,38.9,0.1,,3.4,92.6,1426.9
DEU-2012,10.8,11.3,13.7,28.1,39126,275.6,60,0.1,25.5,3.6,92.6,1408
DEU-2013,11.2,11.1,13.7,28.5,39529.7,272.8,52.4,0.1,,3.7,92.6,1396.5
DEU-2014,11.2,11.1,13.1,27.1,39869.5,277.1,50.7,0.1,24.5,3.6,92.6,1400.4
DEU-2015,10.9,11.1,13.2,27.6,40208.7,285.2,,0.1,,3.6,92.6,1401
DEU-2016,10.6,11,13.5,28.3,41265.1,301.8,,0.1,23.8,3.6,92.6,1395.6
DEU-2017,9.9,10.9,13.5,28.6,41661.4,316.9,52.7,0.1,,3.6,92.6,1389.1
DEU-2018,10,10.9,13.3,29.1,41912.8,338.3,,0.1,,25.3,92.6,1384.7
DEU-2019,9.6,10.6,13.3,29.9,42398.5,347.4,52.1,0.1,22.4,25.9,92.6,1381.5
DEU-2020,9.7,,13.9,31.3,41859.2,350.4,,,,,92.6,1324.2
DNK-1990,25,12.3,,,2655.9,91,10.6,,18.7,4.7,,1440.5
DNK-1991,23.2,12.2,38.5,18.3,2635.1,89.1,10.4,,,4.9,,1437.3
DNK-1992,22.8,12.5,41.1,19.2,2636.6,95,10.8,0.1,17.3,5.2,,1452.4
DNK-1993,23,12.3,,,2566.9,103.7,11,0.1,,5.7,,1448.9
DNK-1994,19.6,12.5,40,19.6,2537,110.6,11.1,0.1,18.2,5.6,97,1406.7
DNK-1995,18.1,12.7,34.5,21.6,2602,109.2,11.9,0.1,17.5,5.1,94.9,1419.1
DNK-1996,17.4,12.7,,,2627,116,12,0.1,16.2,4.9,95,1412.3
DNK-1997,15.9,12.6,,,2681,122,12.3,0.1,16.3,4.6,93.7,1428.1
DNK-1998,14.6,12.1,21.5,25.4,2693,128,13.1,0.1,15.7,4.2,95.8,1441.1
DNK-1999,14.6,12.1,20.4,26.5,2707,128.5,13.5,0.1,16.1,4,95.8,1456.5
DNK-2000,13.9,12.2,20.2,25.8,2722,138.2,13.7,,14.9,3.9,95.8,1465.9
DNK-2001,13.8,12,19.3,28.4,2725,142.8,14.5,,14,3.8,95.8,1468.7
DNK-2002,13,11.8,18.9,29.6,2715,152.2,15.5,0.1,13.1,3.9,95.8,1462.6
DNK-2003,11.9,12,19.4,31.8,2692,151.9,16.8,0.1,12.5,4.4,95.8,1457.8
DNK-2004,12.3,11.8,18.8,32.8,2720,166.1,18.2,0.1,12,4.4,95.8,1458.1
DNK-2005,11.8,11.8,19,33.5,2732,169.3,19.3,0.1,11.3,3.9,,1451.4
DNK-2006,12,11.6,18.4,34.7,2787,182.7,20.5,0.1,10.3,3.3,97,1455.7
DNK-2007,10.6,11.6,25.7,30.9,2803.7,199.4,,0.1,24.1,4.5,94.9,1432.8
DNK-2008,11,11.3,24.9,31.1,2806.2,207.1,,0.1,23,4.1,95,1430.1
DNK-2009,11.2,10.6,24.1,32,2718.9,213.8,34.6,0.1,19,5.1,93.7,1417
DNK-2010,10.1,10.8,23.3,33,2661.4,229.9,35.2,,20.9,4.6,95.8,1422.3
DNK-2011,10.5,11,22,33.7,2659.5,234.8,35.7,0,,4.5,95.8,1437
DNK-2012,11.6,9.8,21.2,34.6,2644.8,236.8,36.6,0,42,4.4,95.8,1423.3
DNK-2013,10.6,10,20.8,35.2,2636.3,240.1,37.8,0,37,5.1,95.8,1425.6
DNK-2014,11,10.1,21.1,35.7,2663.9,244.1,38.9,0,35.5,5.2,95.8,1413.8
DNK-2015,9.7,9.9,20.3,36.6,2709,253.9,19.1,0,34,4.7,95.8,1407.1
DNK-2016,9.9,10,19.7,37.8,2760.2,264.2,20.2,0,32,4,95.8,1412
DNK-2017,9.8,9.7,19.1,38.9,2788.5,279.3,21.3,0,31,3.8,95.8,1404.2
DNK-2018,9.7,9.7,18.9,39.4,2832.3,293.4,22.7,0,31,28.7,95.8,1381.3
ESP-1990,8.4,12.9,,,12869.6,66.9,23.8,,30.5,0.2,,1762.9
ESP-1991,8.1,12.8,78.2,9.9,12970.4,76.7,24.9,0,29.5,0.2,,1772
ESP-1992,7.7,12.1,77.1,13.1,12730.6,82.9,25.6,0,28,0.2,,1763.9
ESP-1993,8.3,11.6,,,12197.3,89.9,26.7,0,28,0.3,,1755.8
ESP-1994,8.5,11.3,73.8,15,12169.5,94.6,28.5,0,26,0.3,,1754.8
ESP-1995,8.3,11,72,16.1,12461.1,115,28.8,0,26,0.3,,1754.8
ESP-1996,8.7,10.8,,,12811.6,119.3,29.3,0,25,0.3,97,1749.7
ESP-1997,8.8,11.6,67,19.1,13286.5,124,29.5,,24,0.3,94.9,1749.7
ESP-1998,8.3,11.5,65.4,20.2,13837.9,131.9,30,,23,0.3,95,1753.8
ESP-1999,8.1,11.3,63.5,21.3,14689.8,139.1,31,0,19,0.3,93.7,1753.8
ESP-2000,8.3,11.8,61.4,22.7,15505.9,155.7,31.9,0,,0.3,95.8,1752.8
ESP-2001,7.7,12.4,59.6,23.8,16146.3,168.3,32.6,0,31.7,0.3,95.8,1762.1
ESP-2002,8,10.7,57.8,24.9,16790.1,184.4,33.7,0,,0.3,95.8,1763.6
ESP-2003,8.1,11.4,56.3,25.6,17475.6,204.5,34.7,0,28.1,0.5,95.8,1754.6
ESP-2004,8,11.7,54.6,26.7,18142.3,213,35.1,0,42,0.5,95.8,1739.9
ESP-2005,7.6,11.9,51.2,28.5,19206.9,220,35.7,,37,0.5,95.8,1723.7
ESP-2006,7.1,11.9,50.3,28.8,19938.9,232.7,36.4,,35.5,0.5,95.8,1713.7
ESP-2007,7,11.1,49.4,29.3,20579.8,239.4,37.3,0.2,34,0.6,94.9,1701.3
ESP-2008,7.3,10.2,48.9,29.5,20469.7,247.6,,0.2,32,0.5,93.7,1710.1
ESP-2009,7.2,10,48.4,30,19106.9,237,52.8,0.2,31,0.5,92.1,1715.8
ESP-2010,6.5,9.8,47.1,31,18724.4,242.5,,0.2,31,1.2,89,1705.8
ESP-2011,6.5,9.6,46,31.9,18421.1,251.3,52.7,0.2,30.5,1.3,89,1710.7
ESP-2012,7.1,9.4,45.3,32.6,17632.1,263.8,59.6,0.2,29.5,1.3,89,1696.7
ESP-2013,7.8,9.2,44.5,33.7,17138.8,277.7,57.8,0.2,28,1.3,89,1689.8
ESP-2014,7.8,9.5,43.4,34.7,17343.8,294.1,56.3,0.2,28,1.3,89,1690.6
ESP-2015,7.2,10.4,42.6,35.1,17865.6,299.1,54.6,0.2,26,1.2,89,1694.2
ESP-2016,7.1,10.8,41.7,35.7,18341.2,308.9,51.2,0.2,26,1.2,89,1701.5
ESP-2017,7.2,10.8,40.9,36.4,18824.8,336.9,50.3,0.2,25,1.3,89,1692.4
ESP-2018,6.9,10.4,39.9,37.3,19327.5,351,49.4,0.2,24,24.2,89,1697.6
ESP-2019,7.1,10.8,38.7,38.6,19779.1,355.8,48.9,0.2,23,24.7,94.1,1682.9
ESP-2020,7.5,7.8,37.1,39.7,19202.3,341.2,48.4,,19,,94.1,1569.7
EST-1990,30.3,9.8,50.3,31.9,824.7,213,47.1,0.2,27.5,1.8,,
EST-1991,30.2,9.1,49.4,32.6,805.3,220,46,0.2,,1.8,,
EST-1992,35.3,7.8,48.9,33.7,760.2,232.7,45.3,0.2,30.9,1.8,,
EST-1993,41.7,8.1,48.4,34.7,697.5,239.4,44.5,0.2,42,1.8,94.9,
EST-1994,44.5,8.2,47.1,35.1,673.6,247.6,43.4,0.2,37,1.9,93.7,
EST-1995,43.7,8.3,46,35.7,631,237,42.6,0.2,35.5,0,92.1,
EST-1996,41.9,8,45.3,36.4,617,242.5,41.7,0.2,34,0.1,89,
EST-1997,39.4,8.3,44.5,37.3,615,251.3,40.9,0.2,32,0.1,89,
EST-1998,36,8,16.5,29.8,604,263.8,39.9,0.2,31,0.1,89,
EST-1999,35.5,8.9,15.7,28.8,577.2,277.7,38.7,0.2,31,0.1,89,
EST-2000,27.5,9,14.8,28.7,585.3,294.1,41.9,0.2,30.5,0.1,89,1884
EST-2001,29.8,10.1,13.8,29.5,589.6,299.1,,,29.5,0.6,89,1877
EST-2002,27.3,12,13.2,29.4,589.9,57,42.6,0.1,28,0.6,89,1879
EST-2003,25,11.8,12.4,29.6,603,62.7,59.6,0.2,28,0.9,89,1884
EST-2004,24,11.5,11.7,30.7,601.9,76.9,57.8,0.1,26,0.9,89,1892
EST-2005,20.1,13,11.3,33,615.6,83.5,56.3,0.1,26,1.1,,1913
EST-2006,17.8,13.4,11.7,33.1,651.7,85.1,54.6,0.1,25,1.1,86.1,1906
EST-2007,18.8,14.8,11.2,33.1,657.6,99.8,51.2,0.1,24,0.1,84.8,1903
EST-2008,17.7,14.2,11.7,34.2,656,107.2,50.3,0.1,23,0.1,87.8,1874
EST-2009,19.8,11.9,11.3,36.1,593.9,104.3,49.4,,19,0.1,84.6,1745
EST-2010,16.2,11.4,10.9,35.4,568,116,48.9,0,26.2,0.1,,1785
EST-2011,15.7,12,11,36.9,603.2,117,48.4,0,,0.1,88.7,1827
EST-2012,17.2,12.1,10.1,37.6,614.9,126,47.1,0,26,0.1,88.7,1796
EST-2013,15.9,11.9,9.5,37.3,621.4,141.6,46,0,,0.1,88.7,1777
EST-2014,17.7,11.1,11.9,37.5,624.8,161.6,45.3,0,22.1,0.1,88.7,1771
EST-2015,14.5,10.6,11.4,38,640.9,172.7,44.5,0,,0.1,88.7,1763
EST-2016,13.3,10.2,11.1,38.8,644.6,186.2,43.4,0,21.3,0.1,88.7,1767
EST-2017,16.5,10.3,11.3,39.7,658.6,203.3,42.6,0.1,,0.1,88.7,1768
EST-2018,14,10,10.8,41.1,664.8,216.8,41.7,0.1,17.2,17.5,88.7,1707.2
EST-2019,14.1,10.4,9.9,41.4,671.4,217.8,40.9,0.1,,17.7,88.7,1694.4
EST-2020,15.2,10.5,9.3,42.2,656.6,216,39.9,,17.9,,92.5,1637.2
FIN-1990,30.6,9.5,10.9,33.1,2493,91.3,38.7,0,25.9,1.2,,1671
FIN-1991,30.2,9.2,11,33.1,2365,95.8,38.4,0,27,1.2,,1652
FIN-1992,28.9,8.9,10.1,34.2,2196,101.3,40.8,0,26,1.1,94.9,1652
FIN-1993,27.8,8.4,9.5,36.1,2061,109.6,39.1,0,23.9,1.6,93.7,1651
FIN-1994,27.4,8.2,11.9,35.4,2045,111.4,41.7,0,22.7,1.5,92.1,1671
FIN-1995,27.3,8.3,11.4,36.9,2090,139.4,44.1,0,24,1.5,89,1677
FIN-1996,24.3,8.2,11.1,37.6,2119,146.9,42.4,0,22.4,1.5,89,1675
FIN-1997,25.8,8.6,11.3,37.3,2162,150.9,42.4,0,24.1,1.4,89,1671
FIN-1998,23.9,8.6,10.8,37.5,2203.5,152.1,43.4,0,25.1,1.4,89,1661
FIN-1999,23.4,8.6,,38,2295.9,164.7,42.5,0,23.2,1.3,89,1661
FIN-2000,22.4,8.6,26.8,38.8,2335.4,171.1,63.6,0,23.4,1.3,89,1650
FIN-2001,23.1,9,,39.7,2367,177,44.1,0,23.8,1.3,89,1636
FIN-2002,21,9.2,,,2372.4,191.5,45.3,0,23.4,1.3,89,1628
FIN-2003,20.4,9.3,24,33.2,2364.9,195,45,0,22.2,1.4,89,1623
FIN-2004,20.3,9.9,22.4,34.2,2364.7,206.8,45.3,0,23,1.3,,1624
FIN-2005,18.6,10,21.2,34.6,2400.8,213.1,49.2,0,21.8,1.3,,1613
FIN-2006,19.9,10.1,20.4,35.1,2443.5,216.7,47.7,0,21.4,1.3,95.6,1608
FIN-2007,18.5,10.5,19.5,36.4,2491.6,236.8,48.9,0.1,20.6,1.2,,1605
FIN-2008,19.3,10.3,18.9,36.6,2530.9,252.8,48.8,0.1,20.4,1.4,94.3,1601
FIN-2009,19.1,10,18,37.3,2457.3,254.1,49.3,0,18.6,1.6,,1580
FIN-2010,17.6,9.7,17,38.1,2447.5,270.1,49.7,0,19,1.4,90.3,1585
FIN-2011,16.6,9.8,16.3,39.3,2473.7,276.7,65,0,17.8,1.5,90.3,1578
FIN-2012,15.9,9.3,15.2,39.7,2483.2,283.3,58,0,17,1.5,90.3,1568
FIN-2013,16.1,9.1,14.1,40.5,2456.7,297.2,49.9,0,15.8,1.5,90.3,1560
FIN-2014,14.3,8.8,13.5,41.8,2447.3,297.9,52.1,0,15.4,1.5,90.3,1558
FIN-2016,14.1,8.4,12.1,43.6,2448.1,333.9,56,0,15,1.5,90.3,1555
FIN-2017,14.8,8.4,11.9,44.3,2473.2,339.9,67.6,0,13,1.3,90.3,1548.9
FIN-2018,14.4,8.4,10.9,45.2,2539.9,341,55,0,14,0.1,90.3,1546.4
FIN-2019,13.4,8.2,9.7,45.9,2565.6,331.4,57,0,13,29.1,90.3,1538.4
FRA-1990,21.5,15.4,,,23064.5,125.5,29.7,,31,2,,1645
FRA-1991,21.4,15.4,49.5,15.1,23089.4,135.4,29.8,0,31,2,,1638
FRA-1992,21.4,15.4,46,16,22984.3,141.3,30.9,0,29,2.1,94.9,1635
FRA-1993,22.2,14.7,,,22683.2,150,31.5,0,29,2.1,93.7,1627
FRA-1994,21.6,14.6,42.2,17.8,22713.9,158.7,30.5,0,28,2.2,92.1,1623
FRA-1995,21,14.5,40.9,18.6,22914.8,154,33.4,0,29,2.3,89,1601
FRA-1996,19.9,14.5,,,22973.5,159.6,35.2,0,24,2.4,89,1597
FRA-1997,19.5,14.3,40.5,20,23104.1,163.6,33.4,0,28,2.3,89,1596
FRA-1998,18.6,14.5,39.3,20.6,23520.5,170.4,34.4,0,28,2.3,89,1585
FRA-1999,18,14.4,38.1,21.5,24005.3,178.5,,0,28,2.3,89,1578
FRA-2000,18.8,13.9,37.8,21.6,24628.8,196.9,36.2,0,30,2.7,89,1558
FRA-2001,18,14.1,36.1,23,25098.8,209.8,,0,,2.7,89,1538
FRA-2002,18.1,13.9,35.2,24,25290,226.4,37.5,0,28,2.8,89,1504
FRA-2003,18.3,13.4,34.8,23.9,24704.8,224,,0,26,2.8,89,1507
FRA-2004,18,13.1,34.2,24.4,24808,232,34.7,0.1,27,2.8,90.3,1531
FRA-2005,17.7,12.9,33.2,25.4,24984.2,239.8,,0.1,27,3,,1532
FRA-2006,17,13.1,32.6,26.2,25150.2,269.9,49,0,27,3.3,93.8,1515
FRA-2007,16.3,12.9,31.5,26.6,25586.7,283.3,,0,27,3.2,93.6,1537
FRA-2008,16.5,12.5,30.4,27.2,25926.4,300.9,39.2,0,26,3.2,93.3,1543
FRA-2009,16.7,12.6,29.7,28.6,25674.4,312.5,,0,26,3.4,91,1531
FRA-2010,16.3,12.3,29.2,29,25730.7,328.9,42.9,0,25,3.4,94.2,1540
FRA-2011,16.2,12.4,28.4,29.8,25758.8,341.8,,0,26,3.5,94.2,1546
FRA-2012,15.1,12.2,27.5,30.9,25804.2,351.6,44.4,0,25,3.5,82.4,1541
FRA-2013,14.8,11.6,25.2,32.1,25785.3,280.2,,0.1,25,3.6,94.2,1526
FRA-2014,13.5,12,22.7,33.5,26376,281.4,46.1,0.1,25,3.6,94.2,1518
FRA-2015,13.6,11.9,22.5,34.1,26441.8,278.8,49,0.1,23,3.6,82.4,1519.5
FRA-2016,12.7,11.7,21.9,34.6,26579.7,287.4,,0.1,22,3.6,82.4,1522.1
FRA-2017,12.3,11.7,21.6,35.2,26803,289.5,46.4,0.1,22.5,3.6,82.4,1507.6
GBR-1990,8.3,9.8,35.7,29.8,26818,46.5,,,20.7,4.7,,1617.6
GBR-1991,8.1,9.4,34.9,30.9,26058,51.8,49,0.1,18.1,5.6,,1614.8
GBR-1992,8.2,9.3,33.8,32.1,25435,55.9,50,0.1,,6.2,93.8,1582.8
GBR-1993,7.8,9.3,33.2,33.5,25088,57.3,52.9,0.1,,6.3,93.6,1577.3
GBR-1994,7.6,9.6,29.1,34.1,25253,63.1,53.1,0.1,,6.3,93.3,1586.4
GBR-1995,7.5,9.3,,34.6,25489,63.7,54.5,0.1,,5.8,91,1586.4
GBR-1996,7.2,9.8,,35.2,25727,67.7,56.2,0.1,16.4,5.8,94.2,1586.4
GBR-1997,7.1,10,40.9,22.6,26155,134.5,56.9,0.1,,6.2,94.2,1586.4
GBR-1998,7.5,9.8,39.9,23.8,26395,138.5,57.7,0.1,27,6.1,82.4,1581.9
GBR-1999,7.6,10.3,38.4,24.9,26691,143.1,57.9,0.1,,6.2,94.2,1572.7
GBR-2001,7.1,10.8,37.2,26.1,27711.5,162.3,61.6,0.1,27,6.6,94.2,1562.6
GBR-2002,7,11.1,35.7,26.8,27944,165.8,60.6,0.1,26,6,82.4,1543.4
GBR-2003,6.7,11.3,34.9,28,28223,187.1,60.5,0.1,26,6,,1534.2
GBR-2004,7,11.6,33.8,29.3,28533.3,188.7,61.8,0.1,25,5.8,,1533.8
GBR-2005,6.7,11.4,33.2,29.7,28853.3,180.1,60.5,0.1,24,5.9,,1544
GBR-2006,6.8,11,29.1,34.2,29140.8,192.9,61.6,0.1,22,5.9,97.7,1536.4
GBR-2007,6.4,11.1,27.8,35.5,29378.8,194.9,60.8,0.1,21,5.2,96.8,1541.2
GBR-2008,7,10.8,28.4,35.2,29627.8,210.5,61.4,0.1,21,5.5,95.3,1524.9
GBR-2009,6.9,10.1,26.3,37,29154.3,222.4,61.3,0.1,21,5.9,96.3,1516.3
GBR-2010,6.7,10.1,24.9,38.2,29227,231.5,62.8,0.1,20,6.3,94,1507.2
GBR-2011,7,9.9,23.2,39.4,29374.5,235.5,61.7,0.1,20,6.3,92.2,1515.4
GBR-2012,7,9.6,21.9,41,29694.3,246.9,61.9,0.1,20,6.4,92.2,1531.1
GBR-2013,7.6,9.4,20.8,41.9,30041.8,253.9,62.1,0.1,19,6.3,94,1533.5
GBR-2014,7.5,9.4,20.8,42.2,30752.5,259.4,61.7,0.1,19,6.1,94,1542.2
GBR-2015,7.6,9.5,20.4,44.2,31285,264.4,62.9,0.1,17.8,6.1,92.2,1525.1
GBR-2016,7.4,9.5,19.3,45.8,31745.5,269.1,61.4,0.1,16.1,5.8,92.2,1541.3
GBR-2017,7.1,9.7,18.8,45.7,32060.5,283.6,64.3,0.1,16.8,6.4,92.2,1535.7
GBR-2018,8.1,9.8,20.7,45.8,32443,296.8,63.3,0.1,16.6,20.3,92.2,1536.2
GBR-2019,8.6,9.7,19.9,47.2,32794.5,309.3,64.2,0.1,15.8,20.6,92.2,1537
GBR-2020,8.4,9.7,18.3,49.4,32508.8,293.4,,0.1,14.5,,94,1363.8
GRC-1990,3.6,10.3,66,10.5,3713.2,134.5,61.6,,,2,,1975.5
GRC-1991,3.9,10.2,64.4,11,3628.3,137.7,60.6,0.1,12.4,1.8,,2004.9
GRC-1992,3.6,10,63.5,12.2,3680,146.9,60.5,0.1,11.5,1.8,,2031.4
GRC-1993,4.1,10.7,61,13,3715.4,164,61.8,0.2,11.2,1.8,,2051.3
GRC-1994,3.5,10.4,58.7,13.9,3786.2,202.3,60.5,0.2,11.2,1.8,,2018.2
GRC-1995,3.6,10.1,57.5,14.3,3820.5,204.2,61.6,0.2,12.3,1.8,96.8,2000.8
GRC-1996,3.4,9.7,55.8,15.1,3868.3,205.2,60.8,0.2,14.3,1.8,95.3,1999.6
GRC-1997,3.5,9.5,54.5,15.6,3853.3,214.7,61.4,0.2,16.8,1.8,96.3,1998.2
GRC-1998,3.8,9,52.2,16.9,4017.9,223.6,61.3,0.2,,1.8,94,1998.7
GRC-1999,3.5,9.5,52.2,17.3,4031.3,225.7,62.8,0.2,13.4,1.9,92.2,1995.3
GRC-2000,3.5,8.6,50.7,17.7,4088.5,195.2,61.7,0.2,12.1,0,92.2,1997.9
GRC-2001,3,8.8,49.8,18.1,4202.2,221.9,61.9,0.2,11.3,0.1,94,1991.7
GRC-2002,2.9,8.2,48.2,18.8,4264.8,271.4,62.1,0.2,10.8,0.1,94,1984.2
GRC-2003,3.3,8.9,46.5,19.3,4353.2,288.6,61.7,0.2,10.4,0.1,92.2,1982.6
GRC-2004,3.1,9.1,43.4,21.3,4389.3,304.7,62.9,0.2,10.2,0.1,92.2,1974.1
GRC-2005,3.5,9.2,42.3,21.5,4443.5,300.6,61.4,0.1,10.1,0.1,92.2,2025
GRC-2006,3.4,8.7,40.8,22.4,4527.5,308.6,57.7,0.2,9.3,0.6,82.8,2014.7
GRC-2007,2.8,8.9,39.9,22.9,4564,309.7,,0.2,9.8,0.6,80.1,2001.1
GRC-2008,3.1,8.7,38.7,23.5,4610.4,320.6,58.3,0.2,28.2,0.9,,1996.6
GRC-2009,3.3,8.3,38.5,23.7,4556,300.3,55.8,0.2,25.9,0.9,79,1972.9
GRC-2010,3.2,8.3,37.3,24.7,4389.7,281.4,,0.2,,1.1,71.8,1931.1
GRC-2011,4,7.5,35.4,26.1,4054.3,272.7,,0.2,,1.1,71.8,1950.2
GRC-2012,4.3,7.6,34.2,26.7,3695,253.6,62.9,0.2,25.5,1.1,71.8,1989.9
GRC-2013,4.6,7.6,32.8,27.4,3513.2,271.6,61.4,0.2,,1.2,71.8,1996.6
GRC-2014,4.9,7.1,31.7,28.1,3536.3,290.6,57.7,0.2,24.5,1.1,71.8,1949.3
GRC-2015,4.6,6.7,29.8,29.1,3610.7,297.2,,0.2,,1.1,71.8,1935
GRC-2016,4.1,6.7,28.3,30.2,3673.6,302.6,58.3,0.2,23.8,1,71.8,1942.7
GRC-2017,4.5,6.7,27.3,31,3752.7,308.7,55.8,0.2,,1,71.8,1946.9
GRC-2018,4.9,6.5,26.6,31.7,3828,328.3,,0.1,,24.1,71.8,1961.1
GRC-2019,4.6,6.3,26,31.9,3911,314.2,57.2,0.1,22.4,24,71.8,1916.7
HRV-1990,27,,57.5,12.2,,205.2,50.7,,,,,
HRV-1991,25.2,,55.8,13,,214.7,49.8,,18.7,1.8,,
HRV-1992,26.1,,54.5,13.9,32794.5,223.6,48.2,,,1.8,,
HRV-1993,24.8,,52.2,14.3,32508.8,225.7,46.5,,17.3,1.8,,
HRV-1994,25.1,,52.2,15.1,3713.2,195.2,43.4,0.2,,1.8,,
HRV-1995,21.3,,50.7,15.6,3628.3,221.9,42.3,0.2,18.2,1.9,,1923.3
HRV-1996,24.9,,49.8,16.9,3680,271.4,40.8,0.2,17.5,0,,1923.2
HRV-1997,23.3,,48.2,17.3,3715.4,288.6,39.9,0.2,16.2,0.1,,1923.2
HRV-1998,25.7,,46.5,17.7,3786.2,304.7,37.2,0.2,16.3,0.1,,1923.1
HRV-1999,24.2,,43.4,18.1,3820.5,300.6,35.7,0.2,15.7,0.1,71.8,1923.1
HRV-2000,24,14.1,42.3,18.8,3868.3,308.6,34.9,0.2,16.1,0.1,71.8,1921.5
HRV-2001,19.9,14.6,40.8,19.3,3853.3,309.7,33.8,0.2,14.9,0.1,71.8,1922.7
HRV-2002,20.2,14.8,39.9,21.3,4017.9,320.6,33.2,0.2,14,0.6,71.8,1922.9
HRV-2003,19.5,13.8,37.2,21.5,4031.3,300.3,29.1,0.2,13.1,0.6,71.8,1923.9
HRV-2004,19.7,13.1,35.7,22.4,4088.5,,27.8,0.2,12.5,0.9,71.8,1925.7
HRV-2005,19.3,11.6,34.9,22.9,4202.2,54.7,28.4,0.2,12,0.9,71.8,1925.6
HRV-2006,17.6,11.8,33.8,23.5,4264.8,60.9,26.3,,11.3,1.1,92.7,1927.7
HRV-2007,17.1,12.3,33.2,23.7,4353.2,66.6,24.9,,10.3,1.1,89.7,1929.7
HRV-2008,17.6,12.3,29.1,24.7,4389.3,83.7,48.2,,24.1,0.4,,1931.2
HRV-2009,17.3,12.1,27.8,26.1,4443.5,82.3,46.5,,20.7,0.4,85,1928
HRV-2010,16.9,10.7,28.4,26.7,4527.5,81,43.4,,18.1,0.4,85,1941.8
HRV-2011,15.1,11,26.3,27.4,4564,109.1,42.3,0.2,,0.4,85,1939.2
HRV-2012,17,10.6,24.9,28.1,4610.4,104,40.8,0.2,,0.4,85,1923
HRV-2013,15.3,10.4,48.2,29.1,4556,74.8,39.9,0.2,42,0.4,,1908.5
HRV-2014,15.9,9.5,46.5,27.4,4389.7,88.2,,0.2,37,0.4,,1890.6
HRV-2015,16.3,9.6,43.4,28.1,4054.3,94.3,17.7,0.2,35.5,0.4,,1826.6
HRV-2016,15.1,10,42.3,29.1,3695,103.8,18.1,0.2,34,0.3,,1834.4
HRV-2017,14,9.7,40.8,30.2,3513.2,108.8,18.8,0.2,32,0.3,87.4,1823.6
HRV-2019,13,9.6,39.9,31,3536.3,124.5,19.3,0.2,31,0.3,86.1,1837.8
HUN-1990,43.9,13.9,37.2,31.7,,,21.3,0.2,31,0.3,83.8,2082
HUN-1991,42.1,13.3,35.7,31.9,,27.5,21.5,0.2,30.5,0.3,82.5,2048
HUN-1992,41.8,13,34.9,12.2,4026,32,22.4,0.2,29.5,18.1,80,2002
HUN-1993,38.6,13.1,33.8,,3770,34.2,22.9,0.2,28,1.4,80,2002
HUN-1994,37.9,12.9,33.2,,3644,38.3,23.5,0.1,28,,80,2142
HUN-1995,35,12.2,,,3575,45.3,23.7,0.1,26,,80,1948
HUN-1996,35.5,12.5,,,3557,51.4,24.7,0.1,26,,80,1946
HUN-1997,33.4,12.3,37,12.2,3567,53.5,26.1,0.1,25,,80,1954.3
HUN-1998,33.1,12.2,36.7,13.2,3636,76.2,26.7,0.1,24,,80,1945.1
HUN-1999,35,12.2,32.7,13.5,3791.5,89.1,27.4,0.1,23,0.2,80,1952.4
HUN-2000,34.1,12,30.8,14,3829.1,102.6,28.1,0.1,19,0.2,92.7,1932.4
HUN-2001,30.1,13.2,30,14,3868.3,117,29.1,0.1,,0.2,89.7,1897.8
HUN-2002,28.6,13.3,28.6,14.2,3870.7,129.3,27.4,0.1,,0.2,,1883.6
HUN-2003,28.1,13.2,25.9,15.4,3921.9,144.6,28.1,0.1,30.4,0.3,85,1856.3
HUN-2004,27.3,13.2,24.6,16.7,3900.4,147,29.1,0.1,,0.3,85,1858.6
HUN-2005,26.1,13,23.6,17.1,3901.5,153.5,30.2,0.1,,0.3,85,1834.1
HUN-2006,24.3,13.2,21.9,17.7,3928.4,157.9,,0.1,42,0.4,85,1813.9
HUN-2007,24.2,12.6,20.8,18,3902,159.5,,0.1,37,0.4,92.7,1787.8
HUN-2008,24.3,11.8,20.3,19.2,3848.3,166,40,0.1,35.5,0.4,89.7,1791.2
HUN-2009,24.1,11.5,19.4,19.9,3747.7,169,38.3,0.1,34,0.4,,1758.2
HUN-2010,24.3,10.8,18.7,20.1,3732.4,194.6,37.2,0.1,32,0.4,85,1766.4
HUN-2011,23.6,11.4,18.2,21.1,3759.1,208.1,35.5,0.1,31,0.4,85,1753.7
HUN-2012,22.8,11.1,17.9,22,3827.2,215.5,33.7,0.1,31,0.4,85,1738.3
HUN-2013,20.2,10.6,17.5,22.5,3892.7,214.6,32.3,0.1,30.5,0.4,85,1733.6
HUN-2014,18.5,10.9,16.9,23.4,4100.8,216.3,30.5,0.1,29.5,0.3,85,1748.6
HUN-2015,18,10.8,16.8,24.2,4210.5,212,28.8,0.1,28,0.3,85,1745.9
HUN-2016,16.9,11.1,16.6,23.7,4351.7,224.2,27.2,0.1,28,0.3,85,1760.2
HUN-2017,15.7,10.7,16,24.1,4421.4,218.2,26.4,0.1,26,0.3,85,1747.4
HUN-2018,15.9,11.4,15.1,25.1,4469.5,224.7,25.4,0.1,26,0.3,85,1729.9
HUN-2019,14.8,10.7,15,26,4512.2,229.9,23.3,0.1,25,18.1,85,1722.2
IRL-1990,11.1,11.2,,,1150.6,76.7,21.2,,24,1.4,,2081
IRL-1991,11,11.2,59.8,15.9,1146.8,83,20.2,0.1,23,1.4,,2046
IRL-1992,11.4,11.4,57.8,17,1155,87.8,16.8,0.1,19,1.5,,1998
IRL-1993,10.1,11.2,,,1173.7,92.4,31.3,0.1,28.5,1.5,,1971
IRL-1994,12.1,11.2,54.8,18.6,1213,97.4,30.8,0.1,28,1.5,98.1,1971
IRL-1995,11.9,11.5,52.8,19.9,1272.2,106.7,30.9,0.1,12.4,1.6,95.9,1963
IRL-1996,11.6,12.2,,,1319.2,114,,0.1,11.5,1.6,95.5,1954
IRL-1997,13.1,12.8,,,1371.6,118.1,26.3,0.1,11.2,1.5,95.5,1954
IRL-1998,13.7,13.2,,,1520.8,124.4,27.8,0.1,11.2,1.5,95.5,1953
IRL-1999,11.7,13.8,,,1614.4,131.1,29.1,0.1,12.3,1.3,95.5,1942
IRL-2000,12.3,14.2,42.7,21.6,1692.1,145.1,31.1,0.1,14.3,3.4,92.9,1933
IRL-2001,12.9,14.5,44.7,23.6,1745.2,161,32.4,,16.8,3.6,95.5,1924
IRL-2002,11.4,14.3,40,24.8,1777,176.9,33.9,,,2,87.4,1904
IRL-2003,11.5,13.5,38.3,26.3,1810.5,190.1,35.8,,13.4,1.7,86.1,1887
IRL-2004,11.6,13.6,37.2,27.8,1864.9,204.7,37.6,0.2,12.1,2.1,83.8,1875
IRL-2005,10.9,13.4,35.5,29.1,1952,225.5,38.2,0.1,11.3,2.1,82.5,1883
IRL-2006,10.7,13.4,33.7,31.1,2043.7,244.8,,0.1,10.8,2.1,80,1879
IRL-2007,10.5,13.2,32.3,32.4,2221.3,241.7,61,0.1,10.4,2.2,80,1865
IRL-2008,11.5,12.2,30.5,33.9,2198.9,258.6,40,0.1,10.2,2.3,80,1844
IRL-2009,11.8,11,28.8,35.8,2015.2,303.1,38.3,0.1,10.1,2.8,80,1812
IRL-2010,10.8,11.6,27.2,37.6,1925.4,330.5,37.2,0.1,9.3,2.8,80,1721
IRL-2011,12.2,11.7,26.4,38.2,1888.3,403.6,35.5,0.1,9.8,3,80,1737
IRL-2012,12.2,11.5,25.4,39.7,1880.4,421,33.7,0.1,28.2,3.1,80,1738
IRL-2013,11.1,10.6,23.3,41.5,1937.8,432.3,32.3,0.1,25.9,3.1,80,1743
IRL-2014,10.8,10.8,21.2,41,1988.7,416.2,30.5,0.1,,2.9,92.9,1757
IRL-2015,9.5,10.7,20.2,42.8,2056.9,410.8,28.8,0.1,,2.2,95.5,1771
IRL-2018,9.4,11,16.8,46.9,2257.3,429.3,27.2,0.1,25.5,13.6,95.5,1782
ISL-1990,16.3,5.1,31.3,30.4,126,77.5,26.4,,,3,,1665
ISL-1991,15.4,5,30.8,30.8,136.9,81.2,25.4,0.1,24.5,3.2,,1668
ISL-1992,11.6,4.6,30.9,31.6,136.9,92.3,23.3,0.1,,3.4,,1668
ISL-1993,11,4.4,30,32.9,136.6,103.1,21.2,0.1,23.8,3.5,85,1683
ISL-1994,10.4,4.6,30.9,31.3,137.7,104.4,20.2,0.1,,3.4,85.2,1655
ISL-1995,11,4.7,30.4,32.6,142,105.7,16.8,0.1,,3.5,93,1641
ISL-1996,13.5,4.8,30.6,33.9,142,113.4,31.3,0.1,22.4,3.5,91.6,1659
ISL-1997,14,5.1,29.5,34.3,142,130.1,30.8,0.1,,3.6,91.6,1684
ISL-1998,11.5,5.5,28.5,35.6,147.9,163.7,30.9,0.1,18.7,3.6,91.6,1665
ISL-1999,11.3,5.9,,37,153.3,169.1,,0.1,,3.8,91.6,1645
ISL-2000,18.1,6.2,,38.1,156.4,177.4,,0.1,17.3,4.1,91.6,1696
ISL-2001,12.8,6.4,,,159,184.5,41.5,0.1,,4.2,91.6,1707
ISL-2002,10.4,6.6,,,156.7,196.5,41,0.1,18.2,4.5,91.6,1672
ISL-2003,9.9,6.6,34.3,27.9,155,200.8,42.8,,17.5,4.9,,1639
ISL-2004,12.6,6.8,33.6,27.9,154.9,214.1,46.9,0.1,16.2,4.8,,1645
ISL-2005,11.6,7.1,31.8,29.5,159.9,214.7,30.4,0.1,16.3,4.9,,1637
ISL-2006,10.9,7.2,31.3,30.4,167.8,215,30.8,0.1,15.7,4.9,,1627
ISL-2007,12,7.5,30.8,30.8,175.5,219.9,31.6,0.1,16.1,5,,1605
ISL-2008,12.8,7.2,30.9,31.6,177.1,220.6,32.9,0.1,14.9,5.1,97.6,1625.2
ISL-2009,12,7.2,30,32.9,166.2,219.7,31.3,0.1,14,5.6,,1536.4
ISL-2010,15,6.8,30.9,31.3,165.8,226.4,32.6,0.1,13.1,5.4,,1527.9
ISL-2011,8.9,6.8,30.4,32.6,166,228,33.9,0.1,12.5,5.6,,1537.7
ISL-2012,11.9,6.8,30.6,33.9,167.9,234.7,34.3,0.1,12,5.9,97.4,1523.1
ISL-2013,16.3,6.8,29.5,34.3,173.2,237.6,35.6,0.1,11.3,6,97.4,1524.1
ISL-2014,14.1,7,28.5,35.6,177.6,241.1,37,0.1,10.3,6.3,,1513.4
ISL-2015,12.4,7.7,26.6,37,183.7,245.7,38.1,0.1,24.1,6.3,97.4,1511.4
ISL-2016,12.2,7.5,23.4,38.1,190.5,249,,0.1,10.2,6.5,97.4,1520
ISL-2017,9.8,7.7,25.2,39,193.9,255.1,,0.1,9.4,6.5,97.4,1507.1
ISL-2018,9.8,7.7,24.5,40.3,198.3,255.1,27.9,,8.6,16.4,,1496.5
ISL-2019,11.2,7.4,24.1,40.9,201,253.8,27.9,,8.2,17.4,97.4,1480.1
ISL-2020,12.7,7.4,24.1,40.6,194.5,263.2,29.5,,7.3,0.2,97.4,1446.2
ISR-1990,9.1,1.8,,,177.1,215,30.4,0.1,,0.2,,1904
ISR-1991,10.3,1.7,,35.8,166.2,219.9,30.8,0.1,12.4,0.3,87.4,1897.3
ISR-1992,9.9,1.8,31.3,37.6,165.8,220.6,31.6,0.1,11.5,0.3,86.1,1951.2
ISR-1993,9.5,2.2,30.8,38.2,166,219.7,32.9,0.1,11.2,2.3,83.8,1953
ISR-1994,10.5,1.7,30.9,39.7,167.9,226.4,31.3,0.1,11.2,2.2,82.5,1993.1
ISR-1995,8.7,1.5,30,41.5,173.2,228,32.6,0.1,12.3,2.4,80,2013.8
ISR-1996,7,1.6,30.9,41,2012.8,234.7,,0.1,14.3,2.4,80,2031
ISR-1997,8.3,2,30.4,42.8,2040.2,237.6,,0.1,16.8,2.3,80,2036.3
ISR-1998,6.8,2.1,30.6,38.1,2072.5,241.1,35.8,0.1,,2.4,80,2011.9
ISR-1999,7.4,2,29.5,39,2136.6,158.6,37.6,0.1,13.4,2.4,80,2021.1
ISR-2000,7.5,2.6,28.5,40.3,2221.3,190.9,38.2,0.1,12.1,2.4,80,2032.9
ISR-2001,7.5,2.8,,40.9,2265,207.2,39.7,0.1,11.3,2.7,80,1996.1
ISR-2002,7,2.8,19.7,42.1,2284.4,202.5,41.5,0.1,10.8,2.5,80,2014.3
ISR-2003,7.8,2.6,18.1,42.9,2330.2,205.9,41,0.1,10.4,2.5,,1997.5
ISR-2004,7.3,2.4,,,2400.8,217.6,42.8,,10.2,2.4,,1975
ISR-2005,7.5,2.5,21.1,43,2493.7,236.2,38.1,,10.1,2.4,,1966.4
ISR-2006,6.1,2.3,,,2573.6,223.6,39,,9.3,2.4,91.6,1955
ISR-2007,5.5,2.5,19.6,43.6,2682,249,40.3,,9.8,2.4,85,1966.5
ISR-2008,5.8,2.6,18.8,44,2776.7,242.8,40.9,,28.2,2.4,85.2,1963.3
ISR-2009,6.3,2.7,18.2,44.9,2841,251.9,42.1,,25.9,2.5,93,1962.5
ISR-2010,7.5,2.8,17.9,45.6,2938.3,248.7,42.9,,,2.5,91.6,1956.5
ISR-2011,6.4,2.8,17,46.4,3024.7,263.1,,0.2,,2.4,91.6,1947.2
ISR-2012,6.6,2.9,15.5,46.4,3359,279.5,43,0.2,25.5,2.4,91.6,1918.8
ISR-2013,5.6,2.9,15,47.4,3449.5,275.2,,0.2,,2.4,91.6,1908.2
ISR-2014,5.6,2.7,14.6,48.5,3555.8,277.7,43.6,0.2,24.5,2.4,91.6,1894.5
ISR-2015,5,2.7,14.5,48.8,3643.8,283.4,44,0.3,,2.4,91.6,1895.4
ISR-2016,5.6,2.7,13.2,49.9,3736.8,310,44.9,0.2,23.8,2.4,91.6,1922.1
ISR-2017,5.6,2.9,12.6,50.9,3824.8,316.5,45.6,0.2,,2.5,91.6,1918
ISR-2018,6.2,3,13.6,50.2,3905.1,323.2,46.4,0.2,,2.5,91.6,1910.1
ISR-2019,5.7,3.1,12.9,50.2,3966.9,322.9,46.4,0.2,22.4,16.3,91.6,1898.1
ISR-2020,5.7,,12,50.1,3913.4,295.5,47.4,,,,91.6,1782.5
ITA-1990,7.9,11,,,21215,86,48.5,,18.7,2,,
ITA-1991,8,10.8,71.8,6.1,21410,93.9,48.8,0.2,,2.1,,
ITA-1992,8.1,10.6,71.6,6.4,21270,96.5,49.9,0.2,17.3,2.4,85,
ITA-1993,8.3,10.3,,,20305.2,107.6,50.9,0.2,,2.2,85.2,
ITA-1994,7.9,10.1,66.8,7.5,19972.2,119.9,50.2,0.3,18.2,2,93,
ITA-1995,8,9.6,65.1,7.9,19851.3,150.5,50.2,0.2,17.5,1.9,91.6,1856.2
ITA-1996,8.1,9.1,,,19950.7,156.5,,0.2,16.2,1.7,91.6,1866.2
ITA-1997,8,9.1,,,20027.5,168.6,,0.2,16.3,1.7,91.6,1859.9
ITA-1998,7.6,9,59.3,8.6,20424.1,180.7,,0.2,15.7,1.7,91.6,1873.1
ITA-1999,6.9,8.9,57.8,9.3,20682.3,184.8,41.2,,16.1,1.7,91.6,1869.9
ITA-2000,6.9,9.8,57.9,9.4,21072.9,195,41.1,,14.9,1.6,91.6,1850.2
ITA-2001,6.7,9.7,56.7,10,21506.8,191.1,42.4,,14,1.6,91.6,1837.6
ITA-2002,6.7,9.3,55.6,10.4,21820.7,200.4,42,,13.1,1.6,85,1826.2
ITA-2003,6.6,9.3,51.6,10.5,22047.2,197.1,42.6,,12.5,1.8,85.2,1815.1
ITA-2004,6.4,9,51.4,11.6,22362.4,202.7,,0.2,12,1.6,93,1814.6
ITA-2005,6,8.7,49.9,12.2,22406.9,196,44.6,0.2,11.3,1.6,91.6,1811.1
ITA-2006,5.8,8.4,48.7,12.9,22757.4,205.5,45.1,0.2,10.3,1.7,91.6,1811.9
ITA-2007,5.8,8.4,47.7,13.6,22894,210.4,45.5,0.2,24.1,1.7,91.6,1817.7
ITA-2008,6,8,46.7,14.4,23090.2,226.3,45.5,0.2,22.4,1.8,91.6,1806.5
ITA-2009,6.1,7.3,45.7,14.5,22698.3,220.3,46.3,0.2,23.3,1.8,91.6,1775.2
ITA-2010,6,7,44.8,14.8,22526.1,230.8,46,0.2,23.1,1.9,91.6,1776.8
ITA-2011,6.4,7,44,14.9,22597.7,245.7,45.8,0.2,22.5,1.9,91.6,1772.6
ITA-2012,6.5,7.5,42.8,15.7,22565.3,255.7,46,0.2,22.1,2,86.8,1733.6
ITA-2013,6.5,7.4,41.8,16.3,22190.4,254.7,45.8,0.2,21.1,1.9,86.8,1719.1
ITA-2014,6.2,7.6,40.7,16.9,22278.5,257.7,46.4,0.2,19.7,1.9,86.8,1716.3
ITA-2015,5.9,7.1,40.1,17.5,22464.2,272.5,45.2,0.2,19.8,1.9,86.8,1717.5
ITA-2016,5.7,7.1,39.9,17.7,22757.4,288.6,45.9,0.2,20,1.9,86.8,1721.7
ITA-2017,5.8,7.4,39.1,18.7,23021.9,305.1,46,0.2,19.9,1.9,86.8,1719.2
JPN-1990,18.2,9.2,57.8,13.6,62495,89.2,22,,28.5,0.2,,2031
JPN-1991,17.6,8.9,57.9,14.4,63687.5,91.9,22.4,0.1,27.8,0.2,,1998
JPN-1992,18.1,8.9,56.7,14.5,64361.7,99.1,22.7,0.1,27.1,0.2,,1965
JPN-1993,17.4,9.2,55.6,14.8,64496.7,99.8,22.8,0.1,24.7,0.2,,1905
JPN-1994,17.4,9.1,51.6,14.9,64530,108.9,21.5,0.1,24.5,0.2,,1898
JPN-1995,17.5,8.9,51.4,15.7,64565.8,92.4,22.2,,28.2,0.5,86.4,1883.7
JPN-1996,17.8,9,49.9,16.3,64859.2,93.8,21.9,0.1,27.1,0.5,86.7,1892.2
JPN-1997,18.7,8.8,48.7,30.5,65567.5,104.8,22,0.1,28.7,3.3,86.8,1864.7
JPN-1998,24.7,8.7,47.7,30.6,65141.7,111.3,23.6,0.1,27.6,3.5,86.8,1841.9
JPN-1999,24.2,8.8,,31.8,64623.3,118,23.1,0.1,26.2,3.6,86.8,1810.4
JPN-2000,23,8.6,,33.6,64463.3,127.5,23.8,0.1,27,3.5,86.8,1821.3
JPN-2001,22.2,8.6,31.8,34.1,64120.8,130.3,24.4,0.1,24.4,3.8,86.8,1808.6
JPN-2002,22.4,8.4,30.5,36.6,63303.3,139.4,25.7,0.1,24,3.9,,1798.4
JPN-2003,24,8.4,29.3,37.4,63161.7,153.7,24.7,0.1,27.7,3.2,86.8,1798.6
JPN-2004,22.5,8.2,26.8,38.7,63285.8,158.5,24,0.1,26.4,3.1,86.8,1785.4
JPN-2005,22.7,8.5,25.6,39.9,63561.7,161.9,24.9,0.1,24.2,2.8,86.8,1776.5
JPN-2006,22.2,7.9,24.4,40.5,63887.5,175.1,25.1,0.1,23.8,2.7,86.8,1785.6
JPN-2007,22.7,7.7,23.1,41,64275,174.9,24.8,0.1,24.1,3.2,93.5,1784.8
JPN-2008,22.3,7.5,21.8,42.8,64091.7,182.5,24.2,0.1,21.8,3.3,88,1771.4
JPN-2009,22.8,7.4,,43.8,63145,192.1,25.1,0.1,23.4,3.7,88.7,1713.5
JPN-2010,21.7,7.3,19.1,44.8,62981.7,197.5,25.3,0.1,19.5,3.5,86.7,1732.9
JPN-2011,21.4,7.3,18.5,46.4,62934.2,208.7,25.5,0.1,20.1,3.6,86.7,1728.2
JPN-2012,19.5,7.2,17.5,46.6,62796.7,218.6,23.7,0.1,20.7,3.7,86.7,1745.1
JPN-2013,19.2,7.4,16.3,47.3,63265.8,231.8,24.1,0.1,19.3,3.5,86.7,1733.6
JPN-2014,18,7.1,15,48.2,63711.7,235,24.7,0.1,19.6,3.2,86.7,1729.3
JPN-2015,17,7.2,14.2,49.5,64018.3,245.5,23.8,0.1,18.2,3.1,86.7,1719.3
JPN-2016,15.6,7.2,13.2,50.5,64701.7,234.5,25.4,0.1,18.3,3,86.7,1713.5
JPN-2017,15.2,7.2,12.4,51.4,65424.2,238,25.9,0.1,17.7,2.9,86.7,1708.6
JPN-2018,15,7.2,11.8,51.9,66820,252.4,26.7,0.1,17.8,,86.7,1680.2
JPN-2019,14.6,7.1,11.3,52.7,67495.8,252.4,27.2,0.1,16.7,,86.7,1643.8
KOR-1990,9,9.1,23,,18084.8,91.8,25.1,0.1,,0.3,,
KOR-1991,8.6,8.8,,13.6,18648.8,100.1,25.3,0.1,,0.3,,2358
KOR-1992,9.7,8.9,28,14.4,19009.3,107.6,25.5,0.1,34.7,0.3,,2272
KOR-1993,11.6,8.7,,14.5,19234.5,109.1,23.7,0.1,,0.4,,2359
KOR-1994,11.9,9.1,30,14.8,19848.4,110.4,24.1,0.1,,0.4,,2346
KOR-1995,12.7,8.9,40.2,14.9,20414.4,119.5,24.7,,35.2,2.1,86.7,2370
KOR-1996,15.2,9.1,42,15.7,20853.1,124.9,23.8,0.1,,2.2,86.7,2345
KOR-1997,16.3,8.9,37.9,16.3,21213.9,122.3,25.4,0.1,,2.3,86.7,2387
KOR-1998,22.7,8.7,33.6,22.5,19937.4,108.6,24.3,0.2,30.7,2.6,86.7,2365
KOR-1999,18.9,9.2,32.6,23.1,20291.2,122,39,0.2,,2.5,86.7,2356
KOR-2000,17.5,8.9,31.8,23.8,21173,127.4,40.4,0.2,,2.5,86.7,2370
KOR-2001,18.9,8.5,30.5,24.8,21613.7,133.2,41.7,0.2,26.1,2.3,,2362
KOR-2002,23.9,9.2,29.3,25.9,22231.5,135.3,43.1,0.2,,2.3,,2329
KOR-2003,29.7,9.3,26.8,29.4,22221.6,148.6,44.5,0.2,,2.5,86.7,2357
KOR-2004,31.2,9.3,25.6,30.4,22681.9,155,45.4,0.2,,2,86.7,2350
KOR-2005,31.6,9,24.4,31.6,22831,167.8,46.6,0.2,25.9,2.1,86.7,2369
KOR-2006,27.8,9.2,23.1,33.1,23188.1,178.4,47.7,0.2,,2.2,86.7,2352
KOR-2007,30.3,9.3,21.8,34.8,23561.1,200.5,49,0.2,24,2.3,86.7,2360
KOR-2008,30.3,9.5,20.6,36.7,23774.8,226.9,50,0.2,26.3,2.1,74.1,2387
KOR-2009,35.3,8.9,19.4,38.5,23687.6,233.4,50.7,0.2,25.6,2.2,79.4,2392
KOR-2010,35,8.9,19.1,39,24032.8,258.4,30.4,0.1,22.9,2,60.3,2348
KOR-2011,34.7,8.9,18.5,40.4,24526.4,276.2,31,0.2,23.2,2.4,60.3,2243.1
KOR-2012,30.3,9,17.5,41.7,24954.8,296.7,32.4,0.2,21.6,2.4,84.5,2285.3
KOR-2013,29.8,8.7,16.3,43.1,25299.4,304.6,33.5,0.2,19.9,2.5,60.3,2233.4
KOR-2014,27.6,8.9,15,44.5,25897.2,321.2,34.1,0.2,20,2.6,60.3,2076
KOR-2015,26.8,9.1,14.2,45.4,26177.7,356.4,35.2,0.2,17.3,2.8,60.3,2083
KOR-2016,25.5,8.7,13.2,46.6,26409.1,378.9,36.7,0.2,18.4,2.8,60.3,2068
KOR-2017,23.8,8.7,12.4,47.7,26724.8,391.9,38.7,0.2,17.5,2.7,84.5,2018
KOR-2018,25.5,8.5,11.8,49,26822.1,424.2,39.7,0.2,17.5,2.9,60.3,1993
KOR-2019,25.4,8.3,11.3,50,27122.7,440.3,40.3,0.2,16.4,12.2,60.3,1967
KOR-2020,24.1,7.9,10.6,50.7,26904.3,460.4,37.8,0.2,15.9,2.2,60.3,1908
LTU-1990,29.3,,16.3,30.4,19848.4,,39,0.2,,2.3,,
LTU-1991,33.9,,15,31,20414.4,127.4,40.4,0.2,28,2.6,,
LTU-1992,38.9,,14.2,32.4,20853.1,133.2,41.7,0.1,26,2.5,86.1,
LTU-1993,47,,13.2,33.5,21213.9,135.3,43.1,0.1,27,2.5,83.8,
LTU-1994,50.8,,12.4,34.1,19937.4,148.6,44.5,,27,2.3,82.5,
LTU-1995,51.1,7.9,22.3,35.2,20291.2,155,45.4,,27,2.3,80,1527
LTU-1996,52,7.9,22.7,36.7,21173,167.8,46.6,,27,2.5,80,1525
LTU-1997,48.8,8.7,21.7,38.7,21613.7,178.4,47.7,,26,2,80,1530
LTU-1998,47.3,8,19.5,39.7,22231.5,200.5,49,0.2,26,2.1,80,1571.4
LTU-1999,46.8,8.6,18,40.3,22221.6,226.9,50,0.2,25,2.2,80,1524.1
LTU-2000,49.3,9.7,25.4,41.7,22681.9,233.4,50.7,0.2,26,2.3,80,1630.2
LTU-2001,46.7,10.5,21.2,,22831,258.4,30.4,0.2,25,2.1,80,1617
LTU-2002,46.8,11.1,23.3,,23188.1,276.2,31,0.2,25,2.2,80,1591.3
LTU-2003,43.8,11.3,,,,296.7,32.4,0.2,25,2,,1576.9
LTU-2004,41.9,12.2,,,,304.6,33.5,0.2,23,2.4,,1658.8
LTU-2005,40.3,12.5,12.5,26.5,1434.5,321.2,34.1,0.2,22,0.2,,1659.1
LTU-2006,32,13.2,11.7,26.8,1429,120.6,35.2,0.2,22.5,0.2,87.4,1654.9
LTU-2007,31.6,13.9,11.1,28.9,1451.6,121.8,36.7,0.2,20.7,0.2,86.1,1681
LTU-2008,34.3,13.9,9.4,30.4,1427.1,139.3,38.7,0.2,18.1,0.2,83.8,1707.3
LTU-2009,35.1,13.1,8.7,31,1317.4,131.3,39.7,0.2,,0.3,82.5,1645
LTU-2010,32.2,13.5,8.1,32.4,1247.7,139.1,40.3,,,0.3,80,1696.7
LTU-2011,32.9,14.7,7.1,33.5,1253.6,153.4,14.7,,12.4,0.3,80,1674.2
LTU-2012,30.1,14.7,6.7,34.1,1275.7,182.1,14.7,,11.5,0.3,80,1672.3
LTU-2013,35.4,14.5,6.6,35.2,1292.8,198.7,14.5,,11.2,0.3,80,1657.5
LTU-2014,30.4,14.2,8.8,36.7,1319,203.8,14.2,,11.2,0.3,80,1649.9
LTU-2015,29.6,14,8.6,38.7,1334.9,221.2,14,0.2,12.3,0.4,80,1673.2
LTU-2016,27.3,13.2,7.5,39.7,1361.4,245.3,13.2,0.2,14.3,0.4,80,1694.3
LTU-2017,25,12.3,7.2,40.3,1354.8,263.7,12.3,0.2,16.8,0.5,80,1656.9
LTU-2018,22.9,11.2,7,41.7,1374.7,273.7,11.2,0.2,,16.2,92.3,1664
LTU-2019,22.2,11.1,6.7,43.1,1378.4,312.3,11.1,0.2,13.4,16.7,80,1665.4
LTU-2020,20.3,11.4,6.4,44.1,1358.2,297.3,11.4,0.2,12.1,,92.3,1594.9
LUX-1990,18.4,15.3,9.4,33.1,133.6,36.4,15.3,0.2,11.3,0.1,,
LUX-1991,20.5,14.4,8.7,34.8,139.2,38.8,14.4,0.2,10.8,0.1,,
LUX-1992,15.6,14.3,8.1,36.7,142.9,42.3,14.3,0.2,10.4,0.1,,
LUX-1993,16.3,13.9,7.1,38.5,145.3,45.3,13.9,0.2,10.2,0.1,79.4,
LUX-1994,19.3,13.7,6.7,39,148.7,54.1,13.7,0.2,10.1,0.1,60.3,
LUX-1995,15.6,13.7,6.6,40.4,152.8,55.5,13.7,0.2,9.3,0.1,60.3,1615
LUX-1996,18.1,13.4,8.8,41.7,156.5,55.7,13.4,0.1,9.8,19.7,84.5,1593
LUX-1997,20,13.2,8.6,43.1,162.5,59.5,13.2,0.1,28.2,19.9,60.3,1600
LUX-1998,15.2,13,7.5,44.5,170.6,64,13,0.1,25.9,20.2,60.3,1599
LUX-1999,16.6,13,7.2,45.4,176.1,100.3,13,0.1,,0.2,60.3,1598
LUX-2000,15,13.4,7,46.6,180.9,211.4,13.4,0.1,,0.2,60.3,1605
LUX-2001,17.4,13.3,11.3,47.7,185.3,219.8,13.3,0.1,25.5,0.4,84.5,1593
LUX-2002,20.1,13.1,10.6,49,188.2,246.2,50.7,0.1,,0.4,,1588
LUX-2003,11,12.7,16.3,50,187.1,257.7,30.4,0.1,24.5,0.5,86.1,1586
LUX-2004,13.8,12.5,15,50.7,188.4,271.3,31,0.1,,0.6,83.8,1586
LUX-2005,10.7,12.3,34.1,30.4,193.6,279.5,32.4,0.1,23.8,0.6,82.5,1567
LUX-2006,13.8,12.4,34.5,24,195.3,301.9,33.5,0.1,,0.5,80,1567
LUX-2007,16.6,12.2,34.3,26.5,202.9,273.6,34.1,0.1,,0.6,80,1581
LUX-2008,8.7,12,32.1,27.7,202.4,233.9,35.2,0.1,22.4,0.5,80,1581
LUX-2009,9.6,11.9,22.7,34.8,217.2,276.3,36.7,0.1,,1.1,80,1518
LUX-2010,10.5,11.9,22.3,35.5,220.8,288.2,38.7,0.1,18.7,1.2,80,1521
LUX-2011,10.7,11.8,22.7,37,224.8,277.2,39.7,0.1,,1.2,80,1520
LUX-2012,9.6,11.8,21.7,39.1,236.1,235.9,40.3,0.1,17.3,1.3,90.8,1514
LUX-2013,7.6,11.4,19.5,40.7,238.7,244.1,,0.1,,1.1,92.2,1506
LUX-2014,12.2,11.6,18,45.9,245.6,242.6,48,0.1,18.2,1,92.2,1512
LUX-2015,11.5,11.5,25.4,39.8,257.5,239.2,14.7,0.1,17.5,1.1,90.8,1519
LUX-2016,7.5,11.4,21.2,42.9,260.5,249.7,14.7,0.1,16.2,1.1,90.8,1518
LUX-2017,8.7,11.3,23.3,40.3,271.8,249.1,14.5,0.1,16.3,1.1,92.2,1508
LUX-2018,8.2,11.1,22.8,43.9,279.9,261.1,14.2,0.1,15.7,21.5,92.2,1509
LUX-2019,10.9,11,24.9,51.6,289.1,250.6,14,0.1,16.1,21.6,92.2,1507
LVA-1990,28.4,6.7,20.8,45.9,187.1,,13.2,0.1,14.9,,,
LVA-1991,30.7,6.7,17.9,39.8,188.4,124.3,12.3,0.1,14,,,
LVA-1992,37.6,6.9,17,42.9,193.6,130.5,11.2,,13.1,,90.8,
LVA-1993,45.2,8,15.7,40.3,195.3,138.6,11.1,0.1,12.5,,90.8,
LVA-1994,42.9,9.6,15.6,43.9,202.9,133.9,11.4,0.1,12,,92.2,
LVA-1995,43.1,9.1,15.9,,202.4,155,15.3,0.1,11.3,0,92.2,1867.1
LVA-1996,38.9,8.4,15.4,17,217.2,161.5,14.4,0.1,10.3,0,90.8,1865.5
LVA-1997,37.6,8.4,14.1,16,220.8,147.9,14.3,0.1,24.1,0,90.8,1861.2
LVA-1998,35.6,8.9,13.2,17.2,224.8,156.9,13.9,0.1,,0,,1860
LVA-1999,32.7,8.8,11.4,17.8,971.8,144,13.7,0.1,,0.1,80.2,1861.5
LVA-2000,33.8,7.1,12.1,18.2,941.6,166.8,13.7,0.1,,0.1,82.1,1864.6
LVA-2001,30.9,6.7,10.9,17.8,933.8,112.5,13.4,0.1,12.4,0.1,78,1872.5
LVA-2002,29.7,7.4,17.9,18.9,955.5,123.8,13.2,0.1,11.5,0.2,,1841.7
LVA-2003,26.7,8.2,17,17.9,962.1,124.3,13,,11.2,0.1,79,1836
LVA-2004,24.8,8.8,15.7,19.8,963.9,130.5,13,,11.2,0.2,79,1802.2
LVA-2005,25.1,9.9,15.6,20.3,972.4,138.6,13.4,,12.3,0.1,79,1842.1
LVA-2006,21.6,10.4,15.9,20.9,1030.9,133.9,13.3,0.2,14.3,0.2,79,1829
LVA-2007,20.4,12.1,15.4,22.2,1057.5,155,,0.1,16.8,0.1,79,1793.6
LVA-2008,23.7,11.8,14.1,24.8,1054.9,161.5,48.5,0.1,,0.1,82.1,1751.1
LVA-2009,23.6,9.9,13.2,25.8,908.5,147.9,13,0.1,13.4,0.1,78,1707.3
LVA-2010,20.1,9.8,11.4,26.9,850.7,156.9,13.4,0.1,12.1,0.2,,1692.4
LVA-2011,20.5,10.1,12.1,27.7,861.6,144,13.3,0.1,11.3,0.1,79,1707
LVA-2012,20.9,10.2,10.9,29.2,875.6,166.8,50.7,0.1,10.8,0.1,79,1691.6
LVA-2013,18.2,10.4,10.6,31,893.9,178,30.4,0.1,10.4,0.1,79,1685.9
LVA-2014,18.4,10.6,13.3,30.2,884.7,187.1,31,0.1,10.2,0.1,79,1695.3
LVA-2015,18.6,10.8,12.2,31.6,896.1,208.2,32.4,0.1,10.1,0.1,79,1663.2
LVA-2016,17.7,11.3,11.3,33.4,893.3,253,33.5,0.1,9.3,0.1,79,1663.8
LVA-2017,17.3,10.9,12.4,33.9,894.8,253.5,34.1,0.1,9.8,0.1,79,1649.9
LVA-2018,14.7,11,12.4,33.9,909.4,263.1,35.2,0.1,28.2,15.8,79,1661.3
LVA-2019,14.4,11.6,11.6,35.7,910,283.4,36.7,,25.9,16.4,79,1631
LVA-2020,14.9,12.1,10.5,37.8,893,283.3,38.7,0.1,,,91.3,1576.9
MEX-1990,3.6,4.9,20.8,45.9,23403.4,,39.7,0.1,,0.1,,
MEX-1991,3.6,4.8,17.9,39.8,29225.5,233.9,40.3,0.1,25.5,0.1,,2113
MEX-1992,3.8,5.3,17,42.9,30259,276.3,,0.1,,0.1,79,2104
MEX-1993,3.9,5.2,15.7,40.3,31340.5,288.2,48,0.1,24.5,0.1,79,2112
MEX-1994,4.3,5.2,15.6,43.9,32439,277.2,14.7,0.1,,0.1,79,2146
MEX-1995,4.4,5.1,15.9,,32174.9,235.9,14.7,0.1,23.8,0.1,79,2161
MEX-1996,4.1,5.3,15.4,,33495.8,244.1,14.5,0.1,,0.1,79,2192
MEX-1997,4.3,4.8,14.1,13.2,35425.2,242.6,14.2,0.1,,0.1,79,2241
MEX-1998,4.2,4.9,13.2,13.5,36357,239.2,14,0.1,22.4,0.1,79,2168
MEX-1999,4.1,4.9,11.4,13.2,36774.9,249.7,13.2,0.1,,0.1,,2242
MEX-2000,4.4,5.2,12.1,14.6,37594.3,113.5,12.3,0.1,18.7,0.1,87.5,2174
MEX-2001,4.6,5,10.9,15.1,37684.5,126.1,11.2,,,0.1,85.8,2146
MEX-2002,4.4,4.9,70,15.4,38559.8,134.8,11.1,0.1,17.3,0.2,74.2,2196
MEX-2003,4.7,5,70.1,15.6,38877.6,155,11.4,0.1,,0.2,74.2,2143
MEX-2004,4.7,5,68.6,16.6,40216.1,164.7,15.3,0.1,18.2,0.2,74.2,2123
MEX-2005,5,5,71.8,12.7,42079.1,168.9,14.4,0.1,17.5,0.2,74.2,2105
MEX-2006,4.6,5.2,71,13.3,43378.5,176.8,14.3,0.1,16.2,0.2,74.2,2067
MEX-2007,4.5,4.1,70.4,13.6,44231.3,182.8,13.9,0.1,16.3,0.2,86.3,2045
MEX-2008,4.7,4,70.1,13.7,44943.5,181.3,13.7,0.1,15.7,0.3,87.5,2105
MEX-2009,5,4.3,68.7,14.3,45435.4,181,13.7,0.1,16.1,0.4,85.8,1973
MEX-2010,4.9,4,67.9,14.7,46121.6,165.9,13.4,0.1,14.9,0.3,74.2,2150
MEX-2011,5.2,4,66.9,15,47138.9,160.1,13.2,0.1,14,0.3,74.2,2121
MEX-2012,4.9,3.9,66,15.7,48706.7,168.8,13,0.1,13.1,0.3,74.2,2120
MEX-2013,5.2,3.8,65.2,16.2,49227.3,170.9,36.5,0.1,12.5,0.4,74.2,2136
MEX-2014,5.6,4,64.9,16,49415.4,174.9,36.4,0.1,12,0.4,74.2,2134.1
MEX-2015,5.5,4.3,64.3,16.3,50611.3,186.1,38.3,0.1,11.3,0.4,74.2,2139.9
MEX-2016,5.4,4.4,63.4,16.8,51594.8,196.2,37.9,,10.3,0.4,74.2,2145.9
MEX-2017,5.5,4.7,62.3,17.4,51680.3,198.7,38.9,,24.1,0.4,74.2,2148.5
MEX-2018,5.5,4.8,60.9,18,53161.8,206.1,40.5,,7.7,0.4,74.2,2149.4
MEX-2019,5.7,4.9,60.2,18.3,54614.6,207.2,40.5,0.1,,7.5,74.2,2138.9
MEX-2020,6.3,3.9,58.4,19.4,50927.1,209.3,42.3,0.1,7.4,,74.2,2123.5
NLD-1990,10.3,9.9,45.2,19.2,6274.5,144.7,44.1,0.1,37,5.6,,1454
NLD-1991,11.3,10,43.7,19.6,6420.3,145.8,44.8,0.1,38,5.8,94.8,1444
NLD-1992,11,10,42.1,20.9,6613.8,133.6,36.5,0.1,37,5.8,94.8,1451
NLD-1993,10.5,9.7,,,6639.9,132.8,36.4,0.1,36,6.1,94.8,1440
NLD-1994,10.6,9.7,40.2,21.4,6706.5,141.2,38.3,0.1,37,6.2,94.8,1447
NLD-1995,10,9.8,38.8,22,6781.6,152.3,37.9,0.1,36,7,94.8,1481.6
NLD-1996,10.4,9.9,,,6931.8,193.6,38.9,0.1,36,6.9,94.8,1496.5
NLD-1997,10.3,10.1,,,7186,191.3,40.5,0.1,36,6.8,94.8,1482
NLD-1998,9.9,9.9,35.7,24.2,7402,238.3,40.5,0.1,35,7.5,94.8,1478.7
NLD-1999,9.8,10.1,,,7604.6,259.9,42.3,0.1,34,7.5,94.8,1477.2
NLD-2000,9.6,10.1,35.1,23.4,7869.8,284.3,44.1,0.1,32,7.5,,1464.1
NLD-2001,9.3,10,34.9,23.2,8067.9,302.8,44.8,0.1,28.8,7.3,,1454.1
NLD-2002,9.8,9.8,32.2,25,8167.4,340.8,44.8,,27.6,7.8,,1436.4
NLD-2003,9.4,9.7,30.8,27.5,8121.1,339.9,,,26.7,8.1,,1427.8
NLD-2004,9.3,9.6,29.1,29.5,8105.5,377.2,46.5,,25.4,8.2,,1447.9
NLD-2005,9.6,9.6,28.2,30.1,7831.4,388.7,44.9,,25.2,8.2,,1433.6
NLD-2006,9.3,9.6,27.6,30.2,7956.5,213.4,46.5,,25.2,11.4,94.3,1430.4
NLD-2007,8.2,9.6,26.8,30.8,8186.6,222.2,45.5,,23.1,11.4,93.6,1429.2
NLD-2008,8.6,9.7,26.7,32.2,8377.9,259.2,46.9,,23.3,11.6,93.8,1428.6
NLD-2009,9.1,9.4,26.6,32.8,8383.4,254.8,47.2,,22.6,12.6,,1420
NLD-2010,9.4,9.1,27,32.4,8289.7,254.1,48.2,,20.9,12.8,94.8,1419.6
NLD-2011,9.7,9,27.7,32,8291.4,270.3,48.2,0.1,20.8,13.1,94.8,1420.2
NLD-2012,10.3,9.1,26.6,34.4,8345.1,291.8,47.9,0.1,18.4,13.1,94.8,1410.5
NLD-2013,10.8,8.7,24.2,33.9,8285.1,316.4,45.6,0.1,18.5,13.1,94.8,1414.7
NLD-2014,10.6,8.4,24.1,34.4,8235.8,318.2,48.2,0.1,19.1,13.1,94.8,1425.6
NLD-2015,10.7,8.3,23.6,35.3,8318.1,312.6,47.4,0.1,19,13.3,94.8,1425.8
NLD-2016,10.8,8.2,22.9,36,8426.9,326.5,47.6,0.1,18,13.3,94.8,1437.3
NLD-2017,10.8,8.3,21.6,37.2,8604.5,327.4,42.6,0.1,16.8,13.5,94.8,1436.8
NLD-2018,10.2,8.3,21,38.3,8796.9,333.6,,0.1,15.5,16.2,94.8,1436.1
NLD-2019,10,8.2,20.4,40.4,8981.9,332.6,24.8,0.1,15.4,16.1,94.8,1438.5
NLD-2020,10,7.2,19,42.6,8981,316.5,25.3,0.1,14.4,,94.8,1406.9
NOR-1990,16,5,,,1992,84.2,,,35,1.9,,1492.8
NOR-1991,16.5,4.9,20.9,24.8,1973,84.7,27.4,0.1,34,1.9,,1490.2
NOR-1992,14.7,4.7,21,25.3,1970,85.7,28.6,0,35,1.8,,1499.6
NOR-1993,13.9,4.6,,,1970,89.4,30.2,0.1,37,1.7,26,1496.8
NOR-1994,12.6,4.7,19.3,27.4,2003,92.5,30.8,0.1,33,1.7,25,1494.9
NOR-1995,12.9,4.8,18.8,28.6,2047,101,32.2,0.1,33,1.7,25,1478.3
NOR-1996,12,5,19.3,30.2,2104,110.5,32.8,0.1,33,1.9,25,1473.6
NOR-1997,12.6,5.3,19.4,30.8,2166,148.8,32.4,0.1,34,1.8,23,1468.4
NOR-1998,12.7,5.2,18.1,32.2,2219,154,32,0.1,33,2,22,1466.6
NOR-1999,13.5,5.5,17.9,32.8,2233,161.3,34.4,0.1,32,2.3,22.5,1465.5
NOR-2000,12.4,5.7,17.6,32.4,2255,177.2,33.9,,32,2,20.7,1448.1
NOR-2001,12.6,5.5,18.1,32,2265.3,174.7,34.4,0.2,30,2.1,26,1424
NOR-2002,11.2,5.9,17.6,34.4,2275.5,199.6,42,0.2,29,2.4,25,1411.8
NOR-2003,11.3,6,17.8,33.9,2257.6,199.6,30.8,0.2,26,2.6,,1401
NOR-2004,11.9,6.2,,34.4,2266.5,213.1,32.2,0.2,26,2.3,,1423.1
NOR-2005,11.7,6.4,22.8,35.3,2282.6,217.5,32.8,0.2,25,2,,1428.5
NOR-2006,11.7,6.5,21.1,36,2353,226.2,32.4,0.2,24,2,94.4,1426.4
NOR-2007,10.6,6.6,21.1,37.2,2434.2,240.1,32,0.2,22,2,,1438.3
NOR-2008,10.7,6.8,19.3,38.3,2513.7,248.4,46,0.2,21,1.9,93.1,1443
NOR-2009,12.1,6.7,19.3,36.7,2499.5,247.4,,0.2,21,2.3,,1421.8
NOR-2010,11.4,6.6,19.4,37.3,2500.8,248.7,,0.2,19,2,,1429.8
NOR-2011,12.2,6.4,18.1,38.1,2535.5,263.5,,0.2,17,2.2,,1434.7
NOR-2012,10.4,6.2,17.9,38.6,2585.4,270.3,46,0.1,16,2.1,92.1,1431.1
NOR-2013,11,6.2,17.6,39.8,2601.6,279.3,24.1,0.1,15,2.2,,1421.3
NOR-2014,10.8,6.1,18.1,41.8,2626.6,285.2,23.6,0.1,13,2.4,92.1,1424.1
NOR-2015,11.4,6,17.6,42.7,2641,281.8,22.9,0.1,13,2.5,92.1,1426.6
NOR-2016,11.8,6,17.8,43,2638.2,293.1,21.6,0.1,12,2.7,92.1,1430
NZL-1990,14.1,10.3,43.4,,1534.7,66.2,21,,28,0.2,,1809
NZL-1991,13.8,9.9,44.4,24.8,1509.2,69.6,20.4,,26,0.3,,1792
NZL-1992,14.6,9.8,43.6,25.3,1513.9,85.9,19,,27,0.4,,1799
NZL-1993,12.6,9.3,,,1544.8,99.6,,,27,0.4,26,1853
NZL-1994,14.8,9.5,42.7,27.4,1611.3,101.4,20.9,0.1,27,0.4,25,1848
NZL-1995,15.2,9.3,40.9,28.6,1686.2,107.6,21,0,27,0.5,25,1841
NZL-1996,14.7,8.8,,30.2,1740,112.6,,0.1,26,0.5,25,1834
NZL-1997,15.1,8.7,39.6,30.8,1750.1,115.5,19.3,0.1,26,0.5,23,1826
NZL-1998,15.5,8.7,38.6,32.2,1738.5,123,18.8,0.1,25,0.5,22,1829
NZL-1999,13.7,8.9,38,32.8,1765.7,125.6,19.3,0.1,26,0.5,22.5,1845
NZL-2000,12.3,8.9,36.8,32.4,1799.1,129.5,19.4,0.1,25,0.5,20.7,1836
NZL-2001,13.5,8.7,35.5,32,1844.7,149.9,18.1,0.1,25,0.5,26,1825
NZL-2002,12.3,9.1,34.4,34.4,1904.6,149.5,17.9,0.1,25,0.5,25,1826
NZL-2003,13.3,8.9,33.1,33.9,1953.3,146.2,17.6,,23,0.4,,1823
NZL-2004,12.4,9.1,32.9,34.4,2022.8,148.4,18.1,,22,0.5,,1830
NZL-2005,12.7,9.3,31.6,,2082.3,156,17.6,,22.5,0.5,,1815
NZL-2006,12.7,9.3,31.1,,2131.4,169.3,17.8,0.2,20.7,0.5,94.4,1795
NZL-2007,11.9,9.2,28.9,38.3,2167.8,155.5,,0.2,18.1,0.5,96.7,1774
NZL-2008,12.4,9.5,27.9,36.7,2174.7,187.5,22.8,0.2,,0.5,94.2,1761
NZL-2009,12,9.3,27.8,37.3,2144.9,193,21.1,0.2,,0.6,,1740
NZL-2010,12.4,9.6,27,38.1,2153.7,197.8,21.1,0.2,,0.7,92.6,1755
NZL-2011,11.2,9.5,25.9,38.6,2184.8,206.6,19.3,0.2,,0.7,92.6,1746
NZL-2012,12.4,9.2,25.9,39.8,2179.9,217.7,19.3,0.2,16.4,0.7,92.6,1734
NZL-2013,11.8,9.2,28.6,,2223.6,232.6,19.4,0.2,15.8,0.7,95,1756
NZL-2014,11.5,9.1,25.9,35.6,2308.4,245.2,18.1,0.2,15.9,0.7,92.6,1758
NZL-2015,11.8,8.7,25.3,34,2368.6,252.8,17.9,0.2,15.1,0.7,92.6,1753
NZL-2016,12.1,8.9,23.4,36.3,2482.7,273.4,17.6,0.2,14.5,0.7,95,1754
PER-1990,0.7,4.3,,,,,18.1,,,,,
PER-1991,0.4,4.6,38.6,24.8,,,,,27,,,
PER-1992,1.3,3.9,38,25.3,2257.6,,,,26,,26,
PER-1994,1.8,6.1,36.8,,2266.5,,46,0.2,26,2.4,25,1401
PER-1995,2,5.8,35.5,27.4,2282.6,,24.1,0.2,25,2.6,25,1423.1
PER-1996,2,5.4,34.4,28.6,2353,,23.6,0.2,26,2.3,25,1428.5
PER-1997,1.4,6.3,33.1,30.2,2434.2,,22.9,0.2,25,2,23,1426.4
PER-1998,1.5,6.1,32.9,30.8,2513.7,,21.6,0.2,25,2,22,1438.3
PER-1999,1,5.9,31.6,32.2,2499.5,,21,0.2,25,2,22.5,1443
PER-2000,1,5.4,31.1,32.8,2500.8,24.5,20.4,0.2,23,1.9,20.7,1421.8
PER-2001,1,5.6,28.9,32.4,2535.5,24.7,19,0.2,22,2.3,26,1429.8
PER-2002,1,5.3,27.9,32,2585.4,25.5,,0.2,22.5,2,25,1434.7
PER-2003,1,5.1,27.8,34.4,2601.6,24.9,20.9,0.2,20.7,2.2,,1431.1
PER-2004,1,6,,33.9,2626.6,24.5,21,0.2,26,2.1,,1421.3
PER-2005,0.8,6.1,,34.4,2641,22.9,,,25,2.2,,1424.1
PER-2006,0.9,5.9,19.4,,2638.2,25.8,19.3,0.2,26,2.4,,1426.6
PER-2007,1.6,5.8,18.8,32.8,1534.7,26.8,18.8,0.2,25,2.5,93.7,1430
PER-2008,1.5,5.4,17.4,32.4,1509.2,27.1,19.3,0.2,25,2.7,86.8,1809
PER-2009,0.5,5.3,16.1,32,1513.9,25.5,19.4,0.2,25,0.2,86.8,1792
PER-2010,1,5.2,14.9,34.4,1544.8,25.1,18.1,0.2,23,0.3,86.8,1799
PER-2011,1.8,5.2,14.2,33.9,1611.3,25.5,17.9,0.2,22,0.4,86.8,1853
PER-2012,2.3,5.4,13.7,34.4,1686.2,24.8,17.6,0.2,22.5,0.4,86.8,1848
PER-2013,1.2,5.3,12.9,35.3,1740,23,18.1,0.2,20.7,0.4,86.8,1841
PER-2014,1.4,5.5,12,36,1750.1,21.2,17.6,0.2,18.1,0.5,26,1834
PER-2015,0.9,5.7,11.5,37.2,1738.5,20.5,17.8,0.1,27,0.5,25,1826
PER-2016,1.4,5.6,11.1,38.3,1765.7,20.1,,0.1,26,0.5,25,1829
PER-2017,1.3,5.8,10.4,40.4,1799.1,19.8,22.8,0.1,26,0.5,25,1845
PER-2018,1.7,5.7,9.9,42.6,1844.7,20.2,21.1,0.1,25,0.5,23,1836
POL-1990,14.5,8.3,9.5,,1904.6,12.3,21.1,0.1,26,0.5,22,1825
POL-1991,15.5,8.8,9.2,24.8,1953.3,17.4,19.3,0.2,25,0.5,22.5,1826
POL-1992,16.5,8.3,8.7,25.3,2022.8,21.6,19.3,0.2,25,0.5,20.7,1823
POL-1993,16.1,8.4,7.9,,2082.3,35.3,19.4,0.2,25,0.4,26,1830
POL-1994,15.7,8.3,7.6,27.4,2131.4,43.4,18.1,0.2,23,0.5,25,1815
POL-1995,15.5,8.1,9.8,28.6,2167.8,44.4,17.9,0.2,22,0.5,86.8,1795
POL-1996,15.2,8.1,,30.2,2174.7,48.8,17.6,0.2,22.5,0.5,86.8,1774
POL-1999,15.5,8.3,21.5,30.8,2144.9,67.7,18.1,0.2,20.7,0.5,86.8,1761
POL-2000,15.8,8.4,20.1,32.2,2153.7,73.6,,0.1,32,0.5,86.8,1740
POL-2001,15.7,7.8,19.4,32.8,2184.8,74.8,24.5,0.1,31,0.6,86.8,1755
POL-2002,15.8,8.1,18.8,32.4,2179.9,86.7,25.8,0.1,31,0.7,86.8,1746
POL-2003,15.4,9.1,17.4,14.2,13616.2,91.2,27,0.1,30.5,0.7,,1860.5
POL-2004,15.9,9.2,16.1,15.7,13793.2,101.4,27.7,0.1,29.5,0.2,,1860.9
POL-2005,15.8,9.1,14.9,16.9,14115.5,98.2,19.6,0.1,28,0.2,,1856
POL-2006,15.1,9.9,14.2,17.9,14593.4,103.5,21.2,,28,0.2,89.7,1857.3
POL-2007,13.7,10.3,13.7,18.7,15240.4,115.4,22.5,,26,0.2,89.3,1854.7
POL-2008,14.7,10.8,12.9,19.6,15799.4,125.5,23.3,,26,0.2,88.9,1847.5
POL-2009,16.7,10.2,12,21.2,15868,134.1,24.5,0.2,25,0.3,93.7,1833.6
POL-2010,16.3,10,11.5,22.5,15472.8,144.4,25.8,0.2,24,0.3,86.8,1829
POL-2011,15.6,10.3,11.1,23.3,15562,155.6,27,0.2,23,0.3,86.8,1824.3
POL-2012,16.2,10.2,10.4,24.5,15590.6,168.3,27.7,0.2,19,0.4,86.8,1819.7
POL-2013,15.8,10.8,9.9,25.8,15568,173.8,28.7,0.2,,0.4,86.8,1816.4
POL-2014,15.1,10.5,9.5,27,15861.5,175.4,53.3,0.2,22.7,0.4,86.8,1822.3
POL-2015,13.7,10.5,9.2,27.7,16083.2,194.2,,0.2,,0.5,86.8,1829.2
POL-2016,11.9,10.5,8.7,28.7,16196.1,211.2,24.5,0.2,35.5,0.5,86.8,1831.4
POL-2017,11.3,10.6,7.9,29.9,16422.2,222.1,25.8,0.2,34,0.5,93.5,1811.6
POL-2018,11.3,10.7,7.6,30.9,16484.1,210.3,27,0.2,32,20.6,93.5,1787.3
POL-2019,11.6,11,7.4,32,16460.5,220,27.7,0.2,31,21.3,93.5,1782.6
PRT-1990,9.7,14.4,9.9,23.3,4658,86.1,,,31,0.8,,1805.8
PRT-1991,10.5,14,9.5,24.5,4568,106.2,27.7,,30.5,0.9,,1739.5
PRT-1992,9.6,13.6,9.2,25.8,4498.1,123.7,28.7,,35.5,0.9,88.9,1682.3
PRT-1993,8.5,13.4,8.7,27,4418.2,117.5,29.9,0.2,34,1.1,93.7,1684.2
PRT-1994,8.2,13.3,7.9,27.7,4408.9,122.4,30.9,0.2,32,1.2,86.8,1691.5
PRT-1995,8.6,12.8,7.6,28.7,4381.6,143.4,32,0.2,31,1.1,86.8,1749.4
PRT-1996,7,12.1,,29.9,4409.1,142.8,23.3,0.2,31,1.1,86.8,1750.3
PRT-1997,6.5,11.8,,,4491,148.5,24.5,0.2,30.5,1.1,86.8,1745.7
PRT-1998,5.7,11.7,82.1,8.3,4847.9,147.4,25.8,0.2,29.5,1.4,86.8,1759.9
PRT-1999,5.5,13.2,81.2,8.7,4924.8,159.4,27,0.2,28,1.4,86.8,1761.6
PRT-2000,5.2,12.8,80.6,8.8,5040,176.5,27.7,0.2,28,1.6,86.8,1770.4
PRT-2001,7.4,12.6,79.8,9.2,5127.8,180.6,28.7,0.2,26,1.7,93.5,1755.1
PRT-2002,11.7,12.5,79.3,9.4,5143,181.6,29.9,0.2,26,1.8,93.5,1748.7
PRT-2003,11.1,12.2,77.2,11,5092.5,198.7,,0.2,25,1.8,,1742.2
PRT-2007,9.3,11.5,72.5,13.7,5091.3,299.2,8.3,0.2,24,1.9,,1754.7
PRT-2008,9.4,11.5,71.8,14.3,5116,319.3,8.7,0.2,23,2,87.1,1742.6
PRT-2009,9.2,11.5,70.1,14.7,4968.4,316.1,8.8,0.1,27,1.9,86,1743
PRT-2010,9.7,11.3,68.1,15.4,4897.9,299.8,9.2,0.2,26,1.9,79.7,1745.6
PRT-2011,8.9,10.9,65,17.3,4738.2,303.3,9.4,0.2,26,2,79.7,1724.4
PRT-2012,9.3,9.8,62.4,18.5,4545.5,326.1,11,0.2,25,2,79.7,1708.2
PRT-2013,9.1,9.5,60,19.3,4427.9,328,13.7,0.2,26,2,79.7,1717.6
PRT-2014,10.6,10.2,56.7,21.7,4498.3,337,14.3,0.2,25,2,79.7,1724.6
PRT-2015,9.7,10.3,54.9,22.9,4547.4,350.2,14.7,0.2,25,2.3,79.7,1731.7
PRT-2016,8.4,10.4,53.1,23.9,4604.4,373.7,15.4,0.2,25,2.3,79.7,1737.5
PRT-2017,9.1,10.4,52,24,4755.4,389.7,17.3,0.1,23,2.5,79.7,1727.1
PRT-2018,8.5,10.4,50.2,25,4866.1,419.2,18.5,0.1,22,22.5,79.7,1737.7
ROU-1990,10.3,12.5,81.2,,,144.4,19.3,0.3,22.5,,,
ROU-1991,10.8,12.2,80.6,24.5,,155.6,21.7,0.2,20.7,,,
ROU-1992,13.2,11.5,79.8,25.8,2257.6,168.3,22.9,0.3,34,0.4,,
ROU-1993,13.7,11.5,79.3,27,2266.5,173.8,23.9,0.2,32,0.4,,
ROU-1994,14.1,11.5,77.2,27.7,2282.6,175.4,24,0.3,31,0.4,,
ROU-1995,13.5,11.3,72.5,28.7,2353,194.2,,0.2,31,0.5,,1822.6
ROU-1996,13.7,10.9,71.8,29.9,2434.2,211.2,,0.3,30.5,0.5,,1861.5
ROU-1997,13.8,9.8,70.1,30.9,2513.7,222.1,13.7,0.3,29.5,0.5,,1860.5
ROU-1998,13.5,9.5,68.1,32,2499.5,210.3,14.3,0.3,28,20.6,,1859.1
ROU-1999,13.1,10.2,65,23.3,2500.8,220,14.7,0.3,28,21.3,,1850
ROU-2000,13.5,10.2,62.4,24.5,2535.5,86.1,15.4,0.3,26,0.8,,1853
ROU-2001,12.8,9.8,60,25.8,2585.4,106.2,17.3,0.2,26,0.9,,1852.5
ROU-2002,14.6,9.6,56.7,27,2601.6,123.7,18.5,,27,0.9,,1867.2
ROU-2003,13.7,8.8,54.9,27.7,2626.6,117.5,19.3,,26,1.1,,1837.1
ROU-2004,12.9,9.8,53.1,28.7,2641,53,21.7,,26,1.2,,1886.6
ROU-2005,12.4,10,52,29.9,2638.2,41.4,22.9,,25,1.1,79.7,1877
ROU-2006,12.8,10.3,12.1,,1534.7,46.4,23.9,0.3,26,1.1,79.7,1836.1
ROU-2007,11.5,11.6,10.9,8.3,1509.2,47.5,24,0.2,25,1.1,79.7,1839.9
ROU-2008,11.6,13.1,70,8.7,1513.9,58.1,25,0.3,25,1.4,79.7,1835.2
ROU-2009,12.1,11.8,70.1,8.8,1544.8,67,,0.2,25,1.4,79.7,1815.5
ROU-2010,12.8,10,68.6,9.2,1611.3,72.3,24.5,0.3,23,1.6,79.7,1840.7
ROU-2011,11.8,9.6,71.8,9.4,1686.2,77.4,25.8,0.2,22,1.7,79.7,1849.3
ROU-2012,12.2,9.7,71,11,1740,76.5,27,0.3,22.5,1.8,79.7,1811.5
ROU-2013,11.7,9.7,70.4,13.7,1750.1,78.5,27.7,0.3,20.7,1.8,,1806.5
ROU-2014,10.8,9.5,70.1,14.3,1738.5,80.7,28.7,0.3,32,1.9,,1792.5
ROU-2015,10.9,9.5,68.7,14.7,1765.7,87.3,29.9,0.3,31,2,,1785.7
ROU-2016,9.6,9.6,67.9,15.4,1799.1,98,30.9,0.3,31,1.9,,1809
ROU-2017,9.4,10.1,66.9,17.3,1844.7,108.1,32,0.2,30.5,1.9,,1785.8
ROU-2018,9.5,11,66,35.3,1904.6,119.2,23.3,0.2,29.5,2,,1787
ROU-2019,8.6,11,65.2,36,1953.3,127.1,24.5,0.2,28,2,,1803.1
RUS-1990,29.6,16.5,64.9,37.2,2022.8,,25.8,,28,2,,
RUS-1991,29.3,16.1,64.3,38.3,2082.3,28.8,27,0.1,26,2,79.7,
RUS-1992,33.8,18.5,63.4,40.4,2131.4,31.4,27.7,0.2,26,12,79.7,1933
RUS-1993,41.2,21.7,62.3,42.6,2167.8,35.8,28.7,0.2,25,11.8,79.7,1939
RUS-1994,45.3,23.6,60.9,,2174.7,40,29.9,0.2,24,11.7,79.7,1895
RUS-1995,44.2,21,60.2,24.8,2144.9,90.2,,0.2,23,11.6,79.7,1891
RUS-1996,41.7,19.2,58.4,25.3,2153.7,106.9,8.3,0.2,19,12.6,79.7,1894
RUS-1997,39.5,17.5,45.2,,2184.8,147.3,8.7,0.2,,12,79.7,1951
RUS-1998,37,16.9,43.7,27.4,2179.9,169.4,8.8,0.2,33.9,7.9,79.7,1946
RUS-1999,40.7,17.5,42.1,28.6,62944.8,198.4,9.2,0.1,,8.2,85.3,1964
RUS-2000,40.2,18.8,10.9,30.2,65070.3,204.6,9.4,0.1,34.9,8.5,85.1,1982
RUS-2001,40.2,19.4,70,30.8,65123,194.4,11,0.3,35.1,8.5,87.9,1980
RUS-2002,38.7,19.8,70.1,32.2,66658.8,139.5,13.7,0.2,27,8.5,86.1,1982
RUS-2003,36.2,19.8,68.6,32.8,66432.3,140.5,14.3,0.3,26,8.6,86.1,1993
RUS-2004,34.3,19.3,71.8,32.4,67274.8,139.2,14.7,0.2,26,8.9,86.1,1993
RUS-2005,31.8,20.2,71,32,68168.9,53,15.4,0.3,25,9,86.1,1989
RUS-2006,29.7,21.4,70.4,34.4,68855,41.4,17.3,0.2,26,8.9,85.8,1998
RUS-2007,28.4,22.3,70.1,33.9,70570.5,46.4,35.3,0.3,25,9.1,85.3,1999
RUS-2008,26.5,18.4,68.7,34.4,70965.1,47.5,36,0.3,25,9.2,85.1,1997
RUS-2009,25.7,16.1,67.9,35.3,69302.7,58.1,37.2,0.3,25,9.4,87.9,1974
RUS-2010,22.8,15.8,7.2,36,69933.7,67,38.3,0.3,23,9.8,86.1,1976
RUS-2011,21.3,15.4,7.2,37.2,70856.6,72.3,40.4,0.3,22,10,86.1,1979
RUS-2012,20.3,14.8,7,38.3,71545.4,77.4,42.6,0.2,22.5,10.1,86.1,1982
RUS-2013,19.6,14.1,6.7,36.7,71391.5,76.5,28.6,,20.7,10.1,86.1,1980
RUS-2014,18.3,14,6.6,37.3,71539.1,78.5,30.2,,,10.3,86.1,1985
RUS-2015,17.1,13.3,6.3,38.1,72323.6,80.7,30.8,,26,10.6,86.1,1978
RUS-2019,11.7,10.8,71.8,38.6,71933.1,87.3,32.2,,25,10.5,86.1,1965
SVK-1992,17.2,12.7,71,39.8,,,32.8,0.3,26,10.5,,
SVK-1993,15.8,12.1,70.4,41.8,,,32.4,0.2,25,11.2,85.3,
SVK-1994,14.7,10.6,70.1,42.7,2110.2,,32,0.3,25,11.3,85.1,
SVK-1995,15.5,10.3,68.7,43,2146.8,,34.4,0.2,25,11.6,87.9,1853
SVK-1996,13.9,10.7,67.9,,2224.9,,33.9,0.3,23,,86.1,1820
SVK-1997,13.2,10.8,7.2,10.5,2205.9,20.9,34.4,0.2,22,0.7,86.1,1830
SVK-1998,13.4,10,7.2,10.3,2198.5,21.6,35.3,0.3,22.5,0.9,86.1,1822
SVK-1999,14,10,7,10.1,2131.9,27,36,0.3,20.7,1,86.1,1816
SVK-2000,14.6,11,16.2,10.4,2101.6,28.8,37.2,0.3,32,0.8,85.1,1816
SVK-2001,13.9,10.8,14.9,10.9,2121.1,31.4,38.3,0.3,31,0.8,87.9,1801
SVK-2002,14.3,10.8,14.1,11,2123.3,35.8,36.7,0.3,31,0.9,86.1,1754
SVK-2003,14.6,9.9,13.3,11.8,2161.7,40,37.3,0.2,30.5,1.2,86.1,1698
SVK-2004,12.8,10.1,13,12.8,2167.8,90.2,38.1,0.1,29.5,1.3,86.1,1742
SVK-2005,12.9,11,12.1,14,2215.3,106.9,38.6,0.1,28,1.1,86.1,1769
SVK-2008,11,11.2,10.1,14.8,2433.8,147.3,39.8,0.1,28,1.3,86.1,1793
SVK-2009,11.1,10.7,9.1,15.8,2366.3,169.4,41.8,0.1,26,1.3,86.1,1780
SVK-2010,11.6,10.1,9,17.3,2317.5,198.4,42.7,0.1,26,1.3,86.1,1805
SVK-2012,10.4,10.1,8.3,19,2329,204.6,43,0.1,,1.2,85.8,1789
SVK-2013,11.2,9.9,8.2,19.9,2329.3,194.4,,0.1,,1.1,93.7,1772
SVK-2014,10,10.1,9.2,20.4,2363,139.5,10.5,0.1,22.9,1,85.8,1760
SVK-2016,6.9,9.9,8.3,22,2492.1,140.5,10.3,0.1,,1,93.7,1740
SVK-2017,6.7,9.7,8.7,23.1,2530.7,139.2,10.1,0.1,,1,85.8,1713.8
SVK-2018,7.4,10.1,8.4,24.6,2566.7,140.1,10.4,0.1,,17.2,85.8,1703.9
SVK-2019,6.6,10.3,8.8,25.8,2583.7,149.7,10.9,0.1,21,17.7,85.8,1692
SVN-1990,31,13.8,16.2,14.8,,,11,,,,,
SVN-1991,35.5,13.2,14.9,15.8,2433.8,28.8,11.8,0.3,20.3,,,
SVN-1992,32.1,13.6,14.1,17.3,2366.3,31.4,12.8,0.2,19.9,,,
SVN-1993,33.1,14.3,13.3,19,2317.5,35.8,14,0.1,19.2,,86.6,
SVN-1994,33,13.4,13,19.9,2329,40,14.8,0.1,19.1,,86.6,
SVN-1995,29.9,13.4,12.1,20.4,2329.3,90.2,15.8,0.1,18.7,5.7,86.6,1755
SVN-1996,32.2,12,10.1,22,2363,106.9,17.3,0.1,18.4,0,86.6,1727
SVN-1997,30.8,11.2,9.1,23.1,893.2,147.3,19,0.1,17.5,0,93.4,1715
SVN-1998,31.7,8.3,9,,904.7,169.4,19.9,0.1,17,0,86.6,1728
SVN-1999,30.7,10.6,8.3,,882.7,198.4,20.4,0.1,16.9,0,93.4,1730
SVN-2000,30.4,11.2,25.2,15.7,900.7,204.6,22,0.1,16.7,0,86.6,1710.1
SVN-2001,29.6,13,,,916.3,194.4,23.1,0.1,15.4,0,93.4,1695.9
SVN-2002,27,11.6,23,15.3,909.5,139.5,24.6,,16.5,0,93.4,1720.5
SVN-2003,28,11.2,21.9,17.7,897.2,140.5,25.8,,16.1,1.2,,1723.8
SVN-2004,24.8,13.5,20.3,19,943.5,139.2,14.8,0.1,15.1,1.2,93.4,1736.5
SVN-2005,24.4,10.3,19.7,20.2,949.2,177.5,15.8,0.1,14.8,1.1,86.6,1696.6
SVN-2006,25.6,12.2,18.4,21.4,961.2,187.6,17.3,0.1,14.2,1.2,93.4,1667.4
SVN-2007,20.7,11,18.2,22.2,985.2,206.3,55.1,0.1,13.7,1.1,86.6,1654.9
SVN-2008,19.2,11,18,22.6,996.1,212,,0.1,26,1.1,,1673.5
SVN-2009,20.8,10.5,16.7,23.3,980.5,213.1,28.6,0.1,25,1.2,90.8,1679
SVN-2010,19.2,10.3,16.7,23.7,966.1,215.1,30.2,0.1,26,1.2,86.6,1680.3
SVN-2011,20.1,10.6,15.5,25.1,936.1,220.2,30.8,0.1,25,1.2,86.6,1663.4
SVN-2012,20.1,11,15,26.4,923.7,237.4,32.2,0.1,25,1.4,86.6,1644.3
SVN-2013,20.3,9.5,14.5,27.9,905.9,248.5,32.8,0.1,25,1.4,86.6,1662.2
SVN-2014,17.5,10.9,14.3,28.6,916.7,251.1,32.4,0.1,23,1.4,93.4,1681.8
SVN-2015,18.9,11.5,13.2,30.2,917.5,252.6,32,0.1,22,1.3,86.6,1687.3
SVN-2016,16.8,10.5,12.7,30.7,915,258.8,34.4,0.1,22.5,1.3,93.4,1652.4
SVN-2017,18.1,10.1,12.3,34.3,959.1,272.5,33.9,0.1,20.7,1.3,86.6,1621.9
SVN-2018,15.7,10,11.9,32.5,980.6,285.7,34.4,0.1,32,21,93.4,1599.1
SVN-2019,17.2,11.1,11.2,33.3,982.5,302.1,35.3,0.1,31,21.1,93.4,1601.8
SVN-2020,15.7,9.8,9.8,35.9,978.1,320.5,36,,31,,93.4,1533.8
SWE-1990,17.4,6.4,,,4485,108.8,37.2,,30.5,1.1,,1420.7
SWE-1991,17.5,6.3,30.9,25.2,4396,117.3,38.3,0.2,29.5,1.6,85.8,1408
SWE-1992,15.9,6.3,29.7,25.8,4209,70.2,36.7,0.1,28,1.4,93.7,1424.3
SWE-1993,16,6.2,,,3964,68.7,37.3,0.1,28,2.9,85.8,1440.6
SWE-1994,15.2,6.3,26.8,27,3928,69.5,38.1,0.1,26,2.6,93.7,1474.9
SWE-1995,15.5,6.2,25.3,28.3,3986,75.8,38.6,0.1,26,2.4,85.8,1481.6
SWE-1996,14.3,6,,,3963,76.7,39.8,0.1,22.3,2.4,85.8,1492.9
SWE-1997,13.7,5.9,24.7,27.5,3922,85.2,41.8,0.1,19.2,2.5,,1497.3
SWE-1998,14,5.8,23.9,28,3979,90.9,42.7,0.1,19.1,2.5,,1496.3
SWE-1999,13.9,6.1,23.4,28.7,4068,97.4,43,0.1,19.3,2.5,,1504.9
SWE-2000,12.7,6.2,22.4,30.1,4159,111,,0.1,18.9,2.4,93.4,1485.6
SWE-2001,13.4,6.5,19.4,31.6,4318.1,149.2,10.5,,18.9,2.6,86.6,1464.5
SWE-2002,13.2,6.9,18.4,32.6,4323.9,159.5,10.3,,17.5,2.7,93.4,1443.7
SWE-2003,12.3,6.9,17.8,33.4,4314.4,156.6,10.1,0.1,17.2,2.7,86.6,1431.3
SWE-2004,12.8,6.5,17.1,34.5,4290,166.2,10.4,0.1,15.9,2.6,,1452.6
SWE-2005,13.4,6.5,16.4,29.6,4336.4,172.3,10.9,0.1,15.7,2.7,,1451.5
SWE-2006,13,6.8,15.9,30.5,4429.5,183.4,11,0.1,15.2,2.7,94.7,1450.1
SWE-2007,12.2,7,15.4,31.3,4540.7,194.3,11.8,0.1,13.8,2.7,90.9,1461.7
SWE-2008,12.5,7,15,32,4593,205.5,12.8,0.1,14.6,3,91.4,1471.3
SWE-2009,13.2,7.3,14.3,33.1,4499.3,207.5,14,0.1,14,3.3,88.5,1457.9
SWE-2010,12,7.4,13.7,33.9,4523.7,206.6,14.8,0.1,13.6,3.2,93.5,1483
SWE-2011,11.6,7.3,13,35.2,4625.9,236.4,15.8,0.1,13.1,3.5,93.5,1483.9
SWE-2012,11.9,7.2,12.5,35.7,4657.1,252,17.3,0.1,12.8,3.7,93.5,1471.4
SWE-2013,12.6,7.3,11.8,37,4704.5,258,19,0.1,10.7,3.8,93.5,1462.9
SWE-2014,11.7,7.2,18.4,38.7,4772.1,264.9,19.9,0.1,11.9,3.8,93.5,1464.4
SWE-2015,12,7.1,18,39.8,4836.9,273.5,20.4,0.1,11.2,3.8,93.5,1465.9
SWE-2016,11.3,7.2,17.3,41.1,4909.9,274.8,22,0.1,10.9,3.8,93.5,1478.1
SWE-2017,11.7,7,17,41.9,5021.7,271.7,23.1,0.1,10.4,3.8,93.5,1466.7
SWE-2018,12.4,7.2,16.7,43.2,5097.3,280.5,24.6,0.1,10.1,25.8,93.5,1466.2
TUR-2009,2.1,1.5,68.9,12.7,21270.4,59.8,25.8,,,13,75.3,1881
TUR-2010,2.4,1.5,68.8,13.1,22592.3,69.6,14.8,,25.4,12.3,74.2,1877
TUR-2011,1.8,1.5,67.9,14,24098.6,69.1,15.8,0.3,,11.9,74.2,1864
TUR-2012,2.2,1.6,66.1,15.3,24819.1,69.4,17.3,0.3,23.8,12,74.2,1855
TUR-2013,2.7,1.4,65.2,15.9,25518.8,75.9,,0.3,,11.8,74.2,1832
TUR-2014,2.3,1.5,64.4,16.7,25929.4,82.9,53.6,0.3,27.3,11.7,74.2,1829.5
TUR-2015,2.2,1.4,63,18,26616.8,83.4,,0.3,,11.6,74.2,1810.7
TUR-2016,2.6,1.3,61.5,19.4,27214.7,88.6,53.9,,26.5,12.6,74.2,1789.4
TUR-2019,4.4,1.3,58.3,22,28078.9,99.4,56.1,0.2,28,12,74.2,1732.1
USA-1990,13.3,9.3,16.8,23.6,118793.3,555.3,22,,25.5,7.9,,1832.5
USA-1991,13.1,8.7,16.3,23.7,117718.3,583.1,23.6,0.2,22.1,8.2,,1823.5
USA-1992,12.8,8.7,16,30.2,118492,607,23.7,0.1,22.3,8.5,93.5,1822
USA-1993,12.9,8.4,15.1,31.3,120259.3,629.8,30.2,0.1,20.4,8.5,93.5,1828
USA-1994,12.7,8.3,14.9,32.2,123065.2,639.1,31.3,0.1,21,8.5,93.5,1839.5
USA-1995,12.6,8.1,14.2,33.3,124899.7,661.2,,0.1,20,8.6,93.5,1839.4
USA-1996,12.3,8.2,14.3,33.9,126707.5,783.7,,0.1,,8.9,93.5,1840.4
USA-1997,12.1,8.1,14.1,34.1,129557.9,718.7,55.2,0.1,20.3,9,93.5,1843
USA-1998,11.9,8.1,13.5,34.9,131463.5,765.5,56.3,0.1,19.9,8.9,93.5,1842.3
USA-1999,11.3,8.2,13.1,35.8,133487.9,808.5,57.5,0.1,19.2,9.1,93.5,1838.8
USA-2000,11,8.3,12.6,36.5,136890.8,861.8,64.5,0.1,19.1,9.2,93.5,1832.2
USA-2001,11.3,8.3,12.6,37.5,136933.3,911.4,59.1,,18.7,9.4,75.3,1810.8
USA-2002,11.5,8.3,12.7,38.1,136485.2,991.7,65.6,,18.4,9.8,74.2,1805.9
USA-2003,11.3,8.4,12.5,38.4,137735.7,1071.1,59.9,0.1,17.5,10,74.2,1796.4
USA-2004,11.5,8.5,12.1,39.1,139251.9,1124.9,66.2,0.1,17,10.1,74.2,1798.1
USA-2005,11.4,8.5,12.2,39.1,141729.8,1189.5,60.9,0.1,16.9,10.1,,1794.3
USA-2006,11.5,8.6,12.2,39.5,144427,1243.4,67.3,0.1,16.7,10.3,95.5,1796.3
USA-2007,11.9,8.7,12.1,40.3,146046.7,1306.6,62.1,0.1,15.4,10.6,,1795.5
USA-2008,12.2,8.7,11.3,41.1,145362.5,1316.5,67.9,0.1,16.5,10.5,94.7,1786.2
USA-2009,12.4,8.7,11.4,41.2,139877.5,1336.1,63.7,0.1,16.1,10.5,90.8,1760.9
USA-2010,12.8,8.6,11,41.7,139063.9,1367,68.8,0.1,15.1,11.2,95.4,1771.6
USA-2011,13,8.7,10.7,42.4,139869.3,1398.6,63.3,0.1,14.8,11.3,95.4,1778.3
USA-2012,13.2,8.9,10.7,43.1,142469.1,1446.3,68.6,0.1,14.2,11.6,95.4,1782
USA-2013,13.4,8.8,10.4,43.9,143929.3,1454.8,63.3,0.1,13.7,,95.4,1780.4
USA-2014,13.8,8.8,10.4,44.2,146305.3,525,70.1,0.1,12.9,11.9,95.4,1782
USA-2015,14,8.8,10.5,44.6,148833.4,539.7,64,0.1,11.4,12.1,95.4,1783
USA-2016,14.2,8.9,9.9,45.7,151435.8,562.5,71,0.1,11.8,12.2,95.4,1778.4
USA-2017,14.8,8.9,9.4,46.4,153337.4,581.5,65.7,0.1,10.5,12.5,95.4,1777.6
USA-2018,15,8.9,9.2,47.4,155761,602.3,66.2,0.2,10.3,12.6,95.4,1781.6
USA-2019,14.7,9,9.2,48.3,157538.1,627.9,73.1,0.2,10.9,18.7,95.4,1777.2
USA-2020,14.1,9.3,8.3,50.1,147794.8,608.3,67.5,0.2,9.4,,95.4,1767.1
ZAF-1996,0.6,9.1,12.2,38.1,120259.3,35.2,,0.2,,,,
ZAF-1997,0.4,9.2,12.2,38.4,123065.2,32.6,56.3,0.1,26,10.1,90.8,
ZAF-1998,0.7,8.8,12.1,39.1,124899.7,32.7,57.5,0.1,25,10.1,95.4,1732.1
ZAF-1999,0.9,8.5,11.3,39.1,126707.5,32.3,64.5,0.1,26,10.3,95.4,1832.5
ZAF-2000,0.7,7.7,11.4,39.5,129557.9,31.6,59.1,0.1,25,10.6,95.4,1823.5
ZAF-2001,0.9,7.6,11,40.3,131463.5,31.1,65.6,0.1,25,11.7,95.4,1822
ZAF-2002,0.6,7.5,10.7,41.1,133487.9,31.3,59.9,0.1,25,10.5,95.4,1828
ZAF-2003,0.7,7.3,10.7,41.2,136890.8,30.3,66.2,0.1,23,11.2,95.4,1839.5
ZAF-2004,1.1,7.2,,41.7,136933.3,29.4,60.9,0.1,22,11.3,95.4,1839.4
ZAF-2005,1.2,7.2,58.5,42.4,136485.2,32.3,67.3,0.1,22.5,11.6,95.4,1840.4
ZAF-2006,1.3,7.3,60.6,43.1,137735.7,31.6,62.1,,20.7,11.7,95.4,1843
ZAF-2007,1,7.5,59.5,43.9,139251.9,31.1,67.9,,32,11.9,78.8,1842.3
ZAF-2008,1.1,7.5,59.4,,141729.8,31.3,63.7,0.1,31,12.1,80.4,1838.8
ZAF-2009,0.8,7.3,,,144427,30.3,68.8,0.1,31,12.2,87.7,1832.2
ZAF-2010,1,7.1,57.3,6.9,146046.7,29.4,63.3,0.1,30.5,12.5,82.4,1810.8
ZAF-2011,0.8,7.2,56.1,7.1,145362.5,29.1,68.6,0.1,29.5,11.6,82.4,1780.4
ZAF-2012,1.1,7.2,58.5,9.6,139877.5,29.3,63.3,0.1,28,,82.4,1782
ZAF-2013,1.3,7.2,60.6,12.6,139063.9,29.6,70.1,0.1,28,11.9,82.4,1783
ZAF-2014,1.2,7.2,59.5,12.8,139869.3,29.2,64,0.1,26,12.1,82.4,1778.4
ZAF-2015,1,7.2,59.4,13,142469.1,29,71,0.1,26,12.2,82.4,1777.6
ZAF-2016,0.8,7.3,58.2,13.8,143929.3,29.1,65.7,0.1,,12.5,82.4,1781.6
ZAF-2017,0.7,7.3,55.9,15.5,146305.3,28.9,66.2,0.1,,12.6,82.4,1777.2
ZAF-2018,0.6,7.2,55.3,15.4,148833.4,28.8,73.1,0.1,20.3,18.7,82.4,