LocationTime,Suicide_Val_TOT,Alcohol_Val,Edu_Sec_Val,Edu_Try_Val,Emp_Val,Healthy_Spend_Val,Obesity_Val,Pov_Val,Smoking_Val,Soc_Spend_Val,Soc_Sup_Val,Work_Hour_Val
ARG-1990,9,9,29,28,16354,212,48,0,22,3,87,1753
ARG-1991,8,9,29,28,16354,212,48,0,22,3,87,1753
ARG-1992,9,9,29,28,16354,212,48,0,22,3,87,1753
ARG-1993,9,9,29,28,16354,212,48,0,22,3,87,1753
ARG-1994,8,9,29,28,16354,212,48,0,22,3,87,1753
ARG-1995,8,9,29,28,16354,212,48,0,22,3,87,1753
ARG-1996,8,9,29,28,16354,212,48,0,22,3,87,1753
ARG-1997,8,9,29,28,16354,212,48,0,22,3,87,1753
ARG-1998,8,9,29,28,16354,212,48,0,22,3,87,1753
ARG-1999,8,9,29,28,16354,212,48,0,22,3,87,1753
ARG-2000,9,9,29,28,16354,24,48,0,39,3,87,1753
ARG-2001,10,9,29,28,16354,24,48,0,22,3,87,1753
ARG-2002,10,9,29,28,16354,24,48,0,22,3,87,1753
ARG-2003,10,9,29,28,16354,24,48,0,22,3,87,1753
ARG-2004,9,9,51,16,16354,25,48,0,22,3,87,1753
ARG-2005,9,9,50,17,16354,26,48,0,37,3,87,1753
ARG-2006,8,9,48,17,16354,25,48,0,22,3,87,1753
ARG-2007,8,9,29,28,16354,24,48,0,22,3,87,1753
ARG-2008,8,9,45,19,16354,24,48,0,22,3,87,1753
ARG-2009,7,9,44,19,16354,21,48,0,22,3,87,1753
ARG-2010,7,8,43,20,16354,22,48,0,34,3,87,1753
ARG-2011,7,7,42,20,16354,21,48,0,22,3,87,1753
ARG-2012,8,8,41,20,16354,20,48,0,22,3,87,1753
ARG-2013,7,8,40,21,16354,19,48,0,22,3,87,1753
ARG-2014,8,7,41,20,16354,18,48,0,22,3,87,1753
ARG-2015,7,8,29,28,16354,18,48,0,31,3,87,1753
ARG-2016,7,8,29,28,16354,20,48,0,22,3,87,1753
ARG-2017,7,8,38,21,16354,20,48,0,22,3,87,1753
ARG-2018,8,8,37,21,16354,21,48,0,30,3,87,1753
ARG-2019,7,8,35,22,16354,20,48,0,30,3,87,1753
AUS-1990,13,10,29,28,7858,143,48,0,22,1,87,1853
AUS-1991,13,10,44,31,7670,151,48,0,22,1,87,1854
AUS-1992,13,9,29,28,7634,160,48,0,26,1,87,1845
AUS-1993,12,10,47,22,7653,169,48,0,22,1,87,1855
AUS-1994,13,10,49,23,7899,179,48,0,22,1,87,1874
AUS-1995,12,9,44,24,8188,184,59,0,24,3,87,1870
AUS-1996,13,10,29,28,8298,199,48,0,22,3,87,1861
AUS-1997,14,10,46,24,8366,199,48,0,22,3,87,1860
AUS-1998,14,10,44,25,8517,209,48,0,22,3,87,1849
AUS-1999,13,10,42,26,8672,208,48,0,22,4,87,1856
AUS-2000,12,10,41,27,8901,238,48,0,22,3,87,1852
AUS-2001,12,10,41,29,9015,257,50,0,19,4,87,1828
AUS-2002,12,10,39,30,9190,270,48,0,22,4,87,1818
AUS-2003,11,10,37,31,9396,286,48,0,22,3,87,1806
AUS-2004,10,10,35,30,9558,308,53,0,17,2,87,1811
AUS-2006,10,10,33,33,10124,328,48,0,22,2,96,1802
AUS-2007,10,10,31,33,10434,338,61,0,16,5,95,1803
AUS-2008,11,10,30,36,10731,357,48,0,22,4,94,1799
AUS-2009,10,10,29,36,10805,360,48,0,22,4,87,1766
AUS-2010,11,10,26,37,11022,387,48,0,15,4,95,1777
AUS-2011,10,10,25,38,11213,402,63,0,22,4,95,1773
AUS-2012,11,10,23,41,11350,428,48,0,22,4,95,1770
AUS-2013,11,9,24,39,11456,490,48,0,13,5,95,1766
AUS-2014,12,9,22,41,11540,504,63,0,22,6,95,1755
AUS-2015,13,9,21,42,11766,511,48,0,22,6,95,1751
AUS-2016,12,9,20,43,11972,535,48,0,12,6,95,1738
AUS-2017,13,9,19,45,12250,535,65,0,22,6,95,1738
AUS-2018,13,9,18,45,12579,537,48,0,22,3,95,1732
AUS-2019,13,9,17,47,12868,489,48,0,11,3,95,1722
AUS-2020,12,9,16,49,12663,545,48,0,22,3,95,1683
AUT-1990,24,14,29,28,3412,135,48,0,22,2,87,1753
AUT-1991,23,14,29,28,3471,144,42,0,22,2,87,1753
AUT-1992,23,13,29,28,3543,152,48,0,22,2,87,1753
AUT-1993,22,13,29,28,3566,162,48,0,22,2,87,1753
AUT-1994,23,12,29,28,3698,170,48,0,22,2,87,1753
AUT-1995,23,13,29,28,3729,181,48,0,22,2,87,1653
AUT-1996,23,13,29,28,3679,189,48,0,22,2,87,1683
AUT-1997,20,12,29,28,3684,194,48,0,24,2,87,1691
AUT-1998,20,12,29,28,3689,207,48,0,22,1,87,1671
AUT-1999,19,12,29,28,3731,217,46,0,22,2,87,1675
AUT-2000,20,13,29,28,3741,237,48,0,22,2,87,1675
AUT-2001,18,12,29,28,3708,247,48,0,22,2,87,1663
AUT-2002,19,12,29,28,3757,269,48,0,22,2,87,1661
AUT-2003,18,12,29,28,3790,281,48,0,22,2,87,1652
AUT-2004,17,12,23,24,3732,312,48,0,22,2,87,1655
AUT-2005,16,12,23,24,3747,311,48,0,22,2,87,1632
AUT-2006,15,12,19,25,3826,319,47,0,23,2,91,1617
AUT-2007,15,12,20,25,3923,333,48,0,22,2,87,1606
AUT-2008,14,12,19,26,3994,343,48,0,22,2,92,1599
AUT-2009,14,11,18,26,3982,348,48,0,22,2,87,1558
AUT-2010,14,12,17,27,4016,369,48,0,22,2,93,1552
AUT-2011,14,11,17,28,4052,377,48,0,22,2,93,1557
AUT-2012,14,12,17,28,4084,396,48,0,22,2,93,1535
AUT-2013,14,11,17,29,4104,422,48,0,22,2,93,1520
AUT-2014,14,12,16,29,4112,430,46,0,24,2,93,1510
AUT-2015,13,11,15,30,4148,437,48,0,22,2,93,1495
AUT-2016,12,11,15,31,4220,460,48,0,22,2,93,1507
AUT-2017,12,11,15,32,4260,469,48,0,22,2,93,1498
AUT-2018,12,11,14,32,4319,475,48,0,22,26,93,1502
AUT-2019,11,11,14,33,4354,476,51,0,20,26,93,1508
AUT-2020,10,11,14,34,4296,470,48,0,22,3,93,1400
BEL-1990,19,12,29,28,3726,212,48,0,22,1,87,1662
BEL-1991,18,11,56,19,3735,212,48,0,22,1,87,1625
BEL-1992,19,11,54,20,3723,212,48,0,22,1,87,1602
BEL-1993,21,11,29,28,3698,212,48,0,22,2,87,1558
BEL-1994,21,11,50,22,3687,212,48,0,22,2,87,1558
BEL-1995,21,11,46,24,3715,137,48,0,22,2,87,1578
BEL-1996,20,10,29,28,3738,136,48,0,22,2,87,1575
BEL-1997,21,10,29,28,3762,157,41,0,25,1,87,1582
BEL-1998,20,9,29,28,3810,167,48,0,22,1,87,1574
BEL-1999,18,10,29,28,4007,179,48,0,22,1,87,1575
BEL-2000,20,11,41,27,4092,203,48,0,22,1,87,1589
BEL-2001,21,11,40,27,4055,206,44,0,24,1,87,1581
BEL-2002,20,11,39,28,4069,240,48,0,22,2,87,1594
BEL-2003,20,11,38,29,4070,259,48,0,22,2,87,1598
BEL-2004,18,12,35,30,4139,265,44,0,23,2,87,1588
BEL-2005,19,12,33,31,4235,269,48,0,22,2,87,1578
BEL-2006,18,10,33,31,4264,279,48,0,22,2,92,1592
BEL-2007,17,10,32,32,4379,293,48,0,22,2,91,1594
BEL-2008,18,10,30,32,4445,294,47,0,20,2,91,1582
BEL-2009,18,10,29,33,4420,301,48,0,22,2,87,1563
BEL-2010,18,10,29,35,4488,317,48,0,22,1,91,1574
BEL-2011,18,10,28,34,4509,330,48,0,22,2,93,1590
BEL-2012,17,10,28,35,4523,338,48,0,22,2,91,1587
BEL-2013,16,10,27,35,4530,360,48,0,18,1,93,1586
BEL-2014,16,10,26,36,4543,369,51,0,22,1,93,1582
BEL-2015,16,10,25,36,4551,381,48,0,22,1,93,1575
BEL-2016,16,9,24,37,4586,388,48,0,22,1,93,1574
BEL-2017,14,9,23,40,4637,397,48,0,22,1,93,1578
BEL-2018,15,9,21,40,4755,410,55,0,15,28,93,1580
BGR-1990,17,9,29,28,16354,212,48,0,22,3,87,1753
BGR-1991,17,9,29,28,16354,212,48,0,22,3,87,1753
BGR-1992,20,9,29,28,16354,212,48,0,22,3,87,1753
BGR-1993,18,9,29,28,16354,212,48,0,22,3,87,1753
BGR-1994,19,9,29,28,16354,212,48,0,22,3,87,1753
BGR-1995,18,9,29,28,16354,212,48,0,22,3,87,1710
BGR-1996,19,9,29,28,16354,212,48,0,22,3,87,1708
BGR-1997,19,9,29,28,16354,212,48,0,22,3,87,1706
BGR-1998,20,9,29,28,16354,212,48,0,22,3,87,1650
BGR-1999,17,9,29,28,16354,212,48,0,22,3,87,1669
BGR-2000,18,10,29,28,16354,212,48,0,22,3,87,1640
BGR-2001,16,11,29,28,16354,212,48,0,22,3,87,1651
BGR-2002,17,10,29,28,16354,212,48,0,22,3,87,1651
BGR-2003,14,11,29,28,16354,95,48,0,22,3,87,1640
BGR-2004,13,11,29,28,16354,102,48,0,22,3,87,1663
BGR-2005,12,10,29,28,16354,109,48,0,22,3,87,1658
BGR-2006,12,10,29,28,16354,121,48,0,22,3,87,1654
BGR-2007,11,10,29,28,16354,129,48,0,22,3,87,1654
BGR-2008,11,11,29,28,16354,142,48,0,22,3,87,1693
BGR-2009,11,11,29,28,16354,152,48,0,22,3,87,1646
BGR-2010,10,9,29,28,16354,169,48,0,22,3,87,1644
BGR-2011,9,9,29,28,16354,189,48,0,22,3,87,1643
BGR-2012,11,10,29,28,16354,222,48,0,22,3,87,1644
BGR-2013,9,10,29,28,16354,193,48,0,22,3,87,1645
BGR-2014,9,10,29,28,16354,209,48,0,22,3,87,1644
BGR-2015,8,10,29,28,16354,225,48,0,22,3,87,1644
BGR-2016,8,11,29,28,16354,253,48,0,22,3,87,1643
BGR-2017,8,10,29,28,16354,261,48,0,22,3,87,1643
BGR-2018,8,11,29,28,16354,255,48,0,22,3,87,1644
BGR-2019,7,11,29,28,16354,250,48,0,22,3,87,1645
BRA-1990,4,5,29,28,16354,212,48,0,22,3,87,1753
BRA-1991,5,5,29,28,16354,212,48,0,22,3,87,1753
BRA-1992,4,5,29,28,16354,212,48,0,22,3,87,1753
BRA-1993,4,4,29,28,16354,212,48,0,22,3,87,1753
BRA-1994,5,5,29,28,16354,212,48,0,22,3,87,1753
BRA-1995,5,5,29,28,16354,212,48,0,22,3,87,1753
BRA-1996,5,6,29,28,16354,212,48,0,22,3,87,1753
BRA-1997,5,5,29,28,16354,212,48,0,22,3,87,1753
BRA-1998,5,5,29,28,16354,212,48,0,22,3,87,1753
BRA-1999,4,5,29,28,16354,212,48,0,22,3,87,1753
BRA-2000,5,7,29,28,16354,31,48,0,22,3,87,1753
BRA-2001,5,7,29,28,16354,32,48,0,22,3,87,1753
BRA-2002,5,7,29,28,16354,31,48,0,22,3,87,1753
BRA-2003,5,6,29,28,18416,30,48,0,17,3,87,1753
BRA-2004,5,6,29,28,18964,31,48,0,22,3,87,1753
BRA-2005,5,6,29,28,19500,31,48,0,22,3,87,1753
BRA-2006,5,6,29,28,19865,30,48,0,15,3,88,1753
BRA-2007,5,6,63,9,20383,31,48,0,15,3,88,1753
BRA-2008,5,6,61,10,21070,30,48,0,14,3,87,1753
BRA-2009,5,7,59,10,21232,30,48,0,14,3,90,1753
BRA-2010,5,7,29,28,21979,29,48,0,14,3,85,1753
BRA-2011,5,7,56,11,22432,238,48,0,13,3,85,1753
BRA-2012,5,7,55,13,22921,251,48,0,12,3,85,1753
BRA-2013,5,6,53,13,23089,259,48,0,11,3,85,1753
BRA-2014,5,6,52,14,23064,276,48,0,10,3,85,1753
BRA-2015,6,6,51,14,16354,263,48,0,10,3,85,1753
BRA-2016,6,6,48,16,16354,265,48,0,10,3,85,1753
BRA-2017,6,6,48,17,16354,276,48,0,10,3,85,1753
BRA-2018,6,6,46,18,16354,287,48,0,9,3,85,1753
BRA-2019,6,6,45,18,16354,300,48,0,9,3,85,1753
CAN-1990,12,8,31,28,13086,155,48,0,28,3,87,1797
CAN-1991,13,8,30,28,12857,164,48,0,25,3,87,1775
CAN-1992,13,7,28,29,12730,175,48,0,22,4,87,1772
CAN-1993,13,7,26,30,12792,187,48,0,22,4,87,1769
CAN-1994,13,7,26,33,13058,196,48,0,25,4,87,1778
CAN-1995,13,7,24,34,13295,202,48,0,22,4,87,1775
CAN-1996,13,7,23,35,13420,206,48,0,24,4,87,1790
CAN-1997,12,7,22,37,13708,221,48,0,22,4,87,1798
CAN-1998,12,7,21,38,14047,229,50,0,23,5,87,1794
CAN-1999,13,7,20,39,14402,240,48,0,22,4,87,1793
CAN-2000,11,7,19,40,14760,256,48,0,22,5,87,1787
CAN-2001,11,7,18,41,14932,276,48,0,22,5,87,1774
CAN-2002,11,7,17,42,15291,293,48,0,22,5,87,1755
CAN-2003,11,7,16,44,15660,302,49,0,18,5,87,1745
CAN-2004,11,7,15,44,15915,324,56,0,22,5,87,1755
CAN-2005,11,8,14,46,16123,341,57,0,17,5,87,1745
CAN-2006,11,8,14,46,16375,366,48,0,22,5,95,1744
CAN-2007,10,8,13,48,16719,387,49,0,18,5,87,1744
CAN-2008,10,8,13,48,16959,399,60,0,17,4,93,1741
CAN-2009,11,8,12,49,16685,403,50,0,16,5,93,1712
CAN-2010,11,8,11,50,16907,427,50,0,16,5,94,1715
CAN-2011,10,8,11,51,17171,430,60,0,15,5,94,1713
CAN-2012,11,8,11,52,17362,437,50,0,16,5,94,1722
CAN-2013,11,8,10,53,17585,442,62,0,14,5,94,1716
CAN-2014,11,8,10,53,17677,455,52,0,14,5,94,1710
CAN-2015,12,8,9,55,17794,464,64,0,13,6,94,1712
CAN-2016,10,8,9,56,17911,521,53,0,12,6,94,1706
CAN-2017,11,8,8,56,18281,530,60,0,12,7,94,1695
CAN-2018,10,8,8,57,18568,544,53,0,11,7,94,1708
CAN-2019,10,8,8,59,18985,534,59,0,10,3,94,1690
CHE-1990,22,12,29,28,16354,212,48,0,22,3,87,1753
CHE-1991,23,12,19,20,16354,212,48,0,22,3,87,1718
CHE-1992,21,12,19,21,16354,212,30,0,28,4,87,1725
CHE-1993,20,12,29,28,16354,212,48,0,22,4,87,1720
CHE-1994,21,11,17,21,16354,212,48,0,22,4,87,1739
CHE-1995,20,11,17,21,16354,404,48,0,22,7,87,1720
CHE-1996,20,11,29,28,16354,417,48,0,22,8,87,1696
CHE-1997,19,11,16,22,16354,426,34,0,28,8,87,1687
CHE-1998,19,11,16,22,3833,440,48,0,22,8,87,1695
CHE-1999,18,11,16,23,3862,450,48,0,22,9,87,1717
CHE-2000,19,11,16,24,3878,479,48,0,22,9,87,1712
CHE-2001,18,11,15,25,3938,496,48,0,22,9,87,1672
CHE-2002,19,10,15,25,3964,520,37,0,26,9,87,1651
CHE-2003,17,10,15,26,3963,514,48,0,22,10,87,1664
CHE-2004,17,10,15,28,3959,540,48,0,22,10,87,1695
CHE-2005,17,10,14,28,3974,519,48,0,22,10,87,1690
CHE-2006,17,10,14,29,4051,543,48,0,22,10,94,1679
CHE-2007,17,10,14,31,4122,589,37,0,20,9,87,1668
CHE-2008,16,10,13,33,4228,609,48,0,22,9,87,1659
CHE-2009,13,10,13,35,4268,619,48,0,22,10,93,1650
CHE-2010,12,10,15,33,4207,618,48,0,22,10,87,1611
CHE-2011,12,10,15,34,4297,629,48,0,22,10,87,1608
CHE-2012,12,9,14,35,4351,640,41,0,20,10,92,1592
CHE-2013,12,9,13,37,4392,664,48,0,22,10,87,1572
CHE-2014,11,9,12,38,4468,708,48,0,22,11,92,1564
CHE-2015,12,9,12,39,4538,740,48,0,22,11,94,1576
CHE-2016,11,9,12,41,4603,796,48,0,22,11,92,1577
CHE-2017,11,9,12,42,4636,793,41,0,19,11,92,1559
CHE-2018,11,9,11,43,4675,804,48,0,22,11,92,1551
CHE-2019,11,9,11,44,4705,781,48,0,22,3,92,1549
CHL-1990,7,8,29,28,4450,212,48,0,22,0,87,2422
CHL-1991,7,8,29,28,4518,212,48,0,22,0,87,2419
CHL-1992,6,7,29,28,4723,212,48,0,22,0,87,2415
CHL-1993,6,7,29,28,4992,212,48,0,22,0,87,2389
CHL-1994,7,7,29,28,5036,212,48,0,22,1,87,2364
CHL-1995,8,8,29,28,5095,212,48,0,22,1,87,2338
CHL-1996,7,7,29,28,5182,212,48,0,22,1,87,2313
CHL-1997,7,6,29,28,5281,212,48,0,22,1,87,2256
CHL-1998,8,7,29,28,5393,212,48,0,22,1,87,2299
CHL-1999,8,7,29,28,5315,212,48,0,22,1,87,2277
CHL-2000,11,6,29,28,5414,108,33,0,22,2,87,2263
CHL-2001,11,6,29,28,5468,114,48,0,22,2,87,2242
CHL-2002,11,5,29,28,5570,119,48,0,22,2,87,2250
CHL-2003,11,6,29,28,5788,129,62,0,33,2,87,2235
CHL-2004,11,6,29,28,5946,136,48,0,22,2,87,2232
CHL-2005,11,7,29,28,6170,143,48,0,22,2,87,2157
CHL-2006,11,6,29,28,6271,163,47,0,22,2,82,2165
CHL-2007,11,7,29,28,6448,175,48,0,22,2,80,2128
CHL-2008,13,7,29,28,6641,179,48,0,22,2,79,2095
CHL-2009,13,7,43,17,6592,193,64,0,29,3,82,2074
CHL-2010,12,7,29,28,7334,185,48,0,22,3,77,2069
CHL-2011,12,7,42,17,7699,197,48,0,22,3,77,2050
CHL-2012,11,8,29,28,7872,212,48,0,22,3,77,2027
CHL-2013,10,7,38,21,8038,239,48,0,22,3,77,2021
CHL-2014,10,7,29,28,8153,254,48,0,22,3,77,1994
CHL-2015,10,7,35,22,8294,267,48,0,22,3,77,1993
CHL-2016,10,6,29,28,8394,283,74,0,24,3,77,1977
CHL-2017,10,5,32,25,8597,296,48,0,22,3,77,1963
CHL-2018,10,6,29,28,8784,316,48,0,22,3,77,1955
COL-1990,3,7,29,28,16354,212,48,0,22,3,87,1753
COL-1991,3,7,29,28,16354,212,48,0,22,3,87,1753
COL-1992,4,6,29,28,16354,212,48,0,22,3,87,1753
COL-1993,4,6,29,28,16354,212,48,0,22,3,87,1753
COL-1994,4,6,29,28,16354,212,48,0,22,3,87,1753
COL-1995,4,7,29,28,16354,212,48,0,22,3,87,1753
COL-1996,4,6,29,28,16354,212,48,0,22,3,87,1753
COL-1997,4,6,29,28,16354,212,48,0,22,3,87,1753
COL-1998,6,6,29,28,16354,212,48,0,22,3,87,1753
COL-1999,6,6,29,28,16354,212,48,0,22,3,87,1753
COL-2000,6,4,29,28,16354,12,48,0,22,3,87,1753
COL-2001,6,4,29,28,16354,12,48,0,22,3,87,1753
COL-2002,6,4,29,28,16354,11,48,0,22,3,87,1753
COL-2003,6,4,29,28,16354,10,48,0,22,3,87,1753
COL-2004,6,4,29,28,16354,12,48,0,22,3,87,1753
COL-2005,5,4,29,28,16354,13,48,0,22,3,87,1753
COL-2006,5,4,29,28,16354,13,48,0,22,3,90,1753
COL-2007,5,4,29,28,16654,14,48,0,22,3,89,1753
COL-2008,5,4,29,28,16977,15,48,0,17,3,87,1753
COL-2009,5,4,29,28,17889,13,48,0,22,3,88,1753
COL-2010,5,4,29,28,18610,13,48,0,22,1,81,1753
COL-2011,4,4,29,28,19350,72,48,0,22,1,81,1753
COL-2012,4,4,29,28,20016,82,48,0,22,1,81,1753
COL-2013,4,4,29,28,20370,84,48,0,13,2,81,1753
COL-2014,4,4,48,22,20806,86,48,0,22,2,81,1753
COL-2015,5,4,49,21,21311,90,48,0,22,2,81,2325
COL-2016,5,4,47,22,21505,96,48,0,22,2,81,2315
COL-2017,5,4,46,22,21827,97,48,0,22,2,81,2284
COL-2018,6,4,44,23,22093,98,48,0,22,2,81,2283
COL-2019,5,4,43,23,22237,105,48,0,22,3,81,2272
CRI-1990,7,6,74,11,16354,212,48,0,16,3,87,2358
CRI-1991,6,6,76,10,16354,212,48,0,16,0,87,2272
CRI-1992,7,5,73,12,16354,212,48,0,15,0,87,2359
CRI-1993,7,5,72,13,16354,212,48,0,15,0,87,2346
CRI-1994,6,6,71,13,16354,212,48,0,15,0,87,2370
CRI-1995,7,5,70,14,16354,212,48,0,14,3,87,2345
CRI-1996,7,5,70,13,16354,212,48,0,14,3,87,2387
CRI-1997,6,5,69,14,16354,212,48,0,13,3,87,2365
CRI-1998,7,5,68,17,16354,212,48,0,13,3,87,2356
CRI-1999,7,5,67,17,16354,212,48,0,12,3,87,2370
CRI-2000,7,4,69,16,16354,18,48,0,12,3,87,2362
CRI-2001,6,4,68,17,16354,17,48,0,22,3,87,2329
CRI-2002,8,4,67,18,16354,17,48,0,22,3,87,2357
CRI-2003,9,4,65,19,16354,17,48,0,22,3,87,2350
CRI-2004,8,4,65,19,16354,17,48,0,22,3,87,2369
CRI-2005,7,4,64,20,16354,18,48,0,22,3,87,2352
CRI-2006,8,4,64,21,16354,17,48,0,15,3,92,2360
CRI-2007,6,4,63,21,16354,17,48,0,15,3,91,2387
CRI-2008,6,4,61,22,16354,16,48,0,15,3,91,2392
CRI-2009,6,4,61,23,16354,15,48,0,14,3,89,2348
CRI-2010,7,3,63,21,16354,14,48,0,14,3,83,2243
CRI-2011,7,3,62,21,1830,115,48,0,13,1,83,2285
CRI-2012,6,3,60,23,1988,114,48,0,13,1,83,2233
CRI-2013,7,3,59,23,2026,112,48,0,12,1,83,2140
CRI-2014,5,3,59,23,2064,128,48,0,11,1,83,2121
CRI-2015,6,3,60,23,2057,124,48,0,11,1,83,2148
CRI-2016,7,3,60,23,1995,126,48,0,10,0,83,2204
CRI-2017,5,3,60,23,2051,129,48,0,10,0,83,2178
CRI-2018,7,3,60,22,2117,142,48,0,9,0,83,2121
CRI-2019,7,3,57,25,2175,144,48,0,8,3,83,2059
CRI-2020,7,3,57,25,1938,139,48,0,8,3,83,1913
CZE-1990,22,11,29,28,4995,5,48,0,22,14,87,1753
CZE-1991,20,11,29,28,4817,6,48,0,22,15,87,1753
CZE-1992,21,11,29,28,4677,9,48,0,22,15,87,1753
CZE-1993,20,11,29,28,4802,15,47,0,26,15,87,1857
CZE-1994,19,11,17,10,4863,19,48,0,22,15,87,1839
CZE-1995,18,11,16,10,4908,31,48,0,22,0,87,1831
CZE-1996,16,11,29,28,4914,33,45,0,26,0,87,1829
CZE-1997,17,11,15,10,4884,34,48,0,22,0,87,1837
CZE-1998,16,11,14,10,4817,34,48,0,22,0,87,1860
CZE-1999,16,11,14,10,4714,35,50,0,23,0,87,1890
CZE-2000,16,11,14,11,4681,38,45,0,22,0,87,1900
CZE-2001,16,11,13,11,4683,44,48,0,22,0,87,1823
CZE-2002,15,11,12,11,4731,45,51,0,24,0,87,1812
CZE-2003,17,12,13,12,4701,53,48,0,27,0,87,1799
CZE-2004,15,11,10,12,4690,58,48,0,25,0,87,1813
CZE-2005,15,12,10,13,4764,71,52,0,24,0,87,1802
CZE-2006,13,11,9,13,4828,76,48,0,23,0,89,1789
CZE-2007,13,12,9,13,4922,90,48,0,24,0,85,1775
CZE-2008,13,12,9,14,5002,115,56,0,21,0,87,1789
CZE-2009,13,12,8,15,4934,120,48,0,23,0,91,1778
CZE-2010,13,11,8,16,4885,117,55,0,22,0,85,1799
CZE-2011,14,11,7,18,4872,115,48,0,21,0,85,1805
CZE-2012,15,11,7,19,4890,119,48,0,22,1,85,1776
CZE-2013,14,11,7,20,4937,139,48,0,22,0,85,1764
CZE-2014,13,11,6,21,4974,154,55,0,22,0,85,1773
CZE-2015,12,11,6,22,5041,155,48,0,18,0,94,1751
CZE-2016,12,11,6,23,5138,166,48,0,19,0,85,1774
CZE-2017,12,11,6,23,5221,160,48,0,18,0,85,1776
CZE-2018,12,11,6,24,5293,163,48,0,21,18,85,1784
CZE-2019,10,11,6,24,5302,169,58,0,18,19,87,1786
CZE-2020,10,11,5,24,5234,160,48,0,16,3,94,1703
DEU-1990,17,14,29,28,37217,150,48,0,22,3,87,1753
DEU-1991,17,13,18,21,36870,212,48,0,22,3,87,1554
DEU-1992,16,13,18,21,36389,144,48,0,24,3,87,1565
DEU-1993,15,13,29,28,35988,150,48,0,22,3,87,1540
DEU-1994,15,13,16,22,35756,158,48,0,22,3,87,1536
DEU-1995,15,13,16,22,35780,162,48,0,24,3,87,1530
DEU-1996,14,13,29,28,35636,165,48,0,22,3,87,1516
DEU-1997,14,13,16,22,35508,177,48,0,22,2,87,1507
DEU-1998,14,12,16,23,36061,187,59,0,22,2,87,1504
DEU-1999,13,12,18,22,36042,199,47,0,24,3,87,1491
DEU-2000,13,12,18,23,36235,219,48,0,22,3,87,1465
DEU-2001,13,12,17,23,36346,228,48,0,22,3,87,1458
DEU-2002,13,12,17,23,36061,250,48,0,22,3,87,1448
DEU-2003,13,11,16,24,35753,262,49,0,24,3,87,1443
DEU-2004,12,11,16,24,35875,285,48,0,22,3,87,1442
DEU-2005,11,11,16,24,36361,291,49,0,23,2,87,1432
DEU-2006,11,11,16,23,37172,307,48,0,22,2,96,1453
DEU-2007,10,11,15,24,37988,322,48,0,22,2,92,1454
DEU-2008,10,11,14,25,38540,338,48,0,22,3,92,1447
DEU-2009,10,11,14,26,38470,237,51,0,21,3,91,1405
DEU-2010,11,11,14,26,37992,253,48,0,22,3,92,1425
DEU-2011,11,11,13,27,38785,263,48,0,22,3,92,1426
DEU-2012,10,11,13,28,39126,275,60,0,22,3,92,1408
DEU-2013,11,11,13,28,39529,272,52,0,20,3,92,1396
DEU-2014,11,11,13,27,39869,277,50,0,22,3,92,1400
DEU-2015,10,11,13,27,40208,285,48,0,22,3,92,1401
DEU-2016,10,11,13,28,41265,301,48,0,22,3,92,1395
DEU-2017,9,10,13,28,41661,316,52,0,18,3,92,1389
DEU-2018,10,10,13,29,41912,338,48,0,22,25,92,1384
DEU-2019,9,10,13,29,42398,347,52,0,22,25,92,1381
DEU-2020,9,9,13,31,41859,350,48,0,22,3,92,1324
DNK-1990,25,12,29,28,2655,91,48,0,44,4,87,1440
DNK-1991,23,12,38,18,2635,89,48,0,44,4,87,1437
DNK-1992,22,12,41,19,2636,95,48,0,42,5,87,1452
DNK-1993,23,12,29,28,2566,103,48,0,42,5,87,1448
DNK-1994,19,12,40,19,2537,110,48,0,37,5,87,1406
DNK-1995,18,12,34,21,2602,109,48,0,35,5,87,1419
DNK-1996,17,12,29,28,2627,116,48,0,34,4,87,1412
DNK-1997,15,12,29,28,2681,122,48,0,32,4,87,1428
DNK-1998,14,12,21,25,2693,128,48,0,31,4,87,1441
DNK-1999,14,12,20,26,2707,128,48,0,31,4,87,1456
DNK-2000,13,12,20,25,2722,138,41,0,30,3,87,1465
DNK-2001,13,12,19,28,2725,142,48,0,29,3,87,1468
DNK-2002,13,11,18,29,2715,152,48,0,28,3,87,1462
DNK-2003,11,12,19,31,2692,151,48,0,28,4,87,1457
DNK-2004,12,11,18,32,2720,166,48,0,26,4,87,1458
DNK-2005,11,11,19,33,2732,169,44,0,26,3,87,1451
DNK-2006,12,11,18,34,2787,182,48,0,25,3,97,1455
DNK-2007,10,11,25,30,2803,199,48,0,24,4,94,1432
DNK-2008,11,11,24,31,2806,207,48,0,23,4,95,1430
DNK-2009,11,10,24,32,2718,213,48,0,19,5,93,1417
DNK-2010,10,10,23,33,2661,229,46,0,20,4,95,1422
DNK-2011,10,11,22,33,2659,234,48,0,22,4,95,1437
DNK-2012,11,9,21,34,2644,236,48,0,22,4,95,1423
DNK-2013,10,10,20,35,2636,240,47,0,17,5,95,1425
DNK-2014,11,10,21,35,2663,244,48,0,22,5,95,1413
DNK-2015,9,9,20,36,2709,253,48,0,22,4,95,1407
DNK-2016,9,10,19,37,2760,264,48,0,22,4,95,1412
DNK-2017,9,9,19,38,2788,279,51,0,16,3,95,1404
DNK-2018,9,9,18,39,2832,293,48,0,22,28,95,1381
ESP-1990,8,12,29,28,12869,66,48,0,22,0,87,1762
ESP-1991,8,12,78,9,12970,76,48,0,22,0,87,1772
ESP-1992,7,12,77,13,12730,82,48,0,22,0,87,1763
ESP-1993,8,11,29,28,12197,89,43,0,32,0,87,1755
ESP-1994,8,11,73,15,12169,94,48,0,22,0,87,1754
ESP-1995,8,11,72,16,12461,115,44,0,33,0,87,1754
ESP-1996,8,10,29,28,12811,119,48,0,22,0,87,1749
ESP-1997,8,11,67,19,13286,124,45,0,33,0,87,1749
ESP-1998,8,11,65,20,13837,131,48,0,22,0,87,1753
ESP-1999,8,11,63,21,14689,139,48,0,22,0,87,1753
ESP-2000,8,11,61,22,15505,155,48,0,22,0,87,1752
ESP-2001,7,12,59,23,16146,168,48,0,31,0,87,1762
ESP-2002,8,10,57,24,16790,184,48,0,22,0,87,1763
ESP-2003,8,11,56,25,17475,204,48,0,28,0,87,1754
ESP-2004,8,11,54,26,18142,213,48,0,22,0,87,1739
ESP-2005,7,11,51,28,19206,220,48,0,22,0,87,1723
ESP-2006,7,11,50,28,19938,232,51,0,26,0,95,1713
ESP-2007,7,11,49,29,20579,239,48,0,22,0,94,1701
ESP-2008,7,10,48,29,20469,247,48,0,22,0,93,1710
ESP-2009,7,10,48,30,19106,237,52,0,26,0,92,1715
ESP-2010,6,9,47,31,18724,242,48,0,22,1,89,1705
ESP-2011,6,9,46,31,18421,251,52,0,23,1,89,1710
ESP-2012,7,9,45,32,17632,263,48,0,22,1,89,1696
ESP-2013,7,9,44,33,17138,277,48,0,22,1,89,1689
ESP-2014,7,9,43,34,17343,294,51,0,23,1,89,1690
ESP-2015,7,10,42,35,17865,299,48,0,22,1,89,1694
ESP-2016,7,10,41,35,18341,308,48,0,22,1,89,1701
ESP-2017,7,10,40,36,18824,336,53,0,22,1,89,1692
ESP-2018,6,10,39,37,19327,351,48,0,22,24,89,1697
ESP-2019,7,10,38,38,19779,355,48,0,22,24,94,1682
ESP-2020,7,7,37,39,19202,341,50,0,19,3,94,1569
EST-1990,30,9,29,28,824,212,57,0,27,3,87,1753
EST-1991,30,9,29,28,805,212,48,0,22,3,87,1753
EST-1992,35,7,29,28,760,212,41,0,30,3,87,1753
EST-1993,41,8,29,28,697,212,48,0,22,3,87,1753
EST-1994,44,8,29,28,673,212,43,0,33,3,87,1753
EST-1995,43,8,29,28,631,212,48,0,22,3,87,1753
EST-1996,41,8,29,28,617,212,41,0,31,3,87,1753
EST-1997,39,8,17,30,615,212,48,0,22,3,87,1753
EST-1998,36,8,16,29,604,212,40,0,29,3,87,1753
EST-1999,35,8,15,28,577,39,48,0,22,0,87,1753
EST-2000,27,9,14,28,585,49,41,0,30,0,87,1884
EST-2001,29,10,13,29,589,46,48,0,22,0,87,1877
EST-2002,27,12,13,29,589,57,42,0,28,0,87,1879
EST-2003,25,11,12,29,603,62,48,0,22,0,87,1884
EST-2004,24,11,11,30,601,76,43,0,32,0,87,1892
EST-2005,20,13,11,33,615,83,48,0,22,0,87,1913
EST-2006,17,13,11,33,651,85,46,0,27,0,86,1906
EST-2007,18,14,11,33,657,99,48,0,22,0,84,1903
EST-2008,17,14,11,34,656,107,49,0,26,0,87,1874
EST-2009,19,11,11,36,593,104,48,0,22,0,84,1745
EST-2010,16,11,10,35,568,116,48,0,26,0,87,1785
EST-2011,15,12,11,36,603,117,48,0,22,0,88,1827
EST-2012,17,12,10,37,614,126,48,0,26,0,88,1796
EST-2013,15,11,9,37,621,141,48,0,22,0,88,1777
EST-2014,17,11,11,37,624,161,51,0,22,0,88,1771
EST-2015,14,10,11,38,640,172,48,0,22,0,88,1763
EST-2016,13,10,11,38,644,186,51,0,21,0,88,1767
EST-2017,16,10,11,39,658,203,48,0,22,0,88,1768
EST-2018,14,10,10,41,664,216,50,0,17,17,88,1707
EST-2019,14,10,9,41,671,217,48,0,22,17,88,1694
EST-2020,15,10,9,42,656,216,51,0,17,3,92,1637
FIN-1990,30,9,29,28,2493,91,37,0,25,1,87,1671
FIN-1991,30,9,29,28,2365,95,38,0,27,1,87,1652
FIN-1992,28,8,29,28,2196,101,40,0,26,1,87,1652
FIN-1993,27,8,29,28,2061,109,39,0,23,1,87,1651
FIN-1994,27,8,29,28,2045,111,41,0,22,1,87,1671
FIN-1995,27,8,29,28,2090,139,44,0,24,1,87,1677
FIN-1996,24,8,29,28,2119,146,42,0,22,1,87,1675
FIN-1997,25,8,29,28,2162,150,42,0,24,1,87,1671
FIN-1998,23,8,29,28,2203,152,43,0,25,1,87,1661
FIN-1999,23,8,29,28,2295,164,42,0,23,1,87,1661
FIN-2000,22,8,26,32,2335,171,63,0,23,1,87,1650
FIN-2001,23,9,29,28,2367,177,44,0,23,1,87,1636
FIN-2002,21,9,29,28,2372,191,45,0,23,1,87,1628
FIN-2003,20,9,24,33,2364,195,45,0,22,1,87,1623
FIN-2004,20,9,22,34,2364,206,45,0,23,1,87,1624
FIN-2005,18,10,21,34,2400,213,49,0,21,1,87,1613
FIN-2006,19,10,20,35,2443,216,47,0,21,1,95,1608
FIN-2007,18,10,19,36,2491,236,48,0,20,1,87,1605
FIN-2008,19,10,18,36,2530,252,48,0,20,1,94,1601
FIN-2009,19,10,18,37,2457,254,49,0,18,1,87,1580
FIN-2010,17,9,17,38,2447,270,49,0,19,1,90,1585
FIN-2011,16,9,16,39,2473,276,65,0,17,1,90,1578
FIN-2012,15,9,15,39,2483,283,58,0,17,1,90,1568
FIN-2013,16,9,14,40,2456,297,49,0,15,1,90,1560
FIN-2014,14,8,13,41,2447,297,52,0,15,1,90,1558
FIN-2016,14,8,12,43,2448,333,56,0,15,1,90,1555
FIN-2017,14,8,11,44,2473,339,67,0,13,1,90,1548
FIN-2018,14,8,10,45,2539,341,55,0,14,0,90,1546
FIN-2019,13,8,9,45,2565,331,57,0,13,29,90,1538
FRA-1990,21,15,29,28,23064,125,29,0,31,2,87,1645
FRA-1991,21,15,49,15,23089,135,29,0,31,2,87,1638
FRA-1992,21,15,46,16,22984,141,30,0,29,2,87,1635
FRA-1993,22,14,29,28,22683,150,31,0,29,2,87,1627
FRA-1994,21,14,42,17,22713,158,30,0,28,2,87,1623
FRA-1995,21,14,40,18,22914,154,33,0,29,2,87,1601
FRA-1996,19,14,29,28,22973,159,35,0,24,2,87,1597
FRA-1997,19,14,40,20,23104,163,33,0,28,2,87,1596
FRA-1998,18,14,39,20,23520,170,34,0,28,2,87,1585
FRA-1999,18,14,38,21,24005,178,48,0,28,2,87,1578
FRA-2000,18,13,37,21,24628,196,36,0,30,2,87,1558
FRA-2001,18,14,36,23,25098,209,48,0,22,2,87,1538
FRA-2002,18,13,35,24,25290,226,37,0,22,2,87,1504
FRA-2003,18,13,34,23,24704,224,48,0,22,2,87,1507
FRA-2004,18,13,34,24,24808,232,34,0,22,2,87,1531
FRA-2005,17,12,33,25,24984,239,48,0,27,3,87,1532
FRA-2006,17,13,32,26,25150,269,49,0,22,3,93,1515
FRA-2007,16,12,31,26,25586,283,48,0,22,3,93,1537
FRA-2008,16,12,30,27,25926,300,39,0,22,3,93,1543
FRA-2009,16,12,29,28,25674,312,48,0,22,3,91,1531
FRA-2010,16,12,29,29,25730,328,42,0,29,3,94,1540
FRA-2011,16,12,28,29,25758,341,48,0,22,3,94,1546
FRA-2012,15,12,27,30,25804,351,44,0,22,3,82,1541
FRA-2013,14,11,25,32,25785,280,48,0,22,3,94,1526
FRA-2014,13,12,22,33,26376,281,46,0,28,3,94,1518
FRA-2015,13,11,22,34,26441,278,49,0,29,3,82,1519
FRA-2016,12,11,21,34,26579,287,48,0,29,3,82,1522
FRA-2017,12,11,21,35,26803,289,46,0,26,3,82,1507
GBR-1990,8,9,29,28,26818,46,48,0,30,4,87,1617
GBR-1991,8,9,29,28,26058,51,49,0,22,5,87,1614
GBR-1992,8,9,29,28,25435,55,50,0,29,6,87,1582
GBR-1993,7,9,29,28,25088,57,52,0,22,6,87,1577
GBR-1994,7,9,29,28,25253,63,53,0,27,6,87,1586
GBR-1995,7,9,29,28,25489,63,54,0,22,5,87,1586
GBR-1996,7,9,29,28,25727,67,56,0,28,5,87,1586
GBR-1997,7,10,40,22,26155,134,56,0,22,6,87,1586
GBR-1998,7,9,39,23,26395,138,57,0,27,6,87,1581
GBR-1999,7,10,38,24,26691,143,57,0,22,6,87,1572
GBR-2001,7,10,37,26,27711,162,61,0,27,6,87,1562
GBR-2002,7,11,35,26,27944,165,60,0,26,6,87,1543
GBR-2003,6,11,34,28,28223,187,60,0,26,6,87,1534
GBR-2004,7,11,33,29,28533,188,61,0,25,5,87,1533
GBR-2005,6,11,33,29,28853,180,60,0,24,5,87,1544
GBR-2006,6,11,29,34,29140,192,61,0,22,5,97,1536
GBR-2007,6,11,27,35,29378,194,60,0,21,5,96,1541
GBR-2008,7,10,28,35,29627,210,61,0,21,5,95,1524
GBR-2009,6,10,26,37,29154,222,61,0,21,5,96,1516
GBR-2010,6,10,24,38,29227,231,62,0,20,6,94,1507
GBR-2011,7,9,23,39,29374,235,61,0,20,6,92,1515
GBR-2012,7,9,21,41,29694,246,61,0,20,6,92,1531
GBR-2013,7,9,20,41,30041,253,62,0,19,6,94,1533
GBR-2014,7,9,20,42,30752,259,61,0,19,6,94,1542
GBR-2015,7,9,20,44,31285,264,62,0,17,6,92,1525
GBR-2016,7,9,19,45,31745,269,61,0,16,5,92,1541
GBR-2017,7,9,18,45,32060,283,64,0,16,6,92,1535
GBR-2018,8,9,20,45,32443,296,63,0,16,20,92,1536
GBR-2019,8,9,19,47,32794,309,64,0,15,20,92,1537
GBR-2020,8,9,18,49,32508,293,48,0,14,3,94,1363
GRC-1990,3,10,66,10,3713,134,48,0,22,2,87,1975
GRC-1991,3,10,64,11,3628,137,48,0,22,1,87,2004
GRC-1992,3,10,63,12,3680,146,48,0,22,1,87,2031
GRC-1993,4,10,61,13,3715,164,48,0,22,1,87,2051
GRC-1994,3,10,58,13,3786,202,48,0,22,1,87,2018
GRC-1995,3,10,57,14,3820,204,48,0,22,1,87,2000
GRC-1996,3,9,55,15,3868,205,48,0,22,1,87,1999
GRC-1997,3,9,54,15,3853,214,48,0,22,1,87,1998
GRC-1998,3,9,52,16,4017,223,48,0,37,1,87,1998
GRC-1999,3,9,52,17,4031,225,48,0,22,1,87,1995
GRC-2000,3,8,50,17,4088,195,48,0,35,0,87,1997
GRC-2001,3,8,49,18,4202,221,48,0,22,0,87,1991
GRC-2002,2,8,48,18,4264,271,48,0,22,0,87,1984
GRC-2003,3,8,46,19,4353,288,48,0,22,0,87,1982
GRC-2004,3,9,43,21,4389,304,48,0,38,0,87,1974
GRC-2005,3,9,42,21,4443,300,48,0,22,0,87,2025
GRC-2006,3,8,40,22,4527,308,57,0,40,0,82,2014
GRC-2007,2,8,39,22,4564,309,48,0,22,0,80,2001
GRC-2008,3,8,38,23,4610,320,58,0,39,0,87,1996
GRC-2009,3,8,38,23,4556,300,55,0,31,0,79,1972
GRC-2010,3,8,37,24,4389,281,48,0,22,1,71,1931
GRC-2011,4,7,35,26,4054,272,48,0,22,1,71,1950
GRC-2012,4,7,34,26,3695,253,48,0,22,1,71,1989
GRC-2013,4,7,32,27,3513,271,48,0,22,1,71,1996
GRC-2014,4,7,31,28,3536,290,56,0,27,1,71,1949
GRC-2015,4,6,29,29,3610,297,48,0,22,1,71,1935
GRC-2016,4,6,28,30,3673,302,48,0,22,1,71,1942
GRC-2017,4,6,27,31,3752,308,48,0,22,1,71,1946
GRC-2018,4,6,26,31,3828,328,48,0,22,24,71,1961
GRC-2019,4,6,26,31,3911,314,57,0,24,24,71,1916
HRV-1990,27,9,29,28,16354,212,48,0,22,3,87,1753
HRV-1991,25,9,29,28,16354,212,48,0,22,3,87,1753
HRV-1992,26,9,29,28,16354,212,48,0,22,3,87,1753
HRV-1993,24,9,29,28,16354,212,48,0,22,3,87,1753
HRV-1994,25,9,29,28,16354,212,48,0,22,3,87,1753
HRV-1995,21,9,29,28,16354,212,48,0,22,3,87,1923
HRV-1996,24,9,29,28,16354,212,48,0,22,3,87,1923
HRV-1997,23,9,29,28,16354,212,48,0,22,3,87,1923
HRV-1998,25,9,29,28,16354,212,48,0,22,3,87,1923
HRV-1999,24,9,29,28,16354,212,48,0,22,3,87,1923
HRV-2000,24,14,29,28,16354,212,48,0,22,3,87,1921
HRV-2001,19,14,29,28,16354,212,48,0,22,3,87,1922
HRV-2002,20,14,29,28,16354,212,48,0,22,3,87,1922
HRV-2003,19,13,29,28,16354,212,48,0,22,3,87,1923
HRV-2004,19,13,29,28,16354,212,48,0,22,3,87,1925
HRV-2005,19,11,29,28,16354,54,48,0,22,3,87,1925
HRV-2006,17,11,29,28,16354,60,48,0,22,3,87,1927
HRV-2007,17,12,29,28,16354,66,48,0,22,3,87,1929
HRV-2008,17,12,29,28,16354,83,48,0,22,3,87,1931
HRV-2009,17,12,29,28,16354,82,48,0,22,3,87,1928
HRV-2010,16,10,29,28,16354,81,48,0,22,3,87,1941
HRV-2011,15,11,29,28,16354,109,48,0,22,3,87,1939
HRV-2012,17,10,29,28,16354,104,48,0,22,3,87,1923
HRV-2013,15,10,29,28,16354,74,48,0,22,3,87,1908
HRV-2014,15,9,29,28,16354,88,48,0,22,3,87,1890
HRV-2015,16,9,29,28,16354,94,48,0,22,3,87,1826
HRV-2016,15,10,29,28,16354,103,48,0,22,3,87,1834
HRV-2017,14,9,29,28,16354,108,48,0,22,3,87,1823
HRV-2019,13,9,29,28,16354,124,48,0,22,3,87,1837
HUN-1990,43,13,29,28,16354,212,48,0,22,3,87,2082
HUN-1991,42,13,29,28,16354,27,48,0,22,3,87,2048
HUN-1992,41,13,29,28,4026,32,48,0,22,3,87,2002
HUN-1993,38,13,29,28,3770,34,48,0,22,3,87,2002
HUN-1994,37,12,29,28,3644,38,48,0,35,3,87,2142
HUN-1995,35,12,29,28,3575,45,48,0,22,3,87,1948
HUN-1996,35,12,29,28,3557,51,48,0,22,3,87,1946
HUN-1997,33,12,37,12,3567,53,48,0,22,3,87,1954
HUN-1998,33,12,36,13,3636,76,48,0,22,3,87,1945
HUN-1999,35,12,32,13,3791,89,48,0,22,0,87,1952
HUN-2000,34,12,30,14,3829,102,51,0,30,0,87,1932
HUN-2001,30,13,30,14,3868,117,48,0,22,0,87,1897
HUN-2002,28,13,28,14,3870,129,48,0,22,0,87,1883
HUN-2003,28,13,25,15,3921,144,52,0,30,0,87,1856
HUN-2004,27,13,24,16,3900,147,48,0,22,0,87,1858
HUN-2005,26,13,23,17,3901,153,48,0,22,0,87,1834
HUN-2006,24,13,21,17,3928,157,48,0,22,0,92,1813
HUN-2007,24,12,20,18,3902,159,48,0,22,0,92,1787
HUN-2008,24,11,20,19,3848,166,48,0,22,0,89,1791
HUN-2009,24,11,19,19,3747,169,61,0,26,0,87,1758
HUN-2010,24,10,18,20,3732,194,48,0,22,0,85,1766
HUN-2011,23,11,18,21,3759,208,48,0,22,0,85,1753
HUN-2012,22,11,17,22,3827,215,48,0,22,0,85,1738
HUN-2013,20,10,17,22,3892,214,48,0,22,0,85,1733
HUN-2014,18,10,16,23,4100,216,62,0,25,0,85,1748
HUN-2015,18,10,16,24,4210,212,48,0,22,0,85,1745
HUN-2016,16,11,16,23,4351,224,48,0,22,0,85,1760
HUN-2017,15,10,16,24,4421,218,48,0,22,0,85,1747
HUN-2018,15,11,15,25,4469,224,48,0,22,0,85,1729
HUN-2019,14,10,15,26,4512,229,67,0,24,18,85,1722
IRL-1990,11,11,29,28,1150,76,48,0,30,1,87,2081
IRL-1991,11,11,59,15,1146,83,48,0,28,1,87,2046
IRL-1992,11,11,57,17,1155,87,48,0,30,1,87,1998
IRL-1993,10,11,29,28,1173,92,48,0,28,1,87,1971
IRL-1994,12,11,54,18,1213,97,48,0,28,1,87,1971
IRL-1995,11,11,52,19,1272,106,48,0,22,1,87,1963
IRL-1996,11,12,29,28,1319,114,48,0,22,1,87,1954
IRL-1997,13,12,29,28,1371,118,48,0,22,1,87,1954
IRL-1998,13,13,29,28,1520,124,43,0,33,1,87,1953
IRL-1999,11,13,29,28,1614,131,48,0,22,1,87,1942
IRL-2000,12,14,42,21,1692,145,48,0,22,3,87,1933
IRL-2001,12,14,44,23,1745,161,48,0,22,3,87,1924
IRL-2002,11,14,40,24,1777,176,48,0,27,2,87,1904
IRL-2003,11,13,38,26,1810,190,48,0,22,1,87,1887
IRL-2004,11,13,37,27,1864,204,48,0,22,2,87,1875
IRL-2005,10,13,35,29,1952,225,48,0,22,2,87,1883
IRL-2006,10,13,33,31,2043,244,48,0,22,2,96,1879
IRL-2007,10,13,32,32,2221,241,61,0,24,2,87,1865
IRL-2008,11,12,30,33,2198,258,48,0,22,2,98,1844
IRL-2009,11,11,28,35,2015,303,48,0,22,2,95,1812
IRL-2010,10,11,27,37,1925,330,48,0,22,2,95,1721
IRL-2011,12,11,26,38,1888,403,48,0,22,3,95,1737
IRL-2012,12,11,25,39,1880,421,48,0,22,3,95,1738
IRL-2013,11,10,23,41,1937,432,48,0,22,3,95,1743
IRL-2014,10,10,21,41,1988,416,48,0,22,2,92,1757
IRL-2015,9,10,20,42,2056,410,61,0,19,2,95,1771
IRL-2018,9,11,16,46,2257,429,48,0,17,13,95,1782
ISL-1990,16,5,29,28,126,77,36,0,30,3,87,1665
ISL-1991,15,5,29,28,136,81,48,0,29,3,87,1668
ISL-1992,11,4,29,28,136,92,48,0,28,3,87,1668
ISL-1993,11,4,29,28,136,103,48,0,26,3,87,1683
ISL-1994,10,4,29,28,137,104,48,0,26,3,87,1655
ISL-1995,11,4,29,28,142,105,48,0,26,3,87,1641
ISL-1996,13,4,29,28,142,113,48,0,27,3,87,1659
ISL-1997,14,5,29,28,142,130,48,0,26,3,87,1684
ISL-1998,11,5,29,28,147,163,48,0,24,3,87,1665
ISL-1999,11,5,29,28,153,169,48,0,25,3,87,1645
ISL-2000,18,6,29,28,156,177,48,0,22,4,87,1696
ISL-2001,12,6,29,28,159,184,48,0,22,4,87,1707
ISL-2002,10,6,29,28,156,196,48,0,21,4,87,1672
ISL-2003,9,6,34,27,155,200,48,0,21,4,87,1639
ISL-2004,12,6,33,27,154,214,48,0,19,4,87,1645
ISL-2005,11,7,31,29,159,214,48,0,19,4,87,1637
ISL-2006,10,7,31,30,167,215,48,0,18,4,87,1627
ISL-2007,12,7,30,30,175,219,60,0,19,5,87,1605
ISL-2008,12,7,30,31,177,220,48,0,17,5,97,1625
ISL-2009,12,7,30,32,166,219,48,0,15,5,87,1536
ISL-2010,15,6,30,31,165,226,58,0,14,5,87,1527
ISL-2011,8,6,30,32,166,228,48,0,14,5,87,1537
ISL-2012,11,6,30,33,167,234,63,0,13,5,97,1523
ISL-2013,16,6,29,34,173,237,48,0,11,6,97,1524
ISL-2014,14,7,28,35,177,241,48,0,12,6,87,1513
ISL-2015,12,7,26,37,183,245,55,0,10,6,97,1511
ISL-2016,12,7,23,38,190,249,48,0,10,6,97,1520
ISL-2017,9,7,25,39,193,255,48,0,9,6,97,1507
ISL-2018,9,7,24,40,198,255,48,0,8,16,87,1496
ISL-2019,11,7,24,40,201,253,58,0,8,17,97,1480
ISL-2020,12,7,24,40,194,263,48,0,7,3,97,1446
ISR-1990,9,1,29,28,16354,212,48,0,22,3,87,1904
ISR-1991,10,1,29,28,16354,212,48,0,22,3,87,1897
ISR-1992,9,1,29,28,16354,212,48,0,22,3,87,1951
ISR-1993,9,2,29,28,16354,212,48,0,22,3,87,1953
ISR-1994,10,1,29,28,16354,212,48,0,22,3,87,1993
ISR-1995,8,1,29,28,1965,123,48,0,22,0,87,2013
ISR-1996,7,1,29,28,2012,124,48,0,24,0,87,2031
ISR-1997,8,2,29,28,2040,139,48,0,22,0,87,2036
ISR-1998,6,2,29,28,2072,162,48,0,22,0,87,2011
ISR-1999,7,2,29,28,2136,158,62,0,22,0,87,2021
ISR-2000,7,2,29,28,2221,190,48,0,24,2,87,2032
ISR-2001,7,2,29,28,2265,207,48,0,22,2,87,1996
ISR-2002,7,2,19,42,2284,202,43,0,21,2,87,2014
ISR-2003,7,2,18,42,2330,205,48,0,22,2,87,1997
ISR-2004,7,2,29,28,2400,217,44,0,21,2,87,1975
ISR-2005,7,2,21,43,2493,236,48,0,22,2,87,1966
ISR-2006,6,2,29,28,2573,223,44,0,19,2,91,1955
ISR-2007,5,2,19,43,2682,249,48,0,22,2,85,1966
ISR-2008,5,2,18,44,2776,242,47,0,18,2,85,1963
ISR-2009,6,2,18,44,2841,251,48,0,22,2,93,1962
ISR-2010,7,2,17,45,2938,248,49,0,18,2,91,1956
ISR-2011,6,2,17,46,3024,263,48,0,22,2,91,1947
ISR-2012,6,2,15,46,3359,279,48,0,22,2,91,1918
ISR-2013,5,2,15,47,3449,275,51,0,16,2,91,1908
ISR-2014,5,2,14,48,3555,277,54,0,17,2,91,1894
ISR-2015,5,2,14,48,3643,283,50,0,22,2,91,1895
ISR-2016,5,2,13,49,3736,310,53,0,19,2,91,1922
ISR-2017,5,2,12,50,3824,316,50,0,16,2,91,1918
ISR-2018,6,3,13,50,3905,323,48,0,22,2,91,1910
ISR-2019,5,3,12,50,3966,322,56,0,16,16,91,1898
ISR-2020,5,9,12,50,3913,295,54,0,22,3,91,1782
ITA-1990,7,11,29,28,21215,86,48,0,27,2,87,1753
ITA-1991,8,10,71,6,21410,93,48,0,22,2,87,1753
ITA-1992,8,10,71,6,21270,96,48,0,22,2,87,1753
ITA-1993,8,10,29,28,20305,107,48,0,25,2,87,1753
ITA-1994,7,10,66,7,19972,119,38,0,25,2,87,1753
ITA-1995,8,9,65,7,19851,150,48,0,25,1,87,1856
ITA-1996,8,9,29,28,19950,156,48,0,26,1,87,1866
ITA-1997,8,9,29,28,20027,168,48,0,25,1,87,1859
ITA-1998,7,9,59,8,20424,180,48,0,24,1,87,1873
ITA-1999,6,8,57,9,20682,184,41,0,24,1,87,1869
ITA-2000,6,9,57,9,21072,195,41,0,24,1,87,1850
ITA-2001,6,9,56,10,21506,191,42,0,24,1,87,1837
ITA-2002,6,9,55,10,21820,200,42,0,24,1,87,1826
ITA-2003,6,9,51,10,22047,197,42,0,24,1,87,1815
ITA-2004,6,9,51,11,22362,202,48,0,22,1,87,1814
ITA-2005,6,8,49,12,22406,196,44,0,22,1,87,1811
ITA-2006,5,8,48,12,22757,205,45,0,23,1,91,1811
ITA-2007,5,8,47,13,22894,210,45,0,22,1,90,1817
ITA-2008,6,8,46,14,23090,226,45,0,22,1,86,1806
ITA-2009,6,7,45,14,22698,220,46,0,23,1,86,1775
ITA-2010,6,7,44,14,22526,230,46,0,23,1,86,1776
ITA-2011,6,7,44,14,22597,245,45,0,22,1,86,1772
ITA-2012,6,7,42,15,22565,255,46,0,22,2,86,1733
ITA-2013,6,7,41,16,22190,254,45,0,21,1,86,1719
ITA-2014,6,7,40,16,22278,257,46,0,19,1,86,1716
ITA-2015,5,7,40,17,22464,272,45,0,19,1,86,1717
ITA-2016,5,7,39,17,22757,288,45,0,20,1,86,1721
ITA-2017,5,7,39,18,23021,305,46,0,19,1,86,1719
JPN-1990,18,9,29,28,62495,89,22,0,28,0,87,2031
JPN-1991,17,8,29,28,63687,91,22,0,27,0,87,1998
JPN-1992,18,8,29,28,64361,99,22,0,27,0,87,1965
JPN-1993,17,9,29,28,64496,99,22,0,24,0,87,1905
JPN-1994,17,9,29,28,64530,108,21,0,24,0,87,1898
JPN-1995,17,8,29,28,64565,92,22,0,28,0,87,1883
JPN-1996,17,9,29,28,64859,93,21,0,27,0,87,1892
JPN-1997,18,8,29,30,65567,104,22,0,28,3,87,1864
JPN-1998,24,8,29,30,65141,111,23,0,27,3,87,1841
JPN-1999,24,8,29,31,64623,118,23,0,26,3,87,1810
JPN-2000,23,8,29,33,64463,127,23,0,27,3,87,1821
JPN-2001,22,8,29,34,64120,130,24,0,24,3,87,1808
JPN-2002,22,8,29,36,63303,139,25,0,24,3,87,1798
JPN-2003,24,8,29,37,63161,153,24,0,27,3,87,1798
JPN-2004,22,8,29,38,63285,158,24,0,26,3,87,1785
JPN-2005,22,8,29,39,63561,161,24,0,24,2,87,1776
JPN-2006,22,7,29,40,63887,175,25,0,23,2,92,1785
JPN-2007,22,7,29,41,64275,174,24,0,24,3,93,1784
JPN-2008,22,7,29,42,64091,182,24,0,21,3,88,1771
JPN-2009,22,7,29,43,63145,192,25,0,23,3,88,1713
JPN-2010,21,7,29,44,62981,197,25,0,19,3,86,1732
JPN-2011,21,7,29,46,62934,208,25,0,20,3,86,1728
JPN-2012,19,7,29,46,62796,218,23,0,20,3,86,1745
JPN-2013,19,7,29,47,63265,231,24,0,19,3,86,1733
JPN-2014,18,7,29,48,63711,235,24,0,19,3,86,1729
JPN-2015,17,7,29,49,64018,245,23,0,18,3,86,1719
JPN-2016,15,7,29,50,64701,234,25,0,18,3,86,1713
JPN-2017,15,7,29,51,65424,238,25,0,17,2,86,1708
JPN-2018,15,7,29,51,66820,252,26,0,17,3,86,1680
JPN-2019,14,7,29,52,67495,252,27,0,16,3,86,1643
KOR-1990,9,9,29,28,18084,91,48,0,22,0,87,1753
KOR-1991,8,8,29,28,18648,100,48,0,22,0,87,1753
KOR-1992,9,8,29,28,19009,107,48,0,34,0,87,1753
KOR-1993,11,8,29,28,19234,109,48,0,22,0,87,1753
KOR-1994,11,9,29,28,19848,110,48,0,22,0,87,1753
KOR-1995,12,8,40,18,20414,119,48,0,35,2,87,1753
KOR-1996,15,9,29,28,20853,124,48,0,22,2,87,1753
KOR-1997,16,8,37,19,21213,122,48,0,22,2,87,1753
KOR-1998,22,8,33,22,19937,108,24,0,30,2,87,1753
KOR-1999,18,9,32,23,20291,122,48,0,22,2,87,1753
KOR-2000,17,8,31,23,21173,127,48,0,22,2,87,1753
KOR-2001,18,8,30,24,21613,133,29,0,26,2,87,1753
KOR-2002,23,9,29,25,22231,135,48,0,22,2,87,1753
KOR-2003,29,9,26,29,22221,148,48,0,22,2,87,1753
KOR-2004,31,9,25,30,22681,155,48,0,22,2,87,1753
KOR-2005,31,9,24,31,22831,167,30,0,25,2,87,1753
KOR-2006,27,9,23,33,23188,178,48,0,22,2,75,1753
KOR-2007,30,9,21,34,23561,200,31,0,24,2,81,1753
KOR-2008,30,9,20,36,23774,226,30,0,26,2,74,2228
KOR-2009,35,8,19,38,23687,233,30,0,25,2,79,2174
KOR-2010,35,8,19,39,24032,258,30,0,22,2,60,2163
KOR-2011,34,8,18,40,24526,276,30,0,23,2,60,2136
KOR-2012,30,9,17,41,24954,296,31,0,21,2,84,2119
KOR-2013,29,8,16,43,25299,304,31,0,19,2,60,2106
KOR-2014,27,8,15,44,25897,321,30,0,20,2,60,2076
KOR-2015,26,9,14,45,26177,356,33,0,17,2,60,2083
KOR-2016,25,8,13,46,26409,378,34,0,18,2,60,2068
KOR-2017,23,8,12,47,26724,391,33,0,17,2,84,2018
KOR-2018,25,8,11,49,26822,424,34,0,17,2,60,1993
KOR-2019,25,8,11,50,27122,440,33,0,16,12,60,1967
KOR-2020,24,7,10,50,26904,460,37,0,15,3,60,1908
LTU-1990,29,9,29,28,16354,212,48,0,22,3,87,1753
LTU-1991,33,9,29,28,16354,212,48,0,22,3,87,1753
LTU-1992,38,9,29,28,16354,212,48,0,22,3,87,1753
LTU-1993,47,9,29,28,16354,212,48,0,22,3,87,1753
LTU-1994,50,9,29,28,16354,212,48,0,22,3,87,1753
LTU-1995,51,7,29,28,16354,212,48,0,22,3,87,1527
LTU-1996,52,7,29,28,16354,212,48,0,22,0,87,1525
LTU-1997,48,8,29,28,16354,212,48,0,22,0,87,1530
LTU-1998,47,8,29,28,16354,212,48,0,22,0,87,1571
LTU-1999,46,8,29,28,16354,212,48,0,22,0,87,1524
LTU-2000,49,9,15,41,16354,71,48,0,22,0,87,1630
LTU-2001,46,10,29,28,16354,67,48,0,22,0,87,1617
LTU-2002,46,11,29,28,16354,71,48,0,22,0,87,1591
LTU-2003,43,11,29,28,16354,75,48,0,22,0,87,1576
LTU-2004,41,12,29,28,16354,99,48,0,22,0,87,1658
LTU-2005,40,12,12,26,1434,109,48,0,24,0,87,1659
LTU-2006,32,13,11,26,1429,120,48,0,22,0,87,1654
LTU-2007,31,13,11,28,1451,121,48,0,22,0,86,1681
LTU-2008,34,13,9,30,1427,139,48,0,22,0,83,1707
LTU-2009,35,13,8,31,1317,131,48,0,22,0,82,1645
LTU-2010,32,13,8,32,1247,139,48,0,22,0,80,1696
LTU-2011,32,14,7,33,1253,153,48,0,22,0,80,1674
LTU-2012,30,14,6,34,1275,182,48,0,22,0,80,1672
LTU-2013,35,14,6,35,1292,198,48,0,22,0,80,1657
LTU-2014,30,14,8,36,1319,203,53,0,20,0,80,1649
LTU-2015,29,14,8,38,1334,221,48,0,22,0,80,1673
LTU-2016,27,13,7,39,1361,245,48,0,22,0,80,1694
LTU-2017,25,12,7,40,1354,263,48,0,22,0,80,1656
LTU-2018,22,11,7,41,1374,273,48,0,22,16,92,1664
LTU-2019,22,11,6,43,1378,312,55,0,18,16,80,1665
LTU-2020,20,11,6,44,1358,297,48,0,22,3,92,1594
LUX-1990,18,15,29,28,133,36,48,0,22,0,87,1753
LUX-1991,20,14,29,28,139,38,48,0,22,0,87,1753
LUX-1992,15,14,29,28,142,42,48,0,22,0,87,1753
LUX-1993,16,13,29,28,145,45,48,0,22,0,87,1753
LUX-1994,19,13,29,28,148,54,48,0,22,0,87,1753
LUX-1995,15,13,29,28,152,55,48,0,22,0,87,1615
LUX-1996,18,13,29,28,156,55,48,0,22,19,87,1593
LUX-1997,20,13,29,28,162,59,48,0,22,19,87,1600
LUX-1998,15,13,29,28,170,64,48,0,22,20,87,1599
LUX-1999,16,13,29,28,176,100,48,0,22,0,87,1598
LUX-2000,15,13,39,18,180,211,48,0,22,0,87,1605
LUX-2001,17,13,29,28,185,219,48,0,26,0,87,1593
LUX-2002,20,13,29,28,188,246,48,0,26,0,87,1588
LUX-2003,11,12,29,28,187,257,48,0,28,0,87,1586
LUX-2004,13,12,29,28,188,271,48,0,27,0,87,1586
LUX-2005,10,12,34,26,193,279,48,0,23,0,87,1567
LUX-2006,13,12,34,24,195,301,48,0,21,0,87,1567
LUX-2007,16,12,34,26,202,273,48,0,21,0,87,1581
LUX-2008,8,12,32,27,202,233,48,0,20,0,93,1581
LUX-2009,9,11,22,34,217,276,48,0,19,1,87,1518
LUX-2010,10,11,22,35,220,288,48,0,18,1,90,1521
LUX-2011,10,11,22,37,224,277,48,0,16,1,90,1520
LUX-2012,9,11,21,39,236,235,48,0,16,1,90,1514
LUX-2013,7,11,19,40,238,244,48,0,15,1,92,1506
LUX-2014,12,11,18,45,245,242,48,0,15,1,92,1512
LUX-2015,11,11,25,39,257,239,48,0,15,1,90,1519
LUX-2016,7,11,21,42,260,249,48,0,14,1,90,1518
LUX-2017,8,11,23,40,271,249,48,0,16,1,92,1508
LUX-2018,8,11,22,43,279,261,48,0,14,21,92,1509
LUX-2019,10,11,24,51,289,250,48,0,16,21,92,1507
LVA-1990,28,6,29,28,16354,212,48,0,22,3,87,1753
LVA-1991,30,6,29,28,16354,212,48,0,22,3,87,1753
LVA-1992,37,6,29,28,16354,212,48,0,22,3,87,1753
LVA-1993,45,8,29,28,16354,212,48,0,22,3,87,1753
LVA-1994,42,9,29,28,16354,212,48,0,22,3,87,1753
LVA-1995,43,9,29,28,16354,212,48,0,22,0,87,1867
LVA-1996,38,8,19,17,16354,212,48,0,22,0,87,1865
LVA-1997,37,8,18,16,16354,212,48,0,22,0,87,1861
LVA-1998,35,8,17,17,986,212,42,0,22,0,87,1860
LVA-1999,32,8,16,17,971,212,48,0,22,0,87,1861
LVA-2000,33,7,16,18,941,93,43,0,22,0,87,1864
LVA-2001,30,6,20,17,933,112,48,0,22,0,87,1872
LVA-2002,29,7,17,18,955,123,40,0,22,0,87,1841
LVA-2003,26,8,17,17,962,124,48,0,22,0,87,1836
LVA-2004,24,8,15,19,963,130,42,0,22,0,87,1802
LVA-2005,25,9,15,20,972,138,48,0,22,0,87,1842
LVA-2006,21,10,15,20,1030,133,45,0,22,0,84,1829
LVA-2007,20,12,15,22,1057,155,48,0,22,0,80,1793
LVA-2008,23,11,14,24,1054,161,48,0,28,0,82,1751
LVA-2009,23,9,13,25,908,147,48,0,22,0,78,1707
LVA-2010,20,9,11,26,850,156,45,0,22,0,87,1692
LVA-2011,20,10,12,27,861,144,48,0,22,0,79,1707
LVA-2012,20,10,10,29,875,166,49,0,22,0,79,1691
LVA-2013,18,10,10,31,893,178,48,0,22,0,79,1685
LVA-2014,18,10,13,30,884,187,54,0,24,0,79,1695
LVA-2015,18,10,12,31,896,208,48,0,22,0,79,1663
LVA-2016,17,11,11,33,893,253,54,0,22,0,79,1663
LVA-2017,17,10,12,33,894,253,48,0,22,0,79,1649
LVA-2018,14,11,12,33,909,263,58,0,22,15,79,1661
LVA-2019,14,11,11,35,910,283,48,0,22,16,79,1631
LVA-2020,14,12,10,37,893,283,58,0,22,3,91,1576
MEX-1990,3,4,29,28,23403,212,48,0,22,0,87,1753
MEX-1991,3,4,29,28,29225,212,48,0,22,0,87,2113
MEX-1992,3,5,29,28,30259,212,48,0,22,0,87,2104
MEX-1993,3,5,29,28,31340,212,48,0,22,0,87,2112
MEX-1994,4,5,29,28,32439,212,48,0,22,0,87,2146
MEX-1995,4,5,29,28,32174,212,48,0,22,0,87,2161
MEX-1996,4,5,29,28,33495,212,48,0,22,0,87,2192
MEX-1997,4,4,72,13,35425,212,48,0,22,0,87,2241
MEX-1998,4,4,72,13,36357,212,48,0,22,0,87,2168
MEX-1999,4,4,72,13,36774,102,48,0,22,0,87,2242
MEX-2000,4,5,70,14,37594,113,62,0,12,0,87,2174
MEX-2001,4,5,70,15,37684,126,48,0,22,0,87,2146
MEX-2002,4,4,70,15,38559,134,48,0,14,0,87,2196
MEX-2003,4,5,70,15,38877,155,48,0,22,0,87,2143
MEX-2004,4,5,68,16,40216,164,48,0,22,0,87,2123
MEX-2005,5,5,71,12,42079,168,69,0,22,0,87,2105
MEX-2006,4,5,71,13,43378,176,69,0,13,0,89,2067
MEX-2007,4,4,70,13,44231,182,65,0,22,0,86,2045
MEX-2008,4,4,70,13,44943,181,65,0,10,0,87,2105
MEX-2009,5,4,68,14,45435,181,48,0,7,0,85,1973
MEX-2010,4,4,67,14,46121,165,48,0,22,0,74,2150
MEX-2011,5,4,66,15,47138,160,48,0,10,0,74,2121
MEX-2012,4,3,66,15,48706,168,71,0,11,0,74,2120
MEX-2013,5,3,65,16,49227,170,48,0,22,0,74,2136
MEX-2014,5,4,64,16,49415,174,48,0,22,0,74,2134
MEX-2015,5,4,64,16,50611,186,48,0,7,0,74,2139
MEX-2016,5,4,63,16,51594,196,72,0,7,0,74,2145
MEX-2017,5,4,62,17,51680,198,48,0,22,0,74,2148
MEX-2018,5,4,60,18,53161,206,75,0,7,0,74,2149
MEX-2019,5,4,60,18,54614,207,48,0,22,7,74,2138
MEX-2020,6,3,58,19,50927,209,74,0,7,3,74,2123
NLD-1990,10,9,45,19,6274,144,34,0,37,5,87,1454
NLD-1991,11,10,43,19,6420,145,35,0,38,5,87,1444
NLD-1992,11,10,42,20,6613,133,36,0,37,5,87,1451
NLD-1993,10,9,29,28,6639,132,36,0,36,6,87,1440
NLD-1994,10,9,40,21,6706,141,38,0,37,6,87,1447
NLD-1995,10,9,38,22,6781,152,37,0,36,7,87,1481
NLD-1996,10,9,29,28,6931,193,38,0,36,6,87,1496
NLD-1997,10,10,29,28,7186,191,40,0,36,6,87,1482
NLD-1998,9,9,35,24,7402,238,40,0,35,7,87,1478
NLD-1999,9,10,29,28,7604,259,42,0,34,7,87,1477
NLD-2000,9,10,35,23,7869,284,44,0,32,7,87,1464
NLD-2001,9,10,34,23,8067,302,44,0,28,7,87,1454
NLD-2002,9,9,32,25,8167,340,44,0,27,7,87,1436
NLD-2003,9,9,30,27,8121,339,46,0,26,8,87,1427
NLD-2004,9,9,29,29,8105,377,46,0,25,8,87,1447
NLD-2005,9,9,28,30,7831,388,44,0,25,8,87,1433
NLD-2006,9,9,27,30,7956,213,46,0,25,11,94,1430
NLD-2007,8,9,26,30,8186,222,45,0,23,11,93,1429
NLD-2008,8,9,26,32,8377,259,46,0,23,11,93,1428
NLD-2009,9,9,26,32,8383,254,47,0,22,12,87,1420
NLD-2010,9,9,27,32,8289,254,48,0,20,12,94,1419
NLD-2011,9,9,27,32,8291,270,48,0,20,13,94,1420
NLD-2012,10,9,26,34,8345,291,47,0,18,13,94,1410
NLD-2013,10,8,24,33,8285,316,45,0,18,13,94,1414
NLD-2014,10,8,24,34,8235,318,48,0,19,13,94,1425
NLD-2015,10,8,23,35,8318,312,47,0,19,13,94,1425
NLD-2016,10,8,22,36,8426,326,47,0,18,13,94,1437
NLD-2017,10,8,21,37,8604,327,47,0,16,13,94,1436
NLD-2018,10,8,21,38,8796,333,48,0,15,16,94,1436
NLD-2019,10,8,20,40,8981,332,48,0,15,16,94,1438
NLD-2020,10,7,19,42,8981,316,48,0,14,3,94,1406
NOR-1990,16,5,29,28,1992,84,48,0,35,1,87,1492
NOR-1991,16,4,20,24,1973,84,48,0,34,1,87,1490
NOR-1992,14,4,21,25,1970,85,48,0,35,1,87,1499
NOR-1993,13,4,29,28,1970,89,48,0,37,1,87,1496
NOR-1994,12,4,19,27,2003,92,48,0,33,1,87,1494
NOR-1995,12,4,18,28,2047,101,33,0,33,1,87,1478
NOR-1996,12,5,29,28,2104,110,48,0,33,1,87,1473
NOR-1997,12,5,29,28,2166,148,48,0,34,1,87,1468
NOR-1998,12,5,29,28,2219,154,37,0,33,2,87,1466
NOR-1999,13,5,29,28,2233,161,48,0,32,2,87,1465
NOR-2000,12,5,29,28,2255,177,48,0,32,2,87,1448
NOR-2001,12,5,29,28,2265,174,48,0,30,2,87,1424
NOR-2002,11,5,29,28,2275,199,42,0,29,2,87,1411
NOR-2003,11,6,29,28,2257,199,48,0,26,2,87,1401
NOR-2004,11,6,29,28,2266,213,48,0,26,2,87,1423
NOR-2005,11,6,22,32,2282,217,45,0,25,2,87,1428
NOR-2006,11,6,21,32,2353,226,48,0,24,2,94,1426
NOR-2007,10,6,21,34,2434,240,48,0,22,2,87,1438
NOR-2008,10,6,19,36,2513,248,46,0,21,1,93,1443
NOR-2009,12,6,19,36,2499,247,48,0,21,2,87,1421
NOR-2010,11,6,19,37,2500,248,48,0,19,2,87,1429
NOR-2011,12,6,18,38,2535,263,48,0,17,2,87,1434
NOR-2012,10,6,17,38,2585,270,46,0,16,2,92,1431
NOR-2013,11,6,17,39,2601,279,48,0,15,2,87,1421
NOR-2014,10,6,18,41,2626,285,48,0,13,2,92,1424
NOR-2015,11,6,17,42,2641,281,46,0,13,2,92,1426
NOR-2016,11,6,17,43,2638,293,48,0,12,2,92,1430
NZL-1990,14,10,43,28,1534,66,48,0,28,0,87,1809
NZL-1991,13,9,44,28,1509,69,48,0,26,0,87,1792
NZL-1992,14,9,43,28,1513,85,48,0,27,0,87,1799
NZL-1993,12,9,29,28,1544,99,48,0,27,0,87,1853
NZL-1994,14,9,42,28,1611,101,48,0,27,0,87,1848
NZL-1995,15,9,40,28,1686,107,48,0,27,0,87,1841
NZL-1996,14,8,29,28,1740,112,48,0,26,0,87,1834
NZL-1997,15,8,39,28,1750,115,53,0,26,0,87,1826
NZL-1998,15,8,38,28,1738,123,48,0,25,0,87,1829
NZL-1999,13,8,38,28,1765,125,48,0,26,0,87,1845
NZL-2000,12,8,36,28,1799,129,48,0,25,0,87,1836
NZL-2001,13,8,35,28,1844,149,48,0,25,0,87,1825
NZL-2002,12,9,34,28,1904,149,48,0,25,0,87,1826
NZL-2003,13,8,33,28,1953,146,60,0,23,0,87,1823
NZL-2004,12,9,32,28,2022,148,48,0,22,0,87,1830
NZL-2005,12,9,31,28,2082,156,48,0,22,0,87,1815
NZL-2006,12,9,31,28,2131,169,48,0,20,0,94,1795
NZL-2007,11,9,28,28,2167,155,62,0,18,0,96,1774
NZL-2008,12,9,27,28,2174,187,48,0,22,0,94,1761
NZL-2009,12,9,27,28,2144,193,64,0,22,0,87,1740
NZL-2010,12,9,27,28,2153,197,48,0,22,0,92,1755
NZL-2011,11,9,25,28,2184,206,48,0,22,0,92,1746
NZL-2012,12,9,25,28,2179,217,64,0,16,0,92,1734
NZL-2013,11,9,28,28,2223,232,64,0,15,0,95,1756
NZL-2014,11,9,25,35,2308,245,65,0,15,0,92,1758
NZL-2015,11,8,25,34,2368,252,65,0,15,0,92,1753
NZL-2016,12,8,23,36,2482,273,67,0,14,0,95,1754
PER-1990,0,9,29,28,16354,212,48,0,22,3,87,1753
PER-1991,0,9,29,28,16354,212,48,0,22,3,87,1753
PER-1992,1,9,29,28,16354,212,48,0,22,3,87,1753
PER-1994,1,9,29,28,16354,212,48,0,22,3,87,1753
PER-1995,2,9,29,28,16354,212,48,0,22,3,87,1753
PER-1996,2,9,29,28,16354,212,48,0,22,3,87,1753
PER-1997,1,9,29,28,16354,212,48,0,22,3,87,1753
PER-1998,1,9,29,28,16354,212,48,0,22,3,87,1753
PER-1999,1,9,29,28,16354,212,48,0,22,3,87,1753
PER-2000,1,9,29,28,16354,24,48,0,55,3,87,1753
PER-2001,1,9,29,28,16354,24,48,0,22,3,87,1753
PER-2002,1,9,29,28,16354,25,48,0,22,3,87,1753
PER-2003,1,9,29,28,16354,24,48,0,22,3,87,1753
PER-2004,1,9,29,28,16354,24,48,0,22,3,87,1753
PER-2005,0,9,29,28,16354,22,48,0,38,3,87,1753
PER-2006,0,9,29,28,16354,25,48,0,22,3,87,1753
PER-2007,1,9,29,28,16354,26,48,0,22,3,87,1753
PER-2008,1,9,29,28,16354,27,48,0,22,3,87,1753
PER-2009,0,9,29,28,16354,25,48,0,22,3,87,1753
PER-2010,1,5,29,28,16354,25,48,0,27,3,87,1753
PER-2011,1,5,29,28,16354,25,48,0,22,3,87,1753
PER-2012,2,5,29,28,16354,24,48,0,22,3,87,1753
PER-2013,1,5,29,28,16354,23,48,0,22,3,87,1753
PER-2014,1,5,29,28,16354,21,48,0,22,3,87,1753
PER-2015,0,5,29,28,16354,20,48,0,18,3,87,1753
PER-2016,1,5,29,28,16354,20,48,0,22,3,87,1753
PER-2017,1,5,29,28,16354,19,48,0,22,3,87,1753
PER-2018,1,5,29,28,16354,20,48,0,15,3,87,1753
POL-1990,14,8,29,28,16354,12,48,0,22,14,87,1753
POL-1991,15,8,29,28,16354,17,48,0,22,20,87,1753
POL-1992,16,8,29,28,16354,21,48,0,22,24,87,1753
POL-1993,16,8,29,28,14894,35,48,0,22,23,87,1903
POL-1994,15,8,29,28,14658,43,48,0,22,22,87,1940
POL-1995,15,8,26,13,14791,44,48,0,22,21,87,1903
POL-1996,15,8,29,28,14968,48,43,0,31,22,87,1917
POL-1999,15,8,21,11,16354,67,48,0,22,21,87,1875
POL-2000,15,8,20,11,14525,73,48,0,22,20,87,1858
POL-2001,15,7,19,11,14205,74,48,0,27,21,87,1860
POL-2002,15,8,18,12,13781,86,48,0,22,0,87,1855
POL-2003,15,9,17,14,13616,91,48,0,22,0,87,1860
POL-2004,15,9,16,15,13793,101,45,0,26,0,87,1860
POL-2005,15,9,14,16,14115,98,48,0,22,0,87,1856
POL-2006,15,9,14,17,14593,103,48,0,22,0,89,1857
POL-2007,13,10,13,18,15240,115,48,0,22,0,89,1854
POL-2008,14,10,12,19,15799,125,48,0,22,0,88,1847
POL-2009,16,10,12,21,15868,134,52,0,23,0,93,1833
POL-2010,16,10,11,22,15472,144,48,0,22,0,86,1829
POL-2011,15,10,11,23,15562,155,48,0,22,0,86,1824
POL-2012,16,10,10,24,15590,168,48,0,22,0,86,1819
POL-2013,15,10,9,25,15568,173,48,0,22,0,86,1816
POL-2014,15,10,9,27,15861,175,53,0,22,0,86,1822
POL-2015,13,10,9,27,16083,194,48,0,22,0,86,1829
POL-2016,11,10,8,28,16196,211,48,0,22,0,86,1831
POL-2017,11,10,7,29,16422,222,48,0,22,0,93,1811
POL-2018,11,10,7,30,16484,210,48,0,22,20,93,1787
POL-2019,11,11,7,32,16460,220,56,0,17,21,93,1782
PRT-1990,9,14,29,28,4658,86,48,0,22,0,87,1805
PRT-1991,10,14,29,28,4568,106,48,0,22,0,87,1739
PRT-1992,9,13,29,28,4498,123,48,0,22,0,87,1682
PRT-1993,8,13,29,28,4418,117,48,0,22,1,87,1684
PRT-1994,8,13,80,10,4408,122,48,0,22,1,87,1691
PRT-1995,8,12,79,11,4381,143,48,0,22,1,87,1749
PRT-1996,7,12,29,28,4409,142,48,0,19,1,87,1750
PRT-1997,6,11,29,28,4491,148,48,0,22,1,87,1745
PRT-1998,5,11,82,8,4847,147,48,0,22,1,87,1759
PRT-1999,5,13,81,8,4924,159,49,0,20,1,87,1761
PRT-2000,5,12,80,8,5040,176,48,0,22,1,87,1770
PRT-2001,7,12,79,9,5127,180,48,0,22,1,87,1755
PRT-2002,11,12,79,9,5143,181,48,0,22,1,87,1748
PRT-2003,11,12,77,11,5092,198,48,0,22,1,87,1742
PRT-2007,9,11,72,13,5091,299,48,0,22,1,87,1754
PRT-2008,9,11,71,14,5116,319,48,0,22,2,87,1742
PRT-2009,9,11,70,14,4968,316,48,0,22,1,86,1743
PRT-2010,9,11,68,15,4897,299,48,0,22,1,79,1745
PRT-2011,8,10,65,17,4738,303,48,0,22,2,79,1724
PRT-2012,9,9,62,18,4545,326,48,0,22,2,79,1708
PRT-2013,9,9,60,19,4427,328,48,0,22,2,79,1717
PRT-2014,10,10,56,21,4498,337,52,0,16,2,79,1724
PRT-2015,9,10,54,22,4547,350,67,0,22,2,79,1731
PRT-2016,8,10,53,23,4604,373,48,0,22,2,79,1737
PRT-2017,9,10,52,24,4755,389,48,0,22,2,79,1727
PRT-2018,8,10,50,25,4866,419,48,0,22,22,79,1737
ROU-1990,10,9,29,28,16354,212,48,0,22,3,87,1753
ROU-1991,10,9,29,28,16354,212,48,0,22,3,87,1753
ROU-1992,13,9,29,28,16354,212,48,0,22,3,87,1753
ROU-1993,13,9,29,28,16354,212,48,0,22,3,87,1753
ROU-1994,14,9,29,28,16354,212,48,0,22,3,87,1753
ROU-1995,13,9,29,28,16354,212,48,0,22,3,87,1822
ROU-1996,13,9,29,28,16354,212,48,0,22,3,87,1861
ROU-1997,13,9,29,28,16354,212,48,0,22,3,87,1860
ROU-1998,13,9,29,28,16354,212,48,0,22,3,87,1859
ROU-1999,13,9,29,28,16354,212,48,0,22,3,87,1850
ROU-2000,13,10,29,28,16354,212,48,0,22,3,87,1853
ROU-2001,12,9,29,28,16354,212,48,0,22,3,87,1852
ROU-2002,14,9,29,28,16354,212,48,0,22,3,87,1867
ROU-2003,13,8,29,28,16354,28,48,0,22,3,87,1837
ROU-2004,12,9,29,28,16354,53,48,0,22,3,87,1886
ROU-2005,12,10,29,28,16354,41,48,0,22,3,87,1877
ROU-2006,12,10,29,28,16354,46,48,0,22,3,87,1836
ROU-2007,11,11,29,28,16354,47,48,0,22,3,87,1839
ROU-2008,11,13,29,28,16354,58,48,0,22,3,87,1835
ROU-2009,12,11,29,28,16354,67,48,0,22,3,87,1815
ROU-2010,12,10,29,28,16354,72,48,0,22,3,87,1840
ROU-2011,11,9,29,28,16354,77,48,0,22,3,87,1849
ROU-2012,12,9,29,28,16354,76,48,0,22,3,87,1811
ROU-2013,11,9,29,28,16354,78,48,0,22,3,87,1806
ROU-2014,10,9,29,28,16354,80,48,0,22,3,87,1792
ROU-2015,10,9,29,28,16354,87,48,0,22,3,87,1785
ROU-2016,9,9,29,28,16354,98,48,0,22,3,87,1809
ROU-2017,9,10,29,28,16354,108,48,0,22,3,87,1785
ROU-2018,9,11,29,28,16354,119,48,0,22,3,87,1787
ROU-2019,8,11,29,28,16354,127,48,0,22,3,87,1803
RUS-1990,29,16,29,28,16354,212,48,0,22,3,87,1753
RUS-1991,29,16,29,28,16354,212,48,0,30,3,87,1753
RUS-1992,33,18,29,28,16354,212,48,0,22,3,87,1933
RUS-1993,41,21,29,28,16354,212,48,0,22,3,87,1939
RUS-1994,45,23,29,28,16354,212,48,0,22,3,87,1895
RUS-1995,44,21,29,28,16354,212,48,0,22,3,87,1891
RUS-1996,41,19,29,28,16354,212,48,0,22,3,87,1894
RUS-1997,39,17,29,28,16354,212,48,0,22,3,87,1951
RUS-1998,37,16,29,28,16354,212,48,0,33,3,87,1946
RUS-1999,40,17,29,28,62944,212,48,0,22,3,87,1964
RUS-2000,40,18,29,28,65070,212,48,0,34,3,87,1982
RUS-2001,40,19,29,28,65123,212,48,0,35,3,87,1980
RUS-2002,38,19,29,28,66658,212,48,0,22,3,87,1982
RUS-2003,36,19,29,28,66432,212,48,0,22,3,87,1993
RUS-2004,34,19,29,28,67274,212,48,0,35,3,87,1993
RUS-2005,31,9,29,28,68168,212,47,0,22,3,87,1989
RUS-2006,29,9,29,28,68855,212,48,0,22,3,85,1998
RUS-2007,28,9,29,28,70570,212,48,0,22,3,85,1999
RUS-2008,26,18,29,28,70965,212,48,0,22,3,85,1997
RUS-2009,25,16,29,28,69302,212,48,0,39,3,87,1974
RUS-2010,22,15,7,50,69933,212,48,0,22,3,86,1976
RUS-2011,21,15,7,50,70856,212,48,0,22,3,86,1979
RUS-2012,20,14,7,50,71545,212,48,0,22,3,86,1982
RUS-2013,19,14,6,51,71391,212,48,0,22,3,86,1980
RUS-2014,18,14,6,51,71539,212,48,0,22,3,86,1985
RUS-2015,17,13,6,52,72323,212,48,0,22,3,86,1978
RUS-2019,11,10,29,28,71933,212,48,0,25,3,86,1965
SVK-1992,17,12,29,28,16354,212,48,0,22,3,87,1753
SVK-1993,15,12,29,28,16354,212,48,0,22,3,87,1753
SVK-1994,14,10,29,28,2110,212,48,0,22,3,87,1753
SVK-1995,15,10,29,28,2146,212,48,0,22,0,87,1853
SVK-1996,13,10,29,28,2224,212,48,0,22,0,87,1820
SVK-1997,13,10,21,10,2205,20,48,0,22,0,87,1830
SVK-1998,13,10,19,10,2198,21,48,0,22,0,87,1822
SVK-1999,14,10,17,10,2131,27,48,0,22,1,87,1816
SVK-2000,14,11,16,10,2101,28,48,0,22,0,87,1816
SVK-2001,13,10,14,10,2121,31,48,0,22,0,87,1801
SVK-2002,14,10,14,11,2123,35,48,0,22,0,87,1754
SVK-2003,14,9,13,11,2161,40,47,0,22,1,87,1698
SVK-2004,12,10,13,12,2167,90,50,0,22,1,87,1742
SVK-2005,12,11,12,14,2215,106,51,0,22,1,87,1769
SVK-2008,11,11,10,14,2433,147,51,0,22,1,87,1793
SVK-2009,11,10,9,15,2366,169,50,0,19,1,87,1780
SVK-2010,11,10,9,17,2317,198,48,0,22,1,85,1805
SVK-2012,10,10,8,19,2329,204,48,0,22,1,85,1789
SVK-2013,11,9,8,19,2329,194,48,0,22,1,93,1772
SVK-2014,10,10,9,20,2363,139,54,0,22,1,85,1760
SVK-2016,6,9,8,22,2492,140,48,0,22,1,93,1740
SVK-2017,6,9,8,23,2530,139,48,0,22,1,85,1713
SVK-2018,7,10,8,24,2566,140,48,0,22,17,85,1703
SVK-2019,6,10,8,25,2583,149,57,0,21,17,85,1692
SVN-1990,31,13,29,28,16354,212,48,0,22,3,87,1753
SVN-1991,35,13,29,28,16354,212,48,0,22,3,87,1753
SVN-1992,32,13,29,28,16354,212,48,0,22,3,87,1753
SVN-1993,33,14,29,28,16354,212,48,0,22,3,87,1753
SVN-1994,33,13,29,28,16354,212,48,0,22,3,87,1753
SVN-1995,29,13,29,28,16354,212,48,0,22,5,87,1755
SVN-1996,32,12,29,28,871,212,48,0,22,0,87,1727
SVN-1997,30,11,29,28,893,212,48,0,22,0,87,1715
SVN-1998,31,8,29,28,904,212,48,0,22,0,87,1728
SVN-1999,30,10,29,28,882,212,48,0,22,0,87,1730
SVN-2000,30,11,25,15,900,142,48,0,22,0,87,1710
SVN-2001,29,13,29,28,916,158,48,0,22,0,87,1695
SVN-2002,27,11,23,15,909,163,48,0,22,0,87,1720
SVN-2003,28,11,21,17,897,171,48,0,22,1,87,1723
SVN-2004,24,13,20,19,943,174,48,0,22,1,87,1736
SVN-2005,24,10,19,20,949,177,48,0,22,1,87,1696
SVN-2006,25,12,18,21,961,187,48,0,22,1,93,1667
SVN-2007,20,11,18,22,985,206,55,0,18,1,87,1654
SVN-2008,19,11,18,22,996,212,48,0,22,1,87,1673
SVN-2009,20,10,16,23,980,213,48,0,22,1,90,1679
SVN-2010,19,10,16,23,966,215,48,0,22,1,86,1680
SVN-2011,20,10,15,25,936,220,48,0,22,1,86,1663
SVN-2012,20,11,15,26,923,237,48,0,22,1,86,1644
SVN-2013,20,9,14,27,905,248,48,0,22,1,86,1662
SVN-2014,17,10,14,28,916,251,55,0,18,1,93,1681
SVN-2015,18,11,13,30,917,252,48,0,22,1,86,1687
SVN-2016,16,10,12,30,915,258,48,0,22,1,93,1652
SVN-2017,18,10,12,34,959,272,48,0,22,1,86,1621
SVN-2018,15,10,11,32,980,285,48,0,22,21,93,1599
SVN-2019,17,11,11,33,982,302,56,0,17,21,93,1601
SVN-2020,15,9,9,35,978,320,48,0,22,3,93,1533
SWE-1990,17,6,29,28,4485,108,48,0,25,1,87,1420
SWE-1991,17,6,30,25,4396,117,48,0,25,1,87,1408
SWE-1992,15,6,29,25,4209,70,48,0,25,1,87,1424
SWE-1993,16,6,29,28,3964,68,48,0,23,2,87,1440
SWE-1994,15,6,26,27,3928,69,48,0,22,2,87,1474
SWE-1995,15,6,25,28,3986,75,48,0,22,2,87,1481
SWE-1996,14,6,29,28,3963,76,48,0,22,2,87,1492
SWE-1997,13,5,24,27,3922,85,48,0,19,2,87,1497
SWE-1998,14,5,23,28,3979,90,40,0,19,2,87,1496
SWE-1999,13,6,23,28,4068,97,40,0,19,2,87,1504
SWE-2000,12,6,22,30,4159,111,42,0,18,2,87,1485
SWE-2001,13,6,19,31,4318,149,42,0,18,2,87,1464
SWE-2002,13,6,18,32,4323,159,44,0,17,2,87,1443
SWE-2003,12,6,17,33,4314,156,43,0,17,2,87,1431
SWE-2004,12,6,17,34,4290,166,42,0,15,2,87,1452
SWE-2005,13,6,16,29,4336,172,44,0,15,2,87,1451
SWE-2006,13,6,15,30,4429,183,43,0,15,2,94,1450
SWE-2007,12,7,15,31,4540,194,44,0,13,2,90,1461
SWE-2008,12,7,15,32,4593,205,44,0,14,3,91,1471
SWE-2009,13,7,14,33,4499,207,45,0,14,3,88,1457
SWE-2010,12,7,13,33,4523,206,46,0,13,3,93,1483
SWE-2011,11,7,13,35,4625,236,46,0,13,3,93,1483
SWE-2012,11,7,12,35,4657,252,47,0,12,3,93,1471
SWE-2013,12,7,11,37,4704,258,46,0,10,3,93,1462
SWE-2014,11,7,18,38,4772,264,46,0,11,3,93,1464
SWE-2015,12,7,18,39,4836,273,48,0,11,3,93,1465
SWE-2016,11,7,17,41,4909,274,48,0,10,3,93,1478
SWE-2017,11,7,17,41,5021,271,48,0,10,3,93,1466
SWE-2018,12,7,16,43,5097,280,49,0,10,25,93,1466
TUR-2009,2,1,68,12,21270,59,48,0,22,13,75,1881
TUR-2010,2,1,68,13,22592,69,49,0,25,12,74,1877
TUR-2011,1,1,67,14,24098,69,55,0,22,11,74,1864
TUR-2012,2,1,66,15,24819,69,52,0,23,12,74,1855
TUR-2013,2,1,65,15,25518,75,48,0,22,11,74,1832
TUR-2014,2,1,64,16,25929,82,53,0,27,11,74,1829
TUR-2015,2,1,63,18,26616,83,48,0,22,11,74,1810
TUR-2016,2,1,61,19,27214,88,53,0,26,12,74,1789
TUR-2019,4,1,58,22,28078,99,56,0,28,12,74,1732
USA-1990,13,9,16,23,118793,555,48,0,25,7,87,1832
USA-1991,13,8,16,23,117718,583,55,0,22,8,87,1823
USA-1992,12,8,16,30,118492,607,48,0,22,8,87,1822
USA-1993,12,8,15,31,120259,629,48,0,20,8,87,1828
USA-1994,12,8,14,32,123065,639,48,0,21,8,87,1839
USA-1995,12,8,14,33,124899,661,48,0,20,8,87,1839
USA-1996,12,8,14,33,126707,783,48,0,22,8,87,1840
USA-1997,12,8,14,34,129557,718,55,0,20,9,87,1843
USA-1998,11,8,13,34,131463,765,56,0,19,8,87,1842
USA-1999,11,8,13,35,133487,808,57,0,19,9,87,1838
USA-2000,11,8,12,36,136890,861,64,0,19,9,87,1832
USA-2001,11,8,12,37,136933,911,59,0,18,9,87,1810
USA-2002,11,8,12,38,136485,991,65,0,18,9,87,1805
USA-2003,11,8,12,38,137735,1071,59,0,17,10,87,1796
USA-2004,11,8,12,39,139251,1124,66,0,17,10,87,1798
USA-2005,11,8,12,39,141729,1189,60,0,16,10,87,1794
USA-2006,11,8,12,39,144427,1243,67,0,16,10,95,1796
USA-2007,11,8,12,40,146046,1306,62,0,15,10,87,1795
USA-2008,12,8,11,41,145362,1316,67,0,16,10,94,1786
USA-2009,12,8,11,41,139877,1336,63,0,16,10,90,1760
USA-2010,12,8,11,41,139063,1367,68,0,15,11,95,1771
USA-2011,13,8,10,42,139869,1398,63,0,14,11,95,1778
USA-2012,13,8,10,43,142469,1446,68,0,14,11,95,1782
USA-2013,13,8,10,43,143929,1454,63,0,13,11,95,1780
USA-2014,13,8,10,44,146305,525,70,0,12,11,95,1782
USA-2015,14,8,10,44,148833,539,64,0,11,12,95,1783
USA-2016,14,8,9,45,151435,562,71,0,11,12,95,1778
USA-2017,14,8,9,46,153337,581,65,0,10,12,95,1777
USA-2018,15,8,9,47,155761,602,66,0,10,12,95,1781
USA-2019,14,9,9,48,157538,627,73,0,10,18,95,1777
USA-2020,14,9,8,50,147794,608,67,0,9,3,95,1767
ZAF-1996,0,9,29,28,16354,212,48,0,22,3,87,1753
ZAF-1997,0,9,29,28,16354,212,48,0,22,3,87,1753
ZAF-1998,0,8,29,28,16354,212,48,0,22,3,87,1753
ZAF-1999,0,8,29,28,16354,212,48,0,22,3,87,1753
ZAF-2000,0,7,29,28,16354,34,48,0,22,3,87,1753
ZAF-2001,0,7,29,28,16354,35,48,0,22,3,87,1753
ZAF-2002,0,7,29,28,16354,35,48,0,22,3,87,1753
ZAF-2003,0,7,29,28,16354,32,48,0,22,3,87,1753
ZAF-2004,1,7,29,28,16354,32,48,0,22,3,87,1753
ZAF-2005,1,7,29,28,16354,32,48,0,21,3,87,1753
ZAF-2006,1,7,29,28,16354,31,48,0,22,3,89,1753
ZAF-2007,1,7,29,28,16354,31,48,0,22,3,78,1753
ZAF-2008,1,7,29,28,16354,31,48,0,22,3,80,1753
ZAF-2009,0,7,29,28,16354,30,48,0,22,3,87,1753
ZAF-2010,1,7,57,6,16354,29,48,0,21,3,82,1753
ZAF-2011,0,7,56,7,16354,29,48,0,22,3,82,1753
ZAF-2012,1,7,58,9,16354,29,48,0,22,3,82,1753
ZAF-2013,1,7,60,12,16354,29,48,0,22,3,82,1753
ZAF-2014,1,7,59,12,16354,29,48,0,22,3,82,1753
ZAF-2015,1,7,59,13,16354,29,48,0,20,3,82,1753
ZAF-2016,0,7,58,13,16354,29,48,0,22,3,82,1753
ZAF-2017,0,7,55,15,16354,28,48,0,22,3,82,1753
ZAF-2018,0,7,55,15,16354,28,48,0,20,3,82,1753
