LocationTime,LOCATION,TIME,Edu_val_BUPPSRY,Edu_val_TRY,Edu_val_TRY_MEN,Edu_val_TRY_WOMEN,Edu_val_UPPSRY,Edu_val_UPPSRY_MEN,Edu_val_UPPSRY_WOMEN
ARG-2004,ARG,2004,51.205463,16.711861,14.196757,18.869257,32.082676,32.233356,31.980049
ARG-2005,ARG,2005,50.157974,17.471054,15.078322,19.570387,32.370968,32.341084,32.41021
ARG-2006,ARG,2006,48.472809,17.830963,14.619519,20.699968,33.696232,34.435829,33.035492
ARG-2008,ARG,2008,45.804825,18.973812,15.806544,21.795214,35.221363,35.603531,34.880924
ARG-2009,ARG,2009,44.794254,19.518599,15.809969,22.821455,35.687149,36.653378,34.826637
ARG-2010,ARG,2010,43.36871,20.111586,16.454426,23.414555,36.519707,37.50124,35.633228
ARG-2011,ARG,2011,42.753086,20.237337,16.613182,23.598551,37.009579,37.817463,36.260303
ARG-2012,ARG,2012,41.416412,20.556126,16.450985,24.307671,38.027462,39.247372,36.912628
ARG-2013,ARG,2013,40.635166,21.056189,17.356251,24.394377,38.308643,39.495987,37.237389
ARG-2014,ARG,2014,41.248135,20.534544,16.575907,24.082304,38.217319,39.36797,37.1861
ARG-2017,ARG,2017,38.528397,21.406713,17.488495,24.951094,40.064892,40.205906,39.937328
ARG-2018,ARG,2018,36.971165,21.924601,18.074459,25.382948,41.104233,41.380878,40.85574
ARG-2019,ARG,2019,35.771305,22.811752,18.822496,26.465517,41.416943,41.982956,40.898529
ARG-2020,ARG,2020,37.158802,22.400209,17.788971,26.532795,40.44099,40.910633,40.020096
AUS-1991,AUS,1991,44.127056,31.15881,26.691803,35.655266,24.714134,36.52914,12.821236
AUS-1993,AUS,1993,47.159046,22.469191,23.508869,21.418512,30.371763,39.44511,21.20241
AUS-1994,AUS,1994,49.802025,23.072365,24.40707,21.740088,27.12561,35.719109,18.547768
AUS-1995,AUS,1995,44.935852,24.315445,25.825409,22.807888,30.748701,38.590477,22.919441
AUS-1997,AUS,1997,46.695274,24.30127,23.803526,24.797144,29.003454,36.424648,21.61014
AUS-1998,AUS,1998,43.955959,25.420708,24.421713,26.414537,30.623333,38.964981,22.324818
AUS-1999,AUS,1999,42.610085,26.693399,25.668303,27.711052,30.696516,38.878944,22.573496
AUS-2000,AUS,2000,41.212311,27.475746,26.104818,28.838318,31.311945,39.636139,23.038479
AUS-2001,AUS,2001,41.076141,28.977322,27.158642,30.789335,29.946537,38.641632,21.283302
AUS-2002,AUS,2002,39.050316,30.759785,29.45257,32.061394,30.189898,37.945316,22.467733
AUS-2003,AUS,2003,37.519817,31.314152,29.933653,32.682934,31.166031,38.530304,23.864265
AUS-2004,AUS,2004,35.879036,30.82308,29.046274,32.562542,33.297886,40.685963,26.065086
AUS-2005,AUS,2005,34.967968,31.691153,30.226416,33.12809,33.340881,39.643417,27.157965
AUS-2006,AUS,2006,33.289845,33.022213,30.650082,35.344658,33.687943,40.302822,27.211617
AUS-2007,AUS,2007,31.816732,33.73671,31.389452,36.054111,34.44656,40.850765,28.12381
AUS-2008,AUS,2008,30.064018,36.149986,33.012062,39.232346,33.785992,40.196865,27.488646
AUS-2009,AUS,2009,28.972523,36.881355,33.912621,39.784927,34.146122,39.860394,28.55728
AUS-2010,AUS,2010,26.792744,37.604309,34.390091,40.772198,35.602947,41.213478,30.073294
AUS-2011,AUS,2011,25.922543,38.342072,34.573837,42.043972,35.735386,40.957253,30.60544
AUS-2012,AUS,2012,23.563389,41.282364,37.532192,44.97641,35.154247,40.394192,29.992727
AUS-2013,AUS,2013,24.28443,39.539928,35.101803,43.913063,36.17564,41.56715,30.863087
AUS-2014,AUS,2014,22.895836,41.901855,38.390442,45.340527,35.202309,40.178089,30.329605
AUS-2015,AUS,2015,20.980896,42.888756,38.441013,47.239651,36.130348,41.919979,30.466787
AUS-2016,AUS,2016,20.067352,43.7439,39.76762,47.630001,36.188747,40.824184,31.658438
AUS-2017,AUS,2017,19.012659,45.355675,40.425915,50.127247,35.631668,41.172245,30.268877
AUS-2018,AUS,2018,18.108641,45.727478,40.441612,50.837093,36.163879,41.90353,30.615618
AUS-2019,AUS,2019,17.132658,47.129978,42.475243,51.648521,35.737366,40.558659,31.057135
AUS-2020,AUS,2020,16.244976,49.337452,44.057648,54.412212,34.417572,39.753174,29.289186
AUT-2004,AUT,2004,23.66626,24.783438,28.642731,20.959906,51.550304,54.158627,48.966152
AUT-2005,AUT,2005,23.055067,24.639351,27.894495,21.409132,52.305584,55.829376,48.808769
AUT-2006,AUT,2006,19.871609,25.356432,28.601042,22.137461,54.771961,57.74194,51.825451
AUT-2007,AUT,2007,20.062889,25.092672,28.065239,22.145061,54.844437,58.094372,51.621788
AUT-2008,AUT,2008,19.120087,26.191858,28.911415,23.499393,54.688057,57.617115,51.788177
AUT-2009,AUT,2009,18.354979,26.895824,29.133034,24.682976,54.749195,58.11142,51.423588
AUT-2010,AUT,2010,17.647495,27.743721,29.628262,25.881966,54.608784,57.820152,51.436245
AUT-2011,AUT,2011,17.636829,27.956152,29.97986,25.959198,54.407017,57.245796,51.605766
AUT-2012,AUT,2012,17.08353,28.739943,30.735928,26.770844,54.176529,56.999569,51.391518
AUT-2013,AUT,2013,17.028002,29.738844,31.345707,28.151951,53.233154,56.057396,50.444016
AUT-2014,AUT,2014,16.143999,29.904896,31.201277,28.621651,53.951103,56.800148,51.130924
AUT-2015,AUT,2015,15.351305,30.550726,31.968834,29.142385,54.097969,56.698669,51.515179
AUT-2016,AUT,2016,15.471591,31.383963,32.170181,30.600239,53.144444,56.066723,50.231434
AUT-2017,AUT,2017,15.037577,32.39439,32.91766,31.872847,52.568035,55.365974,49.77932
AUT-2018,AUT,2018,14.702526,32.711426,33.656857,31.769451,52.586048,55.005234,50.175697
AUT-2019,AUT,2019,14.435863,33.773777,34.190922,33.357452,51.790359,54.225082,49.360409
AUT-2020,AUT,2020,14.341329,34.205894,34.398293,34.013531,51.452774,53.847668,49.058273
BEL-1991,BEL,1991,56.83075,19.620007,20.618198,18.616419,23.549244,24.827625,22.263952
BEL-1992,BEL,1992,54.736912,20.226023,20.738079,19.710215,25.037067,26.224817,23.840614
BEL-1994,BEL,1994,50.637184,22.345255,22.280848,22.410318,27.017561,28.522648,25.497152
BEL-1995,BEL,1995,46.545418,24.604177,24.476532,24.733135,28.850407,29.873228,27.817055
BEL-2000,BEL,2000,41.47678,27.084993,26.565285,27.610184,31.438227,32.141563,30.72747
BEL-2001,BEL,2001,40.536442,27.626753,27.138931,28.119604,31.836805,32.879974,30.782875
BEL-2002,BEL,2002,39.196617,28.134819,27.368948,28.908737,32.668564,33.592075,31.735352
BEL-2003,BEL,2003,37.952141,29.031809,28.251083,29.820688,33.016048,33.779175,32.244953
BEL-2004,BEL,2004,35.708241,30.40086,29.457916,31.359032,33.8909,35.20274,32.557869
BEL-2005,BEL,2005,33.903755,31.045088,29.889402,32.211079,35.051159,36.364876,33.725727
BEL-2006,BEL,2006,33.057926,31.754845,30.530073,32.99017,35.187229,36.351009,34.013424
BEL-2007,BEL,2007,32.046577,32.094864,30.484745,33.718624,35.858559,37.612984,34.089268
BEL-2008,BEL,2008,30.423817,32.310043,30.659477,33.974564,37.26614,38.871017,35.647694
BEL-2009,BEL,2009,29.427107,33.397053,31.480886,35.328266,37.175842,38.936413,35.401447
BEL-2010,BEL,2010,29.500488,34.989502,33.003326,36.989594,35.51001,36.970116,34.039673
BEL-2011,BEL,2011,28.733294,34.612984,32.419769,36.821182,36.653725,38.225685,35.071022
BEL-2012,BEL,2012,28.356371,35.316551,32.722958,37.926952,36.32708,38.017979,34.625221
BEL-2013,BEL,2013,27.241648,35.535332,32.801338,38.285236,37.223022,38.914539,35.52166
BEL-2014,BEL,2014,26.44935,36.855022,33.864967,39.860054,36.695625,38.559349,34.822571
BEL-2015,BEL,2015,25.322903,36.857422,33.639149,40.091373,37.819675,39.955494,35.67345
BEL-2016,BEL,2016,24.905834,37.503956,34.192955,40.828674,37.59021,40.122162,35.047768
BEL-2017,BEL,2017,23.202787,40.257053,36.858852,43.657627,36.540157,39.073261,34.005287
BEL-2018,BEL,2018,21.773218,40.638546,36.94939,44.334103,37.588238,40.415058,34.756508
BEL-2019,BEL,2019,21.313864,40.67009,36.542046,44.806469,38.016045,40.611317,35.415535
BEL-2020,BEL,2020,20.218918,42.442284,37.938366,46.957001,37.338799,40.329418,34.341011
BRA-2007,BRA,2007,63.191654,9.6238279,8.6794672,10.483443,27.184517,25.947464,28.31056
BRA-2008,BRA,2008,61.161831,10.795494,9.4541426,12.012922,28.042675,27.154696,28.848614
BRA-2009,BRA,2009,59.32708,10.863071,9.7053852,11.914505,29.809849,28.805014,30.72246
BRA-2011,BRA,2011,56.729549,11.614742,10.218488,12.884999,31.655708,30.386244,32.810619
BRA-2012,BRA,2012,54.996342,12.993286,11.10502,14.725452,32.010372,31.220385,32.735054
BRA-2013,BRA,2013,53.588863,13.746482,11.730762,15.589705,32.664654,31.578886,33.657509
BRA-2014,BRA,2014,52.637005,14.321353,12.018951,16.425022,33.041641,32.136848,33.868336
BRA-2015,BRA,2015,51.127499,14.794608,12.590186,16.803698,34.077896,33.163525,34.91124
BRA-2016,BRA,2016,48.828545,16.858622,14.591012,18.992186,34.312836,33.715424,34.874931
BRA-2017,BRA,2017,48.041367,17.146753,14.740969,19.411106,34.811878,34.118748,35.464264
BRA-2018,BRA,2018,46.323441,18.355165,15.672506,20.881422,35.321396,34.832047,35.782215
BRA-2019,BRA,2019,45.144974,18.71954,15.987973,21.294151,36.135487,35.456421,36.775532
BRA-2020,BRA,2020,42.072502,20.057917,17.080574,22.867119,37.869579,37.534744,38.185505
CAN-1990,CAN,1990,31.034004,28.036085,27.811804,28.259064,40.929909,41.035633,40.824799
CAN-1991,CAN,1991,29.99659,28.271395,28.125427,28.416191,41.732014,41.804737,41.659874
CAN-1992,CAN,1992,28.664516,29.020555,28.792778,29.247053,42.314926,42.239288,42.390141
CAN-1993,CAN,1993,26.689636,30.386959,29.997339,30.773291,42.923405,43.039658,42.808128
CAN-1994,CAN,1994,26.150627,33.485878,32.238571,34.7215,40.363495,41.106148,39.627796
CAN-1995,CAN,1995,24.862947,34.537247,33.043705,36.014885,40.599808,41.758526,39.453426
CAN-1996,CAN,1996,23.648046,35.634304,33.806599,37.443039,40.717648,41.87772,39.569622
CAN-1997,CAN,1997,22.245962,37.415951,35.493244,39.31966,40.338089,41.972969,38.71936
CAN-1998,CAN,1998,21.320238,38.258327,36.441948,40.059422,40.421432,41.935081,38.920525
CAN-1999,CAN,1999,20.417206,39.376038,37.285202,41.448174,40.206757,41.797504,38.630238
CAN-2000,CAN,2000,19.332481,40.105782,37.658691,42.533607,40.561737,42.431641,38.706551
CAN-2001,CAN,2001,18.011751,41.881519,39.407799,44.336918,40.106728,42.103996,38.124252
CAN-2002,CAN,2002,17.321903,42.873188,40.14711,45.580956,39.804909,41.867363,37.756306
CAN-2003,CAN,2003,16.267523,44.123833,41.52314,46.709377,39.608646,41.499706,37.728596
CAN-2004,CAN,2004,15.686501,44.548969,41.322983,47.751583,39.76453,42.226597,37.320297
CAN-2005,CAN,2005,14.816504,45.976749,42.553192,49.375427,39.206749,41.718143,36.713604
CAN-2006,CAN,2006,14.457152,46.881516,43.235294,50.499496,38.661331,41.572399,35.772816
CAN-2007,CAN,2007,13.494848,48.181564,44.127518,52.201885,38.323586,41.342281,35.330006
CAN-2008,CAN,2008,13.003522,48.706802,44.45549,52.928272,38.289677,41.263531,35.336697
CAN-2009,CAN,2009,12.468069,49.290722,44.847889,53.706112,38.241207,41.46767,35.034676
CAN-2010,CAN,2010,11.736887,50.311695,45.417297,55.174629,37.95142,41.546257,34.379688
CAN-2011,CAN,2011,11.368477,51.033012,45.958946,56.068321,37.598511,41.415436,33.810738
CAN-2012,CAN,2012,11.035321,52.305416,46.772137,57.794395,36.659264,40.879166,32.473141
CAN-2013,CAN,2013,10.45779,52.971439,47.163643,58.730656,36.57077,40.995361,32.183186
CAN-2014,CAN,2014,10.011459,53.61496,48.053173,59.124844,36.373581,40.611263,32.175446
CAN-2015,CAN,2015,9.5978909,55.17366,49.226135,61.063675,35.228447,40.012466,30.49069
CAN-2016,CAN,2016,9.3911886,56.265068,50.077358,62.385227,34.343746,39.174831,29.565395
CAN-2017,CAN,2017,8.8729382,56.71452,50.368702,62.985828,34.412544,39.287178,29.595142
CAN-2018,CAN,2018,8.3779144,57.888363,51.314053,64.394012,33.733723,38.883816,28.637413
CAN-2019,CAN,2019,8.1420355,59.374844,53.165829,65.525139,32.48312,37.356785,27.65555
CAN-2020,CAN,2020,7.5580816,59.961113,53.422737,66.451424,32.480804,37.700161,27.299822
CHE-1991,CHE,1991,19.285833,20.290298,29.012476,11.43975,60.42387,57.743782,63.143402
CHE-1992,CHE,1992,19.194889,20.960182,30.206348,11.668301,59.844929,56.761959,62.943142
CHE-1994,CHE,1994,17.797632,21.428631,31.766394,11.111587,60.773739,57.053028,64.486992
CHE-1995,CHE,1995,17.792086,21.11282,31.392508,10.856908,61.095093,57.27594,64.905418
CHE-1997,CHE,1997,16.444286,22.192898,31.715725,12.634748,61.362816,57.669823,65.069504
CHE-1998,CHE,1998,16.277399,22.92836,33.059189,12.829616,60.794239,55.990147,65.583122
CHE-1999,CHE,1999,16.122025,23.607292,33.624428,13.608197,60.270683,54.801369,65.730148
CHE-2000,CHE,2000,16.120359,24.177282,33.931194,14.438147,59.702358,54.117119,65.279137
CHE-2001,CHE,2001,15.138646,25.401983,35.070282,15.762383,59.45937,54.474037,64.429909
CHE-2002,CHE,2002,15.060054,25.385767,34.223694,16.560152,59.55418,54.815159,64.286598
CHE-2003,CHE,2003,15.401092,26.875856,35.763031,17.996794,57.723049,53.283882,62.158169
CHE-2004,CHE,2004,14.979352,28.088779,37.215832,18.973225,56.93187,52.193871,61.663898
CHE-2005,CHE,2005,14.753095,28.763943,37.458458,20.074846,56.482964,52.046669,60.916492
CHE-2006,CHE,2006,14.6002,29.851349,38.503948,21.204809,55.54845,51.019321,60.074409
CHE-2007,CHE,2007,14.042429,31.327906,39.467419,23.185186,54.629665,50.122227,59.138882
CHE-2008,CHE,2008,13.19206,33.652287,41.566307,25.715227,53.155655,48.812756,57.511192
CHE-2009,CHE,2009,13.083202,35.020153,42.763367,27.210806,51.896645,47.681431,56.147861
CHE-2010,CHE,2010,14.966761,33.881504,40.156902,27.546822,51.151737,48.062408,54.270248
CHE-2011,CHE,2011,15.176706,34.000179,39.874985,28.06905,50.823112,47.932545,53.741398
CHE-2012,CHE,2012,14.334973,35.291126,41.201698,29.316168,50.373901,47.09425,53.689278
CHE-2013,CHE,2013,13.589899,37.407192,43.047722,31.693689,49.002911,45.523087,52.527752
CHE-2014,CHE,2014,12.776213,38.428497,43.59951,33.176338,48.795288,45.272144,52.373722
CHE-2015,CHE,2015,12.704829,39.782719,44.213116,35.279415,47.512451,44.510803,50.563492
CHE-2016,CHE,2016,12.564119,41.235474,45.940552,36.458977,46.200405,43.065212,49.38319
CHE-2017,CHE,2017,12.191644,42.594601,47.220692,37.898529,45.213757,42.019848,48.455978
CHE-2018,CHE,2018,11.598805,43.744415,47.688629,39.743084,44.65678,41.725693,47.630314
CHE-2019,CHE,2019,10.993076,44.412537,48.08326,40.68224,44.594387,41.826633,47.407063
CHE-2020,CHE,2020,10.719828,45.277538,48.337212,42.166286,44.002632,41.873482,46.167675
CHL-2009,CHL,2009,43.493385,17.120726,17.109118,17.131065,39.385891,40.322689,38.55164
CHL-2011,CHL,2011,42.320229,17.813892,17.908915,17.731251,39.865879,40.357674,39.438148
CHL-2013,CHL,2013,38.585766,21.089819,21.040022,21.132866,40.324417,40.646984,40.045582
CHL-2015,CHL,2015,35.133507,22.475199,22.454159,22.493267,42.391296,42.627129,42.188766
CHL-2017,CHL,2017,32.552322,25.168179,24.638247,25.628315,42.279499,42.694862,41.918842
CHL-2020,CHL,2020,28.026119,31.439775,30.872883,31.890432,40.534103,40.736172,40.37347
CHN-2010,CHN,2010,75.53817,9.6811743,10.760453,8.5629225,14.780653,16.555506,12.94171
CHN-2020,CHN,2020,63.374126,18.535316,18.392155,18.684566,18.090559,19.845053,16.261459
COL-2014,COL,2014,48.033009,22.356598,20.628479,23.951704,29.610394,30.114704,29.144901
COL-2015,COL,2015,49.589104,21.562889,19.608345,23.391415,28.848007,29.26355,28.459257
COL-2016,COL,2016,47.523586,22.247128,20.174047,24.191235,30.229284,30.480776,29.993441
COL-2017,COL,2017,46.221489,22.491623,20.590368,24.279985,31.28689,31.22529,31.34483
COL-2018,COL,2018,44.813713,23.391361,21.082104,25.569864,31.794924,31.868658,31.725365
COL-2019,COL,2019,43.28978,23.819326,21.42478,26.081968,32.890892,32.806915,32.970245
COL-2020,COL,2020,41.220875,24.594643,21.952885,27.101116,34.184483,34.406151,33.974163
CRI-1990,CRI,1990,74.924744,11.914576,12.269634,11.583088,13.160681,13.107031,13.210769
CRI-1991,CRI,1991,76.039444,10.755275,11.634244,9.9588661,13.205277,12.592581,13.760425
CRI-1992,CRI,1992,73.690758,12.237103,12.926917,11.607765,14.072138,13.198773,14.868933
CRI-1993,CRI,1993,72.007347,13.005966,13.522913,12.533188,14.986683,14.114887,15.783994
CRI-1994,CRI,1994,71.285805,13.521868,14.584819,12.538079,15.192326,14.136812,16.16923
CRI-1995,CRI,1995,70.217255,14.495959,15.417627,13.643369,15.286785,14.537606,15.979815
CRI-1996,CRI,1996,70.934433,13.424905,14.012602,12.881759,15.640663,14.804386,16.413544
CRI-1997,CRI,1997,69.637726,14.833283,15.681939,14.044616,15.528994,14.762358,16.24144
CRI-1998,CRI,1998,68.202065,17.31354,17.892851,16.776888,14.484394,14.496833,14.472871
CRI-1999,CRI,1999,67.841637,17.035275,17.744062,16.384277,15.12309,14.155753,16.011551
CRI-2000,CRI,2000,69.6353,16.448679,16.567589,16.3312,13.91602,12.902006,14.917838
CRI-2001,CRI,2001,68.293747,17.826429,18.053553,17.608408,13.879825,13.127774,14.601736
CRI-2002,CRI,2002,67.236092,18.362774,18.769146,17.969522,14.401133,13.001636,15.755439
CRI-2003,CRI,2003,65.91481,19.18364,19.645773,18.733418,14.901548,13.659283,16.111792
CRI-2004,CRI,2004,65.916557,19.812418,20.321369,19.316385,14.271029,13.091818,15.420306
CRI-2005,CRI,2005,64.873169,20.842731,21.111923,20.576881,14.284099,13.256257,15.299187
CRI-2006,CRI,2006,64.274269,21.029402,20.38575,21.664228,14.696331,13.830438,15.550348
CRI-2007,CRI,2007,62.960529,21.768053,21.524483,22.010872,15.271419,14.148153,16.391228
CRI-2008,CRI,2008,61.940212,22.312418,21.791302,22.817001,15.747368,14.330508,17.119276
CRI-2009,CRI,2009,61.093235,23.416771,22.682451,24.131628,15.489995,14.914705,16.050037
CRI-2010,CRI,2010,63.147984,20.980572,20.027973,21.925285,15.871445,14.677197,17.055805
CRI-2011,CRI,2011,62.58416,21.594719,20.980396,22.210791,15.821122,14.645591,17.000002
CRI-2012,CRI,2012,60.889778,23.244442,22.458946,24.033546,15.865781,15.808207,15.923619
CRI-2013,CRI,2013,59.697968,23.270735,21.710941,24.794907,17.031296,17.068398,16.995043
CRI-2014,CRI,2014,59.457653,23.535925,22.793673,24.262573,17.00642,16.662304,17.343304
CRI-2015,CRI,2015,60.632359,23.136086,22.159082,24.09667,16.231556,16.426344,16.040039
CRI-2016,CRI,2016,60.063385,22.998714,21.172318,24.779873,16.937899,17.125578,16.754868
CRI-2017,CRI,2017,60.489311,22.989092,21.779003,24.189367,16.521597,15.813051,17.224396
CRI-2018,CRI,2018,60.770302,22.601564,21.556192,23.628597,16.628136,16.384611,16.86739
CRI-2019,CRI,2019,57.304142,25.066828,23.850107,26.251854,17.629028,16.833916,18.403429
CRI-2020,CRI,2020,57.331299,25.112001,23.764633,26.449753,17.5567,17.112175,17.998053
CZE-1994,CZE,1994,17.259413,10.051514,12.340003,7.8054962,72.689072,77.483406,67.983719
CZE-1995,CZE,1995,16.634739,10.607792,13.079636,8.1785927,72.757469,77.062347,68.526855
CZE-1997,CZE,1997,15.044655,10.605698,12.869374,8.3710794,74.349648,78.025963,70.72052
CZE-1998,CZE,1998,14.660916,10.390572,12.322418,8.4804907,74.948509,78.348221,71.587105
CZE-1999,CZE,1999,13.955545,10.835668,12.623038,9.0652227,75.208786,78.478691,71.969849
CZE-2000,CZE,2000,14.05798,10.963162,12.656393,9.284236,74.978859,78.327995,71.658012
CZE-2001,CZE,2001,13.791635,11.131626,12.883037,9.393425,75.076736,77.847427,72.326942
CZE-2002,CZE,2002,12.072922,11.94141,13.769989,10.125204,75.985672,78.624252,73.364937
CZE-2003,CZE,2003,13.580705,12.005664,13.568788,10.454591,74.413628,77.455849,71.394867
CZE-2004,CZE,2004,10.923604,12.345678,13.931434,10.768107,76.730721,79.378143,74.096954
CZE-2005,CZE,2005,10.074598,13.058269,14.475264,11.645926,76.867134,79.127762,74.61393
CZE-2006,CZE,2006,9.7202902,13.522043,14.761487,12.281507,76.757668,78.976227,74.537148
CZE-2007,CZE,2007,9.4652252,13.732669,14.830605,12.63084,76.802109,79.039024,74.557251
CZE-2008,CZE,2008,9.096694,14.498895,15.249544,13.740888,76.404411,78.870338,73.914314
CZE-2009,CZE,2009,8.5971041,15.544437,16.176504,14.90211,75.858459,78.107689,73.572708
CZE-2010,CZE,2010,8.0573692,16.764982,17.254253,16.267406,75.17765,77.528778,72.786613
CZE-2011,CZE,2011,7.6677351,18.243177,18.417831,18.065575,74.089088,76.562912,71.573494
CZE-2012,CZE,2012,7.5491762,19.277992,19.016911,19.544611,73.172829,75.807465,70.482307
CZE-2013,CZE,2013,7.1797996,20.45986,19.962648,20.968353,72.360344,74.84005,69.824356
CZE-2014,CZE,2014,6.8099089,21.51013,20.672594,22.367245,71.679962,74.483772,68.810608
CZE-2015,CZE,2015,6.841207,22.186741,20.964939,23.440073,70.972054,74.027802,67.837448
CZE-2016,CZE,2016,6.5732007,22.971544,21.909687,24.062445,70.455254,73.080116,67.758606
CZE-2017,CZE,2017,6.2063141,23.927534,22.416576,25.483604,69.86615,72.735123,66.911522
CZE-2018,CZE,2018,6.1394086,24.262077,22.450584,26.133144,69.598511,72.602074,66.496178
CZE-2019,CZE,2019,6.2475748,24.212393,22.383299,26.108458,69.540031,72.427505,66.546837
CZE-2020,CZE,2020,5.9468889,24.853664,22.470652,27.334427,69.199448,72.291992,65.980049
DEU-1991,DEU,1991,18.18479,21.774984,28.126867,15.296329,60.040226,61.252739,58.803513
DEU-1992,DEU,1992,18.084284,21.395245,27.483477,15.162838,60.520473,61.12262,59.904064
DEU-1994,DEU,1994,15.993667,22.098492,27.87669,16.095867,61.907841,62.161583,61.644245
DEU-1995,DEU,1995,16.322004,22.59786,28.440056,16.574541,61.080135,61.152702,61.005322
DEU-1997,DEU,1997,16.763416,22.643158,28.167202,16.959478,60.593426,60.31665,60.878197
DEU-1998,DEU,1998,16.236273,23.000015,28.425337,17.424431,60.76371,60.154778,61.389507
DEU-1999,DEU,1999,18.763994,22.895208,28.095596,17.549835,58.340797,58.020054,58.670483
DEU-2000,DEU,2000,18.273834,23.498837,28.557259,18.325188,58.227329,57.705139,58.761414
DEU-2001,DEU,2001,17.3916,23.222008,28.138994,18.192644,59.386391,58.727386,60.060459
DEU-2002,DEU,2002,17.012363,23.427382,28.13942,18.611786,59.560257,58.94001,60.19413
DEU-2003,DEU,2003,16.622698,23.982014,28.498774,19.370392,59.395287,58.714012,60.09087
DEU-2004,DEU,2004,16.099459,24.931704,29.182915,20.601019,58.968838,58.315365,59.634529
DEU-2005,DEU,2005,16.892855,24.552816,28.803308,20.297405,58.554329,57.731133,59.378479
DEU-2006,DEU,2006,16.763083,23.947578,27.71159,20.147552,59.289337,58.771423,59.812206
DEU-2007,DEU,2007,15.584911,24.299988,27.834398,20.749664,60.115101,59.600647,60.631874
DEU-2008,DEU,2008,14.668834,25.400061,28.949875,21.83062,59.931107,59.202728,60.663509
DEU-2009,DEU,2009,14.520243,26.385326,29.675966,23.066357,59.094433,58.432209,59.762356
DEU-2010,DEU,2010,14.189683,26.609148,29.818239,23.37282,59.201168,58.465305,59.943279
DEU-2011,DEU,2011,13.74963,27.562323,30.199104,24.903835,58.688049,58.369835,59.008881
DEU-2012,DEU,2012,13.699094,28.121572,30.480848,25.742893,58.179337,58.036034,58.323814
DEU-2013,DEU,2013,13.679199,28.47327,30.58095,26.347219,57.84753,57.761517,57.934292
DEU-2014,DEU,2014,13.096583,27.057884,30.447104,23.663828,59.845531,58.296429,61.396847
DEU-2015,DEU,2015,13.208749,27.638235,30.822794,24.437277,59.153015,57.631794,60.682072
DEU-2016,DEU,2016,13.523512,28.291723,31.311701,25.228304,58.184765,56.559963,59.832939
DEU-2017,DEU,2017,13.478389,28.58337,31.383993,25.732599,57.93824,56.267902,59.638489
DEU-2018,DEU,2018,13.324821,29.065134,31.651323,26.440598,57.610046,56.017559,59.226143
DEU-2019,DEU,2019,13.27747,29.900126,32.452259,27.315199,56.822407,55.205658,58.459927
DEU-2020,DEU,2020,13.894735,31.255043,33.50206,28.971186,54.85022,53.128033,56.600643
DNK-1991,DNK,1991,38.506348,18.318893,18.249289,18.390015,43.174759,47.283806,38.976166
DNK-1992,DNK,1992,41.092419,19.203054,18.965202,19.446356,39.704525,44.419487,34.881546
DNK-1994,DNK,1994,40.017136,19.617189,19.241957,20.001463,40.365673,44.83593,35.787689
DNK-1995,DNK,1995,34.520378,21.589775,21.095289,22.09598,43.889847,48.418354,39.254013
DNK-1998,DNK,1998,21.488886,25.355267,24.246071,26.507191,53.155849,56.843605,49.326031
DNK-1999,DNK,1999,20.368582,26.50436,25.949448,27.086575,53.12706,56.671906,49.407791
DNK-2000,DNK,2000,20.218884,25.777601,24.432135,27.176115,54.003513,57.105824,50.778893
DNK-2001,DNK,2001,19.33378,28.41186,25.909626,30.982752,52.25436,56.247536,48.151619
DNK-2002,DNK,2002,18.908283,29.61084,27.551037,31.70907,51.480877,54.607124,48.296307
DNK-2003,DNK,2003,19.446814,31.847263,30.284622,33.449036,48.705925,52.787243,44.522396
DNK-2004,DNK,2004,18.778183,32.848095,30.813038,34.922371,48.373722,52.912167,43.747814
DNK-2005,DNK,2005,18.983217,33.544121,30.949152,36.18129,47.472664,51.419804,43.46133
DNK-2006,DNK,2006,18.359888,34.719662,32.464222,37.015888,46.920448,50.936111,42.832169
DNK-2007,DNK,2007,25.721992,30.903458,28.318111,33.536175,43.37455,47.164268,39.515396
DNK-2008,DNK,2008,24.899332,31.126369,28.657442,33.643822,43.974297,46.987843,40.901531
DNK-2009,DNK,2009,24.137625,32.001427,28.516291,35.535122,43.86095,47.880249,39.785648
DNK-2010,DNK,2010,23.289925,33.002644,29.563831,36.495869,43.707432,47.259796,40.098858
DNK-2011,DNK,2011,22.021439,33.662952,29.53162,37.852802,44.315609,48.178623,40.397877
DNK-2012,DNK,2012,21.165937,34.639698,29.428951,39.937965,44.194366,48.509918,39.806328
DNK-2013,DNK,2013,20.812916,35.204632,30.073727,40.422455,43.982452,47.931267,39.966743
DNK-2014,DNK,2014,21.054119,35.667145,30.923344,40.472942,43.278736,46.772457,39.739357
DNK-2015,DNK,2015,20.280628,36.565422,31.242083,41.981026,43.15395,47.143909,39.094833
DNK-2016,DNK,2016,19.726067,37.766045,33.078484,42.522121,42.507889,45.757957,39.210312
DNK-2017,DNK,2017,19.052462,38.889214,33.517536,44.316708,42.058323,45.575832,38.504265
DNK-2018,DNK,2018,18.940752,39.44791,33.794849,45.166317,41.61134,45.018398,38.164898
DNK-2019,DNK,2019,18.410515,40.353836,34.907452,45.869457,41.235649,44.831509,37.594078
DNK-2020,DNK,2020,18.64369,39.326214,34.160782,44.552788,42.030094,45.240173,38.782024
ESP-1991,ESP,1991,78.183922,9.8881588,10.701298,9.108222,11.927919,13.995749,9.9445229
ESP-1992,ESP,1992,77.053749,13.066113,14.738846,11.454362,9.8801394,10.934894,8.8638382
ESP-1994,ESP,1994,73.768227,15.000957,16.411371,13.634652,11.230815,12.177466,10.313769
ESP-1995,ESP,1995,71.952583,16.106016,17.52919,14.727563,11.941401,12.792953,11.116609
ESP-1997,ESP,1997,66.962067,19.111237,20.223383,18.009117,13.9267,14.451605,13.406527
ESP-1998,ESP,1998,65.352112,20.159647,21.131647,19.19536,14.488239,15.038068,13.942773
ESP-1999,ESP,1999,63.538891,21.257387,22.311453,20.210491,15.203723,15.579926,14.83008
ESP-2000,ESP,2000,61.405891,22.704889,23.551453,21.862101,15.889219,16.299185,15.481082
ESP-2001,ESP,2001,59.625759,23.751223,24.345806,23.1574,16.623016,17.103823,16.142826
ESP-2002,ESP,2002,57.760826,24.921057,25.166859,24.674786,17.318115,17.642693,16.992916
ESP-2003,ESP,2003,56.340916,25.625629,25.760103,25.490288,18.033455,18.279217,17.786108
ESP-2004,ESP,2004,54.636044,26.748661,26.523417,26.976271,18.615295,18.861534,18.36647
ESP-2005,ESP,2005,51.243546,28.518797,28.196224,28.846592,20.237658,20.388577,20.084293
ESP-2006,ESP,2006,50.311646,28.809401,28.268433,29.3603,20.878954,20.971115,20.785103
ESP-2007,ESP,2007,49.358929,29.27644,28.610725,29.956184,21.364632,21.657253,21.065844
ESP-2008,ESP,2008,48.898933,29.519304,28.865133,30.188587,21.58176,21.647127,21.514883
ESP-2009,ESP,2009,48.375061,29.989544,28.886629,31.115898,21.635395,21.737738,21.530878
ESP-2010,ESP,2010,47.127037,31.016668,29.568083,32.491753,21.856297,22.110355,21.597589
ESP-2011,ESP,2011,45.960678,31.91456,30.52334,33.326809,22.12476,22.045816,22.204897
ESP-2012,ESP,2012,45.344112,32.649994,31.075237,34.241261,22.005894,21.858583,22.154747
ESP-2013,ESP,2013,44.545616,33.734821,32.047512,35.431107,21.719563,21.372114,22.068859
ESP-2014,ESP,2014,43.382374,34.678776,32.813118,36.547832,21.93885,22.024538,21.853004
ESP-2015,ESP,2015,42.565994,35.081161,32.657227,37.504776,22.352846,22.65926,22.046331
ESP-2016,ESP,2016,41.726074,35.693489,32.98119,38.397327,22.580437,22.688265,22.472944
ESP-2017,ESP,2017,40.925529,36.351273,33.75465,38.934372,22.723196,22.721037,22.725344
ESP-2018,ESP,2018,39.884182,37.252804,34.640388,39.846661,22.863016,22.596468,23.12767
ESP-2019,ESP,2019,38.685894,38.596992,35.831165,41.339748,22.717112,22.480856,22.951399
ESP-2020,ESP,2020,37.134796,39.68692,36.685833,42.658867,23.178282,23.08164,23.273985
EST-1997,EST,1997,17.546963,29.998423,24.160566,35.146767,52.454617,57.212147,48.258999
EST-1998,EST,1998,16.479084,29.753735,23.485497,35.281303,53.767181,58.776566,49.349716
EST-1999,EST,1999,15.72357,28.811958,22.422453,34.441845,55.464474,60.668804,50.878857
EST-2000,EST,2000,14.751366,28.669167,21.464544,35.187653,56.579468,61.189438,52.408531
EST-2001,EST,2001,13.769239,29.479181,22.723341,35.603615,56.751579,61.500027,52.446922
EST-2002,EST,2002,13.215323,29.358723,22.654995,35.443844,57.425953,62.059273,53.220188
EST-2003,EST,2003,12.355169,29.649635,23.011353,35.695816,57.995193,62.572048,53.826576
EST-2004,EST,2004,11.743241,30.712088,23.616859,37.194561,57.54467,62.66666,52.865025
EST-2005,EST,2005,11.341643,33.025089,26.641077,38.865856,55.633266,59.86935,51.757652
EST-2006,EST,2006,11.717903,33.118874,26.982605,38.761127,55.163223,58.67701,51.932323
EST-2007,EST,2007,11.159678,33.146008,25.973307,39.773857,55.694317,60.613499,51.1488
EST-2008,EST,2008,11.692819,34.176804,26.201738,41.563114,54.130379,60.256916,48.456123
EST-2009,EST,2009,11.327562,36.065544,26.493443,44.962532,52.606895,59.504539,46.195736
EST-2010,EST,2010,10.864561,35.423084,26.480659,43.77713,53.712353,59.705551,48.113487
EST-2011,EST,2011,10.989735,36.889767,28.079679,45.152157,52.120499,58.179489,46.438175
EST-2012,EST,2012,10.076135,37.605877,28.885132,45.828297,52.317989,58.383217,46.599342
EST-2013,EST,2013,9.4806528,37.345535,28.258377,45.959515,53.173813,59.358192,47.311459
EST-2014,EST,2014,11.895004,37.499954,28.447504,46.141506,50.605042,55.440289,45.989273
EST-2015,EST,2015,11.442164,38.030697,28.332598,47.362286,50.527138,57.061733,44.239498
EST-2016,EST,2016,11.10444,38.756851,29.157036,48.067318,50.13871,56.15049,44.308128
EST-2017,EST,2017,11.317183,39.663879,29.877974,49.222305,49.018936,55.16227,43.01841
EST-2018,EST,2018,10.810427,41.130722,30.904222,51.221062,48.058849,54.846138,41.361931
EST-2019,EST,2019,9.9434958,41.368298,30.936712,51.766712,48.688206,56.224724,41.175655
EST-2020,EST,2020,9.3462172,42.209454,32.034843,52.436687,48.444328,55.437286,41.415203
FIN-2000,FIN,2000,26.837576,32.614372,29.40193,35.872776,40.54805,42.225533,38.846569
FIN-2003,FIN,2003,23.959745,33.177582,29.457676,36.957314,42.862675,45.068195,40.621685
FIN-2004,FIN,2004,22.375042,34.184566,29.973473,38.462265,43.440392,45.821129,41.021999
FIN-2005,FIN,2005,21.212481,34.629433,29.93437,39.401237,44.158085,46.722404,41.551853
FIN-2006,FIN,2006,20.363401,35.141739,30.008163,40.362099,44.494862,47.453903,41.485794
FIN-2007,FIN,2007,19.490316,36.357056,31.142788,41.661633,44.152626,47.185406,41.067326
FIN-2008,FIN,2008,18.926767,36.583557,31.022511,42.23674,44.489677,47.730659,41.194996
FIN-2009,FIN,2009,18.026873,37.268574,31.355534,43.27985,44.704552,48.205776,41.145164
FIN-2010,FIN,2010,17.01717,38.146343,32.415871,43.969322,44.836487,48.339851,41.276569
FIN-2011,FIN,2011,16.27569,39.318207,33.023373,45.724716,44.406101,48.216892,40.527706
FIN-2012,FIN,2012,15.202716,39.661289,33.281662,46.156898,45.135994,48.991562,41.210335
FIN-2013,FIN,2013,14.109433,40.545231,34.131176,47.075142,45.345337,49.326359,41.292404
FIN-2014,FIN,2014,13.493114,41.776676,35.209499,48.469807,44.730209,48.683132,40.701469
FIN-2015,FIN,2015,12.847135,42.742619,36.266994,49.341976,44.410244,48.035625,40.715591
FIN-2016,FIN,2016,12.091855,43.595264,36.531628,50.7971,44.312881,48.827293,39.710144
FIN-2017,FIN,2017,11.896179,44.304253,36.63578,52.151714,43.799568,48.396294,39.095551
FIN-2018,FIN,2018,10.926194,45.188133,37.464184,53.070175,43.885674,48.997135,38.66959
FIN-2019,FIN,2019,9.7360916,45.93438,38.580463,53.511948,44.329529,49.332397,39.174511
FIN-2020,FIN,2020,8.7888527,47.874241,39.971851,56.023224,43.336906,48.979591,37.518143
FRA-1991,FRA,1991,49.466606,15.144846,15.401535,14.894364,35.388546,39.185696,31.68321
FRA-1992,FRA,1992,45.963066,15.980103,16.332909,15.635099,38.056831,41.520096,34.670155
FRA-1994,FRA,1994,42.228619,17.80175,17.701109,17.900284,39.969631,43.718102,36.299641
FRA-1995,FRA,1995,40.939255,18.608873,18.357353,18.855011,40.45187,44.389057,36.598946
FRA-1997,FRA,1997,40.507431,20.023951,19.722708,20.317392,39.468616,43.038292,35.991375
FRA-1998,FRA,1998,39.278065,20.597754,20.113913,21.06875,40.124184,43.633617,36.70792
FRA-1999,FRA,1999,38.137104,21.456413,21.008406,21.89205,40.406479,43.82106,37.086197
FRA-2000,FRA,2000,37.759026,21.58481,21.128117,22.027519,40.656166,44.02404,37.391422
FRA-2001,FRA,2001,36.132778,23.020861,22.476124,23.550108,40.846359,44.027458,37.755722
FRA-2002,FRA,2002,35.226971,23.98011,23.09079,24.844231,40.792923,44.010487,37.666527
FRA-2003,FRA,2003,34.777859,23.917387,23.044415,24.76334,41.304752,44.401928,38.303444
FRA-2004,FRA,2004,34.187824,24.383652,23.301405,25.431391,41.428524,44.507977,38.447258
FRA-2005,FRA,2005,33.189934,25.425774,24.25996,26.555849,41.384293,44.544575,38.320889
FRA-2006,FRA,2006,32.571041,26.183411,24.740557,27.580599,41.245548,44.4198,38.171764
FRA-2007,FRA,2007,31.532801,26.646099,25.263466,27.973269,41.821098,44.885273,38.879845
FRA-2008,FRA,2008,30.401829,27.233906,25.313351,29.074776,42.364265,45.464798,39.392376
FRA-2009,FRA,2009,29.745792,28.588057,26.667507,30.428736,41.666153,44.629845,38.825706
FRA-2010,FRA,2010,29.233322,29.006897,27.267246,30.673267,41.759781,44.752144,38.893467
FRA-2011,FRA,2011,28.385553,29.767,28.037289,31.422382,41.847446,44.636353,39.178383
FRA-2012,FRA,2012,27.465466,30.856123,28.958441,32.671661,41.67841,44.39595,39.078506
FRA-2013,FRA,2013,25.153784,32.105263,30.071928,34.049885,42.740952,45.742928,39.869949
FRA-2014,FRA,2014,22.681496,33.539047,31.197784,35.7752,43.779457,47.18317,40.528553
FRA-2015,FRA,2015,22.467602,34.085361,31.506598,36.540623,43.447037,46.698593,40.351204
FRA-2016,FRA,2016,21.89171,34.582485,32.173527,36.876068,43.525806,46.547363,40.648956
FRA-2017,FRA,2017,21.615114,35.213791,32.766411,37.543358,43.171093,46.260525,40.230385
FRA-2018,FRA,2018,20.640024,36.897491,34.210983,39.442608,42.462482,45.541195,39.545807
FRA-2019,FRA,2019,19.56168,37.904724,35.105602,40.550228,42.533596,45.21743,39.997059
FRA-2020,FRA,2020,18.510624,39.717316,36.732967,42.535744,41.77206,44.542114,39.156013
G20-2010,G20,2010,38.106553,27.800929,27.007332,28.480868,35.226455,37.45248,33.059577
G20-2011,G20,2011,38.347944,27.505954,26.691715,28.205876,35.324735,37.438019,33.248973
G20-2012,G20,2012,38.48954,28.318749,27.024386,29.454158,34.3355,36.055995,32.61471
G20-2018,G20,2018,34.073965,32.830191,31.153745,34.386385,34.289461,36.312603,32.326755
G20-2019,G20,2019,35.241004,32.160468,30.803256,33.443321,33.966363,35.571486,32.38019
G20-2020,G20,2020,34.704054,32.903404,31.214471,34.508678,33.800804,35.470598,32.169316
GBR-1997,GBR,1997,40.922718,22.560804,23.647005,21.390516,36.516476,43.327164,29.178541
GBR-1998,GBR,1998,39.878498,23.779587,24.895714,22.577459,36.341915,42.540939,29.665239
GBR-1999,GBR,1999,38.399529,24.858973,26.058624,23.56937,36.741501,42.481762,30.570824
GBR-2000,GBR,2000,37.388611,25.683083,26.742617,24.544714,36.928307,42.59853,30.836182
GBR-2001,GBR,2001,37.15152,26.126522,26.892696,25.302448,36.721958,41.765823,31.296932
GBR-2002,GBR,2002,35.746799,26.840527,27.186964,26.46838,37.412674,42.349819,32.109142
GBR-2003,GBR,2003,34.921486,27.998173,28.548672,27.405865,37.080341,41.545937,32.275608
GBR-2004,GBR,2004,33.831558,29.338522,29.734781,28.911596,36.829922,40.805958,32.546181
GBR-2005,GBR,2005,33.16832,29.709032,29.918507,29.482952,37.12265,40.404808,33.580318
GBR-2006,GBR,2006,29.098894,34.191841,34.117474,34.272907,36.709263,40.268394,32.829632
GBR-2007,GBR,2007,27.807289,35.536041,35.376858,35.710945,36.656673,39.453209,33.5839
GBR-2008,GBR,2008,28.359348,35.216167,35.157639,35.273495,36.424484,39.948269,32.972931
GBR-2009,GBR,2009,26.256872,36.984959,36.860756,37.106785,36.758167,40.245293,33.337765
GBR-2010,GBR,2010,24.937599,38.187191,38.078377,38.29401,36.87521,40.000443,33.807289
GBR-2011,GBR,2011,23.167467,39.412373,39.054924,39.763615,37.420158,40.263885,34.62582
GBR-2012,GBR,2012,21.91477,40.977753,40.365162,41.580528,37.107475,39.366108,34.885033
GBR-2013,GBR,2013,20.849527,41.891979,40.777828,42.991165,37.258495,39.81942,34.731964
GBR-2014,GBR,2014,20.83497,42.217449,40.906902,43.496193,36.947582,39.398472,34.556164
GBR-2015,GBR,2015,20.38233,44.197987,43.469074,44.909252,35.419685,36.879204,33.995499
GBR-2016,GBR,2016,19.253021,45.766762,45.196854,46.323395,34.980217,35.817101,34.162834
GBR-2017,GBR,2017,18.831131,45.744305,44.585037,46.877583,35.424564,36.873829,34.007793
GBR-2018,GBR,2018,20.707432,45.781677,43.751423,47.731743,33.510891,34.805092,32.267807
GBR-2019,GBR,2019,19.939764,47.189125,45.14959,49.15202,32.871109,34.179104,31.612267
GBR-2020,GBR,2020,18.349808,49.39045,46.904633,51.790306,32.259743,33.760395,30.810984
GRC-1990,GRC,1990,66.015121,10.545712,12.797157,8.4336395,23.439163,24.133554,22.787758
GRC-1991,GRC,1991,64.376518,10.997955,13.08744,9.0289335,24.625525,25.767588,23.549305
GRC-1992,GRC,1992,63.549957,12.241859,14.902932,9.7544556,24.208183,24.474337,23.959398
GRC-1993,GRC,1993,60.966427,12.991105,15.453542,10.67055,26.042467,26.139423,25.951099
GRC-1994,GRC,1994,58.696846,13.89668,16.394541,11.546397,27.406475,27.666451,27.16186
GRC-1995,GRC,1995,57.455963,14.274186,16.629618,12.074759,28.269852,28.388174,28.159369
GRC-1996,GRC,1996,55.831074,15.142701,17.611343,12.831325,29.026226,29.181988,28.880386
GRC-1997,GRC,1997,54.459099,15.622277,17.982656,13.433756,29.918621,30.007463,29.836248
GRC-1998,GRC,1998,52.167694,16.878386,18.76153,15.053772,30.953918,31.266106,30.651434
GRC-1999,GRC,1999,52.244076,17.338158,19.319887,15.416656,30.417767,28.841106,31.946512
GRC-2000,GRC,2000,50.712349,17.672335,19.689165,15.715105,31.615318,29.88419,33.295288
GRC-2001,GRC,2001,49.770618,18.067701,19.751606,16.416426,32.161682,30.467009,33.823517
GRC-2002,GRC,2002,48.158752,18.793383,20.260656,17.347368,33.047863,31.308083,34.76244
GRC-2003,GRC,2003,46.452507,19.299871,20.686693,17.931763,34.24762,32.4478,36.023159
GRC-2004,GRC,2004,43.350311,21.286716,22.874361,19.71912,35.362972,33.214123,37.484692
GRC-2005,GRC,2005,42.286209,21.472097,22.647758,20.311262,36.241695,34.12854,38.328201
GRC-2006,GRC,2006,40.75304,22.428827,23.567255,21.305334,36.81813,34.879921,38.730911
GRC-2007,GRC,2007,39.922272,22.893152,24.120693,21.682127,37.184578,34.87941,39.458729
GRC-2008,GRC,2008,38.692974,23.535585,24.248762,22.832247,37.771439,35.793388,39.722206
GRC-2009,GRC,2009,38.5051,23.656685,24.01519,23.30374,37.838215,35.941803,39.705212
GRC-2010,GRC,2010,37.26366,24.744848,24.945505,24.547791,37.991489,35.966927,39.979736
GRC-2011,GRC,2011,35.445217,26.112072,26.24349,25.98332,38.442711,36.532429,40.314236
GRC-2012,GRC,2012,34.217484,26.719267,26.705133,26.733065,39.063248,37.407097,40.680149
GRC-2013,GRC,2013,32.80518,27.423178,27.32473,27.519138,39.771641,38.350273,41.157101
GRC-2014,GRC,2014,31.733679,28.105659,27.690657,28.51054,40.160664,39.048546,41.245655
GRC-2015,GRC,2015,29.780088,29.057495,28.011593,30.0784,41.162418,40.397408,41.909142
GRC-2016,GRC,2016,28.349747,30.231607,28.513227,31.91032,41.418648,41.525116,41.314632
GRC-2017,GRC,2017,27.290607,31.027514,29.305016,32.712036,41.681881,42.195286,41.17979
GRC-2018,GRC,2018,26.630527,31.739904,30.345835,33.103279,41.629566,42.075829,41.193134
GRC-2019,GRC,2019,26.043503,31.890486,30.177259,33.565025,42.06601,42.288982,41.848072
GRC-2020,GRC,2020,23.603962,32.744011,30.939407,34.508327,43.652027,44.110073,43.204212
HUN-1997,HUN,1997,36.956242,12.217196,12.258694,12.178566,50.826561,56.553535,45.495228
HUN-1998,HUN,1998,36.720436,13.1676,12.957996,13.363412,50.111961,55.472191,45.104393
HUN-1999,HUN,1999,32.65992,13.516391,13.204467,13.808351,53.823689,59.376766,48.626041
HUN-2000,HUN,2000,30.781889,14.041859,13.708835,14.352439,55.17625,60.331306,50.368622
HUN-2001,HUN,2001,29.98584,13.984717,13.508534,14.429396,56.029442,61.135246,51.261436
HUN-2002,HUN,2002,28.577425,14.211662,13.814663,14.5824,57.210911,62.355549,52.406593
HUN-2003,HUN,2003,25.927795,15.416001,14.853356,15.942147,58.6562,63.294292,54.318993
HUN-2004,HUN,2004,24.64992,16.748745,15.913669,17.531971,58.601334,63.486134,54.019844
HUN-2005,HUN,2005,23.609816,17.083904,15.858085,18.237226,59.306282,64.455643,54.46146
HUN-2006,HUN,2006,21.9265,17.699047,16.292395,19.022438,60.374454,65.433952,55.614426
HUN-2007,HUN,2007,20.79417,18.048761,16.442116,19.560244,61.157066,66.431694,56.194862
HUN-2008,HUN,2008,20.296638,19.197906,17.300709,20.988491,60.505455,65.865936,55.446201
HUN-2009,HUN,2009,19.425785,19.86219,17.471045,22.124817,60.712025,66.364792,55.363083
HUN-2010,HUN,2010,18.707645,20.121918,17.631626,22.49086,61.170437,66.698441,55.911804
HUN-2011,HUN,2011,18.232164,21.124001,18.672935,23.469839,60.643833,65.950653,55.564846
HUN-2012,HUN,2012,17.879883,22.046715,19.088211,24.860256,60.073402,65.619118,54.799419
HUN-2013,HUN,2013,17.505869,22.505821,19.357929,25.501186,59.988312,65.61586,54.63343
HUN-2014,HUN,2014,16.905603,23.356073,20.240128,26.337843,59.738323,64.909737,54.7896
HUN-2015,HUN,2015,16.783051,24.242552,21.039064,27.318335,58.9744,63.866844,54.276981
HUN-2016,HUN,2016,16.637701,23.713329,20.482416,26.829664,59.648968,64.722328,54.755527
HUN-2017,HUN,2017,15.97375,24.054041,21.013105,26.998577,59.972206,64.980949,55.122253
HUN-2018,HUN,2018,15.138174,25.101177,21.622774,28.486479,59.760651,64.807388,54.848988
HUN-2019,HUN,2019,15.026365,25.981535,21.608421,30.266064,58.9921,64.737663,53.362923
HUN-2020,HUN,2020,14.426455,27.203154,23.023033,31.325165,58.370392,63.895607,52.921982
IDN-2004,IDN,2004,77.516731,8.1296101,9.6671581,6.6263433,14.353661,16.992193,11.773955
IDN-2005,IDN,2005,76.001915,5.4441252,6.2362485,4.6314678,18.553963,22.009247,15.00911
IDN-2006,IDN,2006,74.035995,6.1217303,6.7456226,5.5037389,19.842274,23.13876,16.576967
IDN-2007,IDN,2007,73.748695,6.8957992,7.2396193,6.5544543,19.355505,22.038454,16.69187
IDN-2008,IDN,2008,79.396156,6.4554873,6.8904028,6.0257816,14.148355,16.235556,12.086156
IDN-2009,IDN,2009,71.04689,7.5285029,7.7842197,7.2756858,21.424606,24.81736,18.070333
IDN-2010,IDN,2010,69.68969,7.9779863,8.0670834,7.8890595,22.332325,25.412422,19.258108
IDN-2011,IDN,2011,68.898232,8.1564999,8.2216234,8.0908623,22.945271,26.528286,19.334007
IDN-2012,IDN,2012,68.246284,9.007103,9.3656998,8.6462975,22.746614,26.10998,19.362526
IDN-2013,IDN,2013,67.267471,9.3885174,9.663888,9.111598,23.344013,26.702505,19.966633
IDN-2014,IDN,2014,66.420502,9.6783018,9.7876959,9.568326,23.901196,27.584063,20.198721
IDN-2015,IDN,2015,64.566017,10.567527,10.668953,10.465724,24.866455,28.57028,21.148869
IDN-2016,IDN,2016,62.975384,11.338527,11.251226,11.42606,25.686089,29.262661,22.099981
IDN-2017,IDN,2017,62.102646,11.857569,11.721274,11.992958,26.039787,29.5383,22.564512
IDN-2018,IDN,2018,60.750225,12.401382,12.137815,12.666694,26.848392,30.663164,23.008398
IDN-2019,IDN,2019,59.947014,12.414515,11.995928,12.838303,27.638472,31.253225,23.978794
IDN-2020,IDN,2020,58.648563,12.801033,12.279376,13.328758,28.550402,32.115715,24.943621
IND-2011,IND,2011,71.298172,10.595189,13.318929,7.7748356,18.10664,22.600235,13.453652
IND-2012,IND,2012,84.892136,7.1028476,5.0370364,8.5215807,8.0050173,5.2748337,9.8712168
IND-2018,IND,2018,80.105392,11.461905,14.003388,8.9572935,8.4327021,10.693202,6.2050261
IND-2019,IND,2019,78.520782,12.368952,14.956447,9.8375778,9.1102676,11.328943,6.9395962
IND-2020,IND,2020,77.645477,12.94724,15.272662,10.683134,9.4072857,11.563234,7.3050761
IRL-1991,IRL,1991,59.80291,15.902357,17.08877,14.699014,24.294731,20.324892,28.321224
IRL-1992,IRL,1992,57.777081,16.950533,17.708334,16.195951,25.272387,21.184738,29.342665
IRL-1994,IRL,1994,54.771759,18.557516,19.482422,17.637775,26.670725,22.216797,31.099781
IRL-1995,IRL,1995,52.839344,19.893375,20.489443,19.298876,27.267282,23.092611,31.430964
IRL-2000,IRL,2000,42.706924,21.613003,21.394621,21.831142,35.680077,33.547543,37.810265
IRL-2001,IRL,2001,44.735104,23.577002,23.044838,24.108467,31.687897,30.251707,33.1222
IRL-2002,IRL,2002,40.004444,24.814322,23.946341,25.679022,35.181232,33.622456,36.734119
IRL-2003,IRL,2003,38.298161,26.308289,25.761391,26.85405,35.393551,33.172462,37.610016
IRL-2004,IRL,2004,37.160995,27.820133,26.917305,28.722975,35.018871,32.86834,37.169434
IRL-2005,IRL,2005,35.466724,29.074234,27.55798,30.596048,35.459042,34.010746,36.912651
IRL-2006,IRL,2006,33.656101,31.095585,28.674448,33.539158,35.248314,34.486046,36.017651
IRL-2007,IRL,2007,32.273792,32.39011,29.777639,35.029663,35.336098,34.726597,35.95192
IRL-2008,IRL,2008,30.546635,33.902611,30.996067,36.824852,35.550751,35.072479,36.031609
IRL-2009,IRL,2009,28.832077,35.822323,32.987625,38.652878,35.3456,35.043652,35.64711
IRL-2010,IRL,2010,27.225185,37.584061,34.375969,40.753574,35.190754,35.446854,34.937729
IRL-2011,IRL,2011,26.365326,38.162312,34.86573,41.405052,35.472363,35.78389,35.165924
IRL-2012,IRL,2012,25.367115,39.69788,36.214603,43.099594,34.935005,35.581688,34.303467
IRL-2013,IRL,2013,23.273964,41.47068,37.618668,45.214443,35.255356,36.249138,34.289505
IRL-2014,IRL,2014,21.187292,40.967049,37.234863,44.563564,37.845661,38.475346,37.238861
IRL-2015,IRL,2015,20.182577,42.806118,38.907608,46.547295,37.011307,38.068134,35.997128
IRL-2016,IRL,2016,18.31505,45.104263,40.381546,49.641514,36.580685,38.30658,34.922569
IRL-2017,IRL,2017,17.994549,45.65897,42.223335,48.972515,36.346481,36.631069,36.072002
IRL-2018,IRL,2018,16.825432,46.935135,43.093826,50.639732,36.239433,37.074486,35.434101
IRL-2019,IRL,2019,16.342939,47.306835,43.519436,50.969276,36.350227,37.466496,35.270782
IRL-2020,IRL,2020,14.507091,49.943962,46.339973,53.423771,35.548946,36.538029,34.593945
ISL-2003,ISL,2003,34.262501,27.861868,25.557198,30.194607,37.875629,46.436745,29.210251
ISL-2004,ISL,2004,33.643612,27.94356,26.168198,29.742111,38.412827,47.38166,29.326857
ISL-2005,ISL,2005,31.825998,29.471401,26.831276,32.168613,38.702599,47.241859,29.978704
ISL-2006,ISL,2006,31.31949,30.411818,26.779726,34.301445,38.268692,45.894047,30.102655
ISL-2007,ISL,2007,30.819305,30.804794,28.104771,33.744808,38.3759,44.822617,31.356173
ISL-2008,ISL,2008,30.940493,31.591888,28.676628,34.75301,37.467621,43.46096,30.968821
ISL-2009,ISL,2009,30.005922,32.907246,29.253628,36.736088,37.08683,42.874901,31.021173
ISL-2010,ISL,2010,30.850618,31.298735,26.266424,36.472233,37.850647,44.930584,30.572073
ISL-2011,ISL,2011,30.366735,32.616898,27.042839,38.29557,37.016365,45.184113,28.695332
ISL-2012,ISL,2012,30.561222,33.888733,28.174547,39.662426,35.550045,43.451515,27.566292
ISL-2013,ISL,2013,29.45565,34.277187,28.227959,40.372688,36.267162,44.696407,27.773439
ISL-2014,ISL,2014,28.481115,35.608643,29.645905,41.615498,35.91024,43.027927,28.739893
ISL-2015,ISL,2015,26.582855,36.97718,29.880569,44.150318,36.439964,43.638397,29.163904
ISL-2016,ISL,2016,23.394308,38.100773,30.602186,45.789558,38.504921,45.597427,31.232513
ISL-2017,ISL,2017,25.207304,39.043491,31.717388,46.737587,35.749207,42.871372,28.269289
ISL-2018,ISL,2018,24.459627,40.279774,32.074547,49.068707,35.260601,41.857006,28.194933
ISL-2019,ISL,2019,24.060982,40.948925,33.440773,49.074215,34.990093,40.531944,28.992723
ISL-2020,ISL,2020,24.087782,40.643898,34.268604,47.555538,35.268318,39.885548,30.26265
ISR-2002,ISR,2002,19.664862,42.090389,39.831264,44.275032,38.244751,39.998707,36.548618
ISR-2003,ISR,2003,18.085173,42.89489,40.250072,45.457832,39.019939,41.148617,36.957161
ISR-2005,ISR,2005,21.065123,43.047825,40.188377,45.806358,35.887051,37.169769,34.649605
ISR-2007,ISR,2007,19.584095,43.58707,39.907951,47.1464,36.828835,39.137558,34.59528
ISR-2008,ISR,2008,18.767063,43.980537,40.722355,47.134624,37.252399,39.032181,35.52948
ISR-2009,ISR,2009,18.222622,44.880913,40.913353,48.661175,36.896465,39.033924,34.859909
ISR-2010,ISR,2010,17.935621,45.560074,41.62141,49.3806,36.504307,39.068352,34.017166
ISR-2011,ISR,2011,16.986902,46.396889,43.148518,49.553558,36.616207,38.610687,34.678032
ISR-2012,ISR,2012,15.451829,46.441711,41.942001,50.800053,38.106457,41.816986,34.512508
ISR-2013,ISR,2013,15.01176,47.421043,42.87558,51.810978,37.567196,41.122326,34.133713
ISR-2014,ISR,2014,14.64511,48.53273,43.871922,53.042099,36.822159,40.523792,33.240799
ISR-2015,ISR,2015,14.464885,48.824478,44.526859,52.97908,36.710636,40.13921,33.39616
ISR-2016,ISR,2016,13.231215,49.895348,45.177593,54.461967,36.87344,40.765846,33.105724
ISR-2017,ISR,2017,12.625726,50.91605,46.323353,55.332455,36.458225,40.422241,32.646366
ISR-2018,ISR,2018,13.634555,50.201576,45.497807,54.747131,36.163872,40.024128,32.433453
ISR-2019,ISR,2019,12.920499,50.246292,44.999088,55.366119,36.83321,41.148937,32.622246
ISR-2020,ISR,2020,11.989373,50.12072,45.036282,55.079689,37.889904,41.99609,33.885052
ITA-1991,ITA,1991,71.787415,6.0649128,6.9744005,5.1844144,22.147673,23.308474,21.023872
ITA-1992,ITA,1992,71.566925,6.3786483,7.3388386,5.445128,22.05443,23.148642,20.990612
ITA-1994,ITA,1994,66.810402,7.5035934,8.4944382,6.5385609,25.686005,26.522776,24.871035
ITA-1995,ITA,1995,65.061142,7.9192142,8.8138494,7.0455132,27.019644,27.869932,26.189251
ITA-1998,ITA,1998,59.284374,8.5931797,9.1653938,8.0277414,32.122448,33.118729,31.137962
ITA-1999,ITA,1999,57.758488,9.2728176,9.6621704,8.8876667,32.968697,33.852905,32.094028
ITA-2000,ITA,2000,57.886444,9.3770475,9.6920595,9.0649252,32.736511,33.326,32.152428
ITA-2001,ITA,2001,56.725201,10.04891,10.217789,9.881321,33.225887,33.776081,32.679893
ITA-2002,ITA,2002,55.637676,10.367989,10.490117,10.246637,33.994335,34.578289,33.414097
ITA-2003,ITA,2003,51.586433,10.460108,10.457656,10.462543,37.953461,38.484848,37.425522
ITA-2004,ITA,2004,51.4006,11.59316,11.086323,12.093648,37.006237,37.548149,36.471115
ITA-2005,ITA,2005,49.913864,12.224514,11.61266,12.830312,37.861622,38.333851,37.39407
ITA-2006,ITA,2006,48.710896,12.872448,12.059491,13.678071,38.416656,38.853615,37.983643
ITA-2007,ITA,2007,47.700294,13.578119,12.469914,14.676938,38.721588,39.150303,38.296501
ITA-2008,ITA,2008,46.687767,14.357011,12.992508,15.708399,38.955219,39.36631,38.548084
ITA-2009,ITA,2009,45.698818,14.510798,13.014586,15.989163,39.790382,40.527149,39.062401
ITA-2010,ITA,2010,44.825645,14.802574,13.249471,16.332973,40.37178,41.078224,39.675659
ITA-2011,ITA,2011,43.971539,14.935372,13.394026,16.449827,41.093086,41.410023,40.781681
ITA-2012,ITA,2012,42.763065,15.708264,13.924894,17.459343,41.528671,41.747227,41.314072
ITA-2013,ITA,2013,41.84333,16.289694,14.428825,18.117186,41.866974,42.187504,41.552197
ITA-2014,ITA,2014,40.693222,16.910578,14.910445,18.865322,42.396198,42.68565,42.113319
ITA-2015,ITA,2015,40.108776,17.546457,15.262836,19.778906,42.344765,42.707825,41.989841
ITA-2016,ITA,2016,39.856853,17.723593,15.286468,20.106771,42.419556,42.792294,42.055065
ITA-2017,ITA,2017,39.084484,18.669672,15.805677,21.47291,42.245842,42.959179,41.547642
ITA-2018,ITA,2018,38.170338,19.368793,16.51803,22.159235,42.460869,43.207409,41.730125
ITA-2019,ITA,2019,37.743759,19.695461,16.808052,22.526642,42.560783,43.091999,42.039909
ITA-2020,ITA,2020,37.430363,19.987385,16.96575,22.952181,42.582253,43.162025,42.013382
JPN-1997,JPN,1997,,30.531231,34.132786,26.944363,,,
JPN-1998,JPN,1998,,30.627626,33.546513,27.724775,,,
JPN-1999,JPN,1999,,31.847042,34.904568,28.801844,,,
JPN-2000,JPN,2000,,33.615494,36.614853,30.635012,,,
JPN-2001,JPN,2001,,34.13689,36.536247,31.749212,,,
JPN-2002,JPN,2002,,36.575481,38.774326,34.391228,,,
JPN-2003,JPN,2003,,37.422066,39.377182,35.481075,,,
JPN-2004,JPN,2004,,38.693394,40.590618,36.810345,,,
JPN-2005,JPN,2005,,39.939026,41.445644,38.443737,,,
JPN-2006,JPN,2006,,40.464294,41.926929,39.00938,,,
JPN-2007,JPN,2007,,41.024883,42.311111,39.739414,,,
JPN-2008,JPN,2008,,42.842262,43.895176,41.7906,,,
JPN-2009,JPN,2009,,43.764038,44.717152,42.810066,,,
JPN-2010,JPN,2010,,44.809975,45.498199,44.1203,,,
JPN-2011,JPN,2011,,46.364063,46.807171,45.922207,,,
JPN-2012,JPN,2012,,46.619377,46.759121,46.479298,,,
JPN-2013,JPN,2013,,47.311993,47.522934,47.100338,,,
JPN-2014,JPN,2014,,48.185074,48.136646,48.233822,,,
JPN-2015,JPN,2015,,49.541573,49.558918,49.524113,,,
JPN-2016,JPN,2016,,50.496956,50.335358,50.659801,,,
JPN-2017,JPN,2017,,51.440529,50.736706,52.151409,,,
JPN-2018,JPN,2018,,51.928062,51.028938,52.841282,,,
JPN-2019,JPN,2019,,52.67799,51.473923,53.901878,,,
JPN-2020,JPN,2020,,54.027344,52.908497,55.164398,,,
KOR-1995,KOR,1995,40.236736,18.117176,23.913776,12.187769,41.646088,45.562477,37.639965
KOR-1997,KOR,1997,37.931839,19.752064,25.464022,13.965126,42.316097,45.418171,39.173302
KOR-1998,KOR,1998,33.600086,22.474796,28.778856,16.099754,43.925117,46.162071,41.662975
KOR-1999,KOR,1999,32.577736,23.132532,29.162922,17.043734,44.289734,46.392792,42.166306
KOR-2000,KOR,2000,31.754948,23.849094,29.790934,17.841333,44.395958,46.343079,42.427238
KOR-2001,KOR,2001,30.488056,24.819485,30.529858,19.03673,44.692459,46.481636,42.8806
KOR-2002,KOR,2002,29.26877,25.88715,31.470819,20.223024,44.844082,46.347038,43.319469
KOR-2003,KOR,2003,26.809116,29.395346,35.194664,23.50181,43.795536,44.364098,43.217739
KOR-2004,KOR,2004,25.614571,30.406145,36.074284,24.640488,43.979282,44.385811,43.565762
KOR-2005,KOR,2005,24.359201,31.619953,36.917732,26.232584,44.020844,44.414539,43.620491
KOR-2006,KOR,2006,23.094648,33.070503,38.023815,28.025822,43.83485,44.053726,43.611935
KOR-2007,KOR,2007,21.798021,34.814022,39.614937,29.911917,43.387959,43.383621,43.392387
KOR-2008,KOR,2008,20.631649,36.669804,41.292423,31.941628,42.698547,42.726017,42.670452
KOR-2009,KOR,2009,19.37129,38.470245,43.049057,33.775242,42.158466,42.05323,42.266373
KOR-2010,KOR,2010,19.059269,39.044632,43.178467,34.814861,41.896099,42.066227,41.722027
KOR-2011,KOR,2011,18.535269,40.381783,44.78149,35.885468,41.082951,40.885197,41.285046
KOR-2012,KOR,2012,17.488157,41.746613,45.902386,37.499748,40.765228,40.774841,40.755405
KOR-2013,KOR,2013,16.277796,43.075195,47.098541,38.961857,40.647007,40.590866,40.704407
KOR-2014,KOR,2014,15.002967,44.49865,48.338402,40.563198,40.498386,40.287319,40.71471
KOR-2015,KOR,2015,14.229398,45.356678,49.042599,41.568684,40.413925,40.007366,40.831745
KOR-2016,KOR,2016,13.227958,46.643951,50.185818,43.001148,40.12809,39.495762,40.778442
KOR-2017,KOR,2017,12.388158,47.744724,50.974545,44.414146,39.867115,39.374939,40.374645
KOR-2018,KOR,2018,11.811645,49.008511,51.760632,46.163258,39.179844,38.98774,39.378452
KOR-2019,KOR,2019,11.27041,50.03104,52.340191,47.635471,38.698547,38.703171,38.693756
KOR-2020,KOR,2020,10.643816,50.708714,52.80695,48.524532,38.647469,38.750603,38.540112
LTU-2000,LTU,2000,15.770907,41.801403,36.83659,46.26981,42.427689,47.260494,38.078094
LTU-2005,LTU,2005,12.498502,26.547928,22.643324,30.080574,60.953571,63.654369,58.510052
LTU-2006,LTU,2006,11.679444,26.751383,22.360903,30.722498,61.569172,64.326027,59.075645
LTU-2007,LTU,2007,11.068882,28.931429,24.544004,32.90799,59.999691,62.649925,57.597637
LTU-2008,LTU,2008,9.4485025,30.408518,25.308851,35.041939,60.142979,64.001961,56.63681
LTU-2009,LTU,2009,8.6813269,30.958277,25.473921,35.96101,60.360397,64.779404,56.329456
LTU-2010,LTU,2010,8.1011848,32.440029,26.000668,38.24588,59.458786,64.865692,54.58382
LTU-2011,LTU,2011,7.1331868,33.489258,27.032896,39.308311,59.377556,64.952133,54.353245
LTU-2012,LTU,2012,6.6762033,34.05378,27.258413,40.19408,59.27002,64.76548,54.30431
LTU-2013,LTU,2013,6.5573592,35.19833,28.289999,41.460518,58.244312,63.772144,53.233501
LTU-2014,LTU,2014,8.8240929,36.668087,30.187037,42.570419,54.50782,58.111835,51.225624
LTU-2015,LTU,2015,8.6442165,38.724106,31.510479,45.31752,52.63168,56.840912,48.784344
LTU-2016,LTU,2016,7.4843569,39.732628,31.748549,47.049824,52.783016,57.976788,48.02306
LTU-2017,LTU,2017,7.1719623,40.273941,32.630604,47.334618,52.554096,57.787132,47.719982
LTU-2018,LTU,2018,7.0224643,41.654594,33.979832,48.837761,51.322941,56.734547,46.257969
LTU-2019,LTU,2019,6.7358012,43.149418,35.487518,50.450352,50.11478,55.670059,44.82122
LTU-2020,LTU,2020,6.3598828,44.13818,36.994785,51.099312,49.501938,54.448505,44.68158
LUX-2000,LUX,2000,39.080746,18.284153,20.785879,15.713726,42.635101,44.441574,40.779026
LUX-2005,LUX,2005,34.146366,26.549366,28.944874,24.111813,39.304268,41.035179,37.542976
LUX-2006,LUX,2006,34.479065,23.993208,25.705017,22.30344,41.527729,43.232094,39.84531
LUX-2007,LUX,2007,34.264404,26.512686,27.906462,25.141441,39.222908,41.246735,37.2318
LUX-2008,LUX,2008,32.058296,27.653927,29.348513,25.911573,40.287777,42.17831,38.343952
LUX-2009,LUX,2009,22.655592,34.795971,37.581799,31.958441,42.548435,42.776512,42.316128
LUX-2010,LUX,2010,22.322315,35.475895,38.884422,32.022472,42.20179,41.82111,42.587482
LUX-2011,LUX,2011,22.742352,37.034779,39.482323,34.525772,40.22287,39.783173,40.673607
LUX-2012,LUX,2012,21.69751,39.110382,41.909679,36.237282,39.192108,38.309841,40.097633
LUX-2013,LUX,2013,19.512997,40.673241,41.89661,39.411995,39.813763,39.724571,39.90572
LUX-2014,LUX,2014,18.023409,45.935593,47.82814,43.9907,36.041,36.248791,35.827461
LUX-2015,LUX,2015,25.391632,39.794865,39.599579,39.998001,34.813503,35.586498,34.009411
LUX-2016,LUX,2016,21.180861,42.856003,42.995258,42.706947,35.963139,36.638424,35.240349
LUX-2017,LUX,2017,23.302259,40.325737,39.254742,41.437519,36.372005,38.067387,34.612057
LUX-2018,LUX,2018,22.764822,43.886856,43.216248,44.569466,33.34832,34.551289,32.123833
LUX-2019,LUX,2019,24.854612,51.642971,50.007431,53.374012,23.502417,25.528835,21.357676
LUX-2020,LUX,2020,25.849997,51.312302,50.189175,52.49231,22.837704,24.224262,21.38092
LVA-1996,LVA,1996,19.189783,16.983236,15.40836,18.373289,63.826981,64.637543,63.111546
LVA-1997,LVA,1997,18.602966,15.955276,13.816815,17.842968,65.441757,66.775696,64.264244
LVA-1998,LVA,1998,17.136116,17.193325,15.212976,18.945898,65.670563,65.837379,65.522926
LVA-1999,LVA,1999,16.341381,17.785416,15.924373,19.435244,65.873207,66.038673,65.726517
LVA-2000,LVA,2000,16.759621,18.218046,16.345989,19.878185,65.022331,65.114769,64.940361
LVA-2001,LVA,2001,20.794182,17.809738,15.02216,20.249584,61.39608,61.079636,61.673046
LVA-2002,LVA,2002,17.904789,18.869808,16.318783,21.101116,63.225403,62.44553,63.907536
LVA-2003,LVA,2003,17.03433,17.920399,14.803778,20.640921,65.045273,64.852242,65.213768
LVA-2004,LVA,2004,15.678306,19.785511,16.212927,22.914892,64.536186,65.478081,63.711132
LVA-2005,LVA,2005,15.580102,20.293005,16.164032,23.920837,64.126892,64.854637,63.487476
LVA-2006,LVA,2006,15.870779,20.919746,15.752575,25.482559,63.209473,64.133751,62.393303
LVA-2007,LVA,2007,15.36415,22.18199,17.294107,26.514925,62.453861,63.769379,61.287697
LVA-2008,LVA,2008,14.141485,24.822483,18.50391,30.469065,61.03603,63.956402,58.426247
LVA-2009,LVA,2009,13.22369,25.846195,18.933725,32.029045,60.930115,64.176041,58.026802
LVA-2010,LVA,2010,11.396096,26.946114,20.449883,32.744148,61.657791,64.661118,58.977253
LVA-2011,LVA,2011,12.062219,27.69327,20.322981,34.279606,60.244511,63.935966,56.945705
LVA-2012,LVA,2012,10.897214,29.227177,21.241619,36.352661,59.87561,64.407547,55.831779
LVA-2013,LVA,2013,10.645624,31.011995,23.036503,38.201538,58.342381,62.873604,54.25769
LVA-2014,LVA,2014,13.338798,30.230137,21.911348,37.793896,56.431065,60.299713,52.913544
LVA-2015,LVA,2015,12.217953,31.591949,22.299984,40.124584,56.190098,61.461857,51.349144
LVA-2016,LVA,2016,11.318077,33.361481,24.061266,41.924561,55.320442,61.234657,49.874989
LVA-2017,LVA,2017,12.391879,33.882294,24.920851,42.144421,53.725826,58.580154,49.250313
LVA-2018,LVA,2018,12.368318,33.939289,24.911245,42.31316,53.692394,58.617363,49.124287
LVA-2019,LVA,2019,11.564806,35.707733,27.114141,43.736454,52.727459,57.887005,47.907063
LVA-2020,LVA,2020,10.527256,37.833885,28.863485,46.251678,51.638859,56.795082,46.800278
MEX-1997,MEX,1997,72.207962,13.244137,16.892065,9.9765892,14.5479,12.671947,16.228241
MEX-1998,MEX,1998,72.002563,13.459542,17.084024,10.213921,14.537898,12.705077,16.179136
MEX-1999,MEX,1999,72.845215,13.164485,16.332598,10.314436,13.990302,12.517988,15.314803
MEX-2000,MEX,2000,70.91008,14.635047,17.868587,11.787515,14.454871,13.148427,15.605357
MEX-2001,MEX,2001,70.337532,15.109115,18.459782,12.193707,14.553352,13.094056,15.823083
MEX-2002,MEX,2002,70.016335,15.364734,18.415346,12.712215,14.618934,13.333282,15.736813
MEX-2003,MEX,2003,70.124634,15.5543,18.621986,12.88608,14.321067,13.14673,15.342485
MEX-2004,MEX,2004,68.566475,16.568291,19.496887,14.009907,14.865237,13.745427,15.843489
MEX-2005,MEX,2005,71.844093,12.723972,15.130651,10.656567,15.431935,14.573572,16.169294
MEX-2006,MEX,2006,70.973122,13.26213,15.458891,11.367753,15.764752,14.993038,16.430241
MEX-2007,MEX,2007,70.421989,13.55181,15.772163,11.644622,16.026201,15.252857,16.69047
MEX-2008,MEX,2008,70.091904,13.672557,15.662516,11.943851,16.235542,15.505013,16.870163
MEX-2009,MEX,2009,68.709137,14.308427,16.192701,12.663967,16.982433,16.287386,17.58902
MEX-2010,MEX,2010,67.913872,14.654601,16.31839,13.19238,17.431528,16.71188,18.06399
MEX-2011,MEX,2011,66.860298,15.012249,16.553083,13.649809,18.127449,17.552267,18.63604
MEX-2012,MEX,2012,66.014343,15.709545,17.155567,14.435471,18.276108,17.633924,18.84193
MEX-2013,MEX,2013,65.209229,16.20183,17.27128,15.256807,18.58894,18.241148,18.896265
MEX-2014,MEX,2014,64.907104,15.996383,17.076834,15.048493,19.09651,18.74284,19.406786
MEX-2015,MEX,2015,64.336807,16.278801,17.442137,15.255282,19.38439,19.085745,19.647142
MEX-2016,MEX,2016,63.365211,16.818605,17.931393,15.838044,19.816181,19.535267,20.063717
MEX-2017,MEX,2017,62.338387,17.418995,18.578926,16.402203,20.242617,19.897543,20.545109
MEX-2018,MEX,2018,60.853703,17.979799,18.878956,17.18869,21.166498,20.928068,21.376276
MEX-2019,MEX,2019,60.211422,18.259947,18.929453,17.667831,21.528631,21.518822,21.537306
MEX-2020,MEX,2020,58.403774,19.432951,19.960196,18.965326,22.163275,22.089827,22.228416
NLD-1990,NLD,1990,45.222771,19.184652,22.030937,16.270754,35.592579,39.346306,31.749681
NLD-1991,NLD,1991,43.743805,19.586224,22.531769,16.557789,36.669971,39.931572,33.316582
NLD-1992,NLD,1992,42.071236,20.858746,23.798077,17.830608,37.070019,40.0,34.05151
NLD-1994,NLD,1994,40.196198,21.390118,24.457035,18.239147,38.413685,40.816807,35.944702
NLD-1995,NLD,1995,38.790455,21.970234,24.924295,18.931225,39.239311,41.835545,36.568417
NLD-1998,NLD,1998,35.686409,24.219467,27.289211,21.069767,40.094124,41.455124,38.697674
NLD-2000,NLD,2000,35.143627,23.375116,26.100851,20.581749,41.481255,42.744064,40.187115
NLD-2001,NLD,2001,34.89233,23.205473,25.742794,20.608261,41.902199,42.993347,40.785294
NLD-2002,NLD,2002,32.165543,25.02088,27.422941,22.565882,42.813576,43.765476,41.840698
NLD-2003,NLD,2003,30.776005,27.545015,30.133541,24.90634,41.678982,42.42239,40.921169
NLD-2004,NLD,2004,29.093763,29.537558,32.069435,26.959208,41.368679,42.215954,40.505852
NLD-2005,NLD,2005,28.181055,30.11544,32.676991,27.521421,41.703503,42.562145,40.833977
NLD-2006,NLD,2006,27.63452,30.189871,32.231956,28.130663,42.17561,42.891792,41.453426
NLD-2007,NLD,2007,26.816864,30.803967,32.871872,28.725107,42.379169,42.875389,41.880322
NLD-2008,NLD,2008,26.708052,32.167362,34.200722,30.125334,41.124588,41.318565,40.929783
NLD-2009,NLD,2009,26.604006,32.785397,34.539516,31.024853,40.6106,40.733852,40.486897
NLD-2010,NLD,2010,27.026423,32.389164,34.22699,30.543089,40.584415,40.437889,40.731598
NLD-2011,NLD,2011,27.715986,32.041344,33.408222,30.674158,40.242668,40.238148,40.247192
NLD-2012,NLD,2012,26.576496,34.398335,35.523708,33.271935,39.025169,39.164558,38.885651
NLD-2013,NLD,2013,24.204819,33.869305,34.755119,32.981159,41.925877,42.34885,41.501793
NLD-2014,NLD,2014,24.098568,34.419815,34.844147,33.994911,41.481617,42.29509,40.667057
NLD-2015,NLD,2015,23.600424,35.330765,35.696461,34.965019,41.06881,41.628002,40.509541
NLD-2016,NLD,2016,22.9333,35.999168,36.032528,35.965878,41.067532,41.72171,40.414757
NLD-2017,NLD,2017,21.618059,37.16811,36.764774,37.570652,41.213829,41.993813,40.435383
NLD-2018,NLD,2018,20.976793,38.343895,37.782265,38.904495,40.67931,41.538254,39.821945
NLD-2019,NLD,2019,20.440771,40.385136,39.97419,40.795212,39.174091,39.774967,38.574493
NLD-2020,NLD,2020,18.97662,42.644951,41.968655,43.321602,38.378426,39.161121,37.595325
NOR-1991,NOR,1991,20.871677,24.811007,26.828817,22.736868,54.317318,53.336567,55.325447
NOR-1992,NOR,1992,20.986521,25.280275,27.152542,23.351435,53.733204,52.712093,54.785168
NOR-1994,NOR,1994,19.315317,27.359604,28.344973,26.341339,53.325081,52.837536,53.828899
NOR-1995,NOR,1995,18.810703,28.633411,29.093939,28.157124,52.555885,52.529827,52.582836
NOR-2005,NOR,2005,22.786383,32.692787,30.0,35.470303,44.520832,48.450245,40.467777
NOR-2006,NOR,2006,21.103868,32.926327,29.855354,36.092495,45.969803,49.390541,42.443031
NOR-2007,NOR,2007,21.07445,34.198307,31.025473,37.470528,44.727242,48.171131,41.17548
NOR-2008,NOR,2008,19.278467,36.004189,32.155869,39.98362,44.717346,48.598129,40.704342
NOR-2009,NOR,2009,19.276142,36.698498,32.496845,41.044899,44.02536,48.532196,39.363266
NOR-2010,NOR,2010,19.372442,37.284328,33.543308,41.171658,43.343231,47.669292,38.84798
NOR-2011,NOR,2011,18.103582,38.053513,33.906898,42.356129,43.842903,47.933632,39.598278
NOR-2012,NOR,2012,17.945995,38.561893,34.009777,43.339031,43.492111,47.978077,38.784393
NOR-2013,NOR,2013,17.591412,39.770252,34.774326,45.019245,42.638336,47.21571,37.829098
NOR-2014,NOR,2014,18.052679,41.757915,37.583115,46.135193,40.189404,43.784332,36.420128
NOR-2015,NOR,2015,17.628136,42.706734,38.427513,47.20348,39.665131,43.621574,35.507572
NOR-2016,NOR,2016,17.761009,43.016758,38.396145,47.866173,39.222229,43.312553,34.929367
NOR-2017,NOR,2017,18.030542,43.207031,38.701958,47.927422,38.762424,42.390541,34.960907
NOR-2018,NOR,2018,17.522373,43.575832,39.068577,48.301937,38.901794,42.658073,34.963131
NOR-2019,NOR,2019,17.480188,44.129421,39.005184,49.493538,38.390388,42.801586,33.772694
NOR-2020,NOR,2020,17.518663,45.273285,39.585854,51.226639,37.20805,42.131302,32.054607
NZL-1990,NZL,1990,43.447365,,,,,,
NZL-1991,NZL,1991,44.373329,,,,,,
NZL-1992,NZL,1992,43.602989,,,,,,
NZL-1994,NZL,1994,42.728489,,,,,,
NZL-1995,NZL,1995,40.922394,,,,,,
NZL-1997,NZL,1997,39.565754,,,,,,
NZL-1998,NZL,1998,38.636364,,,,,,
NZL-1999,NZL,1999,38.037067,,,,,,
NZL-2000,NZL,2000,36.803673,,,,,,
NZL-2001,NZL,2001,35.522774,,,,,,
NZL-2002,NZL,2002,34.41552,,,,,,
NZL-2003,NZL,2003,33.131687,,,,,,
NZL-2004,NZL,2004,32.920467,,,,,,
NZL-2005,NZL,2005,31.6005,,,,,,
NZL-2006,NZL,2006,31.062853,,,,,,
NZL-2007,NZL,2007,28.924793,,,,,,
NZL-2008,NZL,2008,27.94714,,,,,,
NZL-2009,NZL,2009,27.84214,,,,,,
NZL-2010,NZL,2010,26.960302,,,,,,
NZL-2011,NZL,2011,25.886049,,,,,,
NZL-2012,NZL,2012,25.939383,,,,,,
NZL-2013,NZL,2013,28.640007,,,,,,
NZL-2014,NZL,2014,25.924784,35.628941,32.661697,38.359295,38.446278,42.552212,34.668133
NZL-2015,NZL,2015,25.277622,34.040531,30.899937,36.946754,40.681847,44.906948,36.772045
NZL-2016,NZL,2016,23.423424,36.275139,33.445648,38.903072,40.301437,43.270084,37.544266
NZL-2017,NZL,2017,21.118555,37.730431,34.879517,40.399647,41.151012,43.433735,39.013779
NZL-2018,NZL,2018,19.542797,39.292675,36.308079,42.103603,41.164528,43.507744,38.957661
NZL-2019,NZL,2019,19.30257,39.065784,36.11018,41.822868,41.631645,43.913261,39.503281
NZL-2020,NZL,2020,19.066416,40.121872,36.86467,43.271767,40.81171,43.046459,38.650585
OAVG-1995,OAVG,1995,41.888304,,,,,,
OAVG-1998,OAVG,1998,37.903775,20.133449,21.151056,19.068987,42.430559,44.250413,40.609317
OAVG-1999,OAVG,1999,37.189544,20.50001,21.40025,19.553185,42.840644,44.485971,41.194414
OAVG-2000,OAVG,2000,35.503431,22.081926,22.423082,21.690475,42.842438,44.576412,41.115859
OAVG-2001,OAVG,2001,36.147895,22.120269,22.575648,21.623345,42.16997,43.672286,40.656424
OAVG-2002,OAVG,2002,33.960143,23.298293,23.445041,23.110121,43.232013,44.783866,41.666888
OAVG-2003,OAVG,2003,32.615308,24.677926,24.582087,24.734489,43.148783,44.916874,41.367316
OAVG-2004,OAVG,2004,31.699633,25.084334,25.015519,25.114838,43.710363,45.595558,41.82249
OAVG-2005,OAVG,2005,29.956083,26.318972,25.813797,26.782889,44.173901,46.092879,42.250174
OAVG-2006,OAVG,2006,29.291452,26.525527,25.794276,27.22003,44.659087,46.566704,42.735613
OAVG-2007,OAVG,2007,28.529906,27.638786,26.656707,28.582167,44.236632,46.207364,42.256723
OAVG-2008,OAVG,2008,27.700151,28.580724,27.340081,29.772256,44.145846,46.230526,42.070458
OAVG-2009,OAVG,2009,27.149623,29.333305,27.833215,30.774446,43.949164,46.156551,41.766881
OAVG-2010,OAVG,2010,26.180388,30.240952,28.531816,31.889717,44.0301,46.301324,41.778912
OAVG-2011,OAVG,2011,25.951325,30.762404,28.910459,32.556911,43.730167,46.014567,41.467493
OAVG-2012,OAVG,2012,24.644767,32.183042,30.010561,34.291531,43.634866,46.106488,41.188306
OAVG-2013,OAVG,2013,24.310184,32.652397,30.279518,34.962264,43.579974,46.080965,41.104848
OAVG-2014,OAVG,2014,24.26982,33.639394,31.213301,35.991608,42.494833,44.87662,40.134404
OAVG-2015,OAVG,2015,24.218758,33.951053,31.237274,36.597952,42.251555,44.832463,39.692931
OAVG-2016,OAVG,2016,22.989976,35.249235,32.304706,38.127377,42.184337,44.85931,39.527382
OAVG-2017,OAVG,2017,22.850214,35.759683,32.765845,38.668392,41.813909,44.385364,39.287784
OAVG-2018,OAVG,2018,22.025492,36.847736,33.578631,40.071855,41.54567,44.241083,38.853189
OAVG-2019,OAVG,2019,21.429248,37.904231,34.518311,41.265496,41.076902,43.793076,38.34835
OAVG-2020,OAVG,2020,19.797522,39.221042,35.64302,42.782585,41.392721,44.164534,38.610614
POL-1995,POL,1995,26.256752,13.149148,11.476972,14.758945,60.594101,64.8703,56.477425
POL-1997,POL,1997,22.954578,10.228083,10.114162,10.338581,66.817337,69.305031,64.404358
POL-1998,POL,1998,21.707138,10.851001,10.306697,11.378987,67.441864,70.099625,64.86377
POL-1999,POL,1999,21.480509,11.2755,10.648765,11.884145,67.243988,69.283592,65.26326
POL-2000,POL,2000,20.119442,11.36204,10.245693,12.444401,68.518517,71.312057,65.81002
POL-2001,POL,2001,19.421961,11.885846,10.602324,13.131769,68.692192,71.615967,65.854065
POL-2002,POL,2002,18.766407,12.585118,11.16184,13.968127,68.648476,71.580757,65.799149
POL-2003,POL,2003,17.379782,14.17064,12.716558,15.578544,68.449577,71.328362,65.662224
POL-2004,POL,2004,16.07354,15.709586,14.055293,17.313082,68.216873,71.034912,65.485367
POL-2005,POL,2005,14.887128,16.926928,14.78816,19.000616,68.185944,71.225639,65.238747
POL-2006,POL,2006,14.18797,17.891872,15.662543,20.043896,67.920158,70.867172,65.075333
POL-2007,POL,2007,13.698365,18.688519,15.996288,21.277384,67.613113,70.962677,64.392159
POL-2008,POL,2008,12.851042,19.565832,16.592894,22.416042,67.583122,71.133812,64.179024
POL-2009,POL,2009,12.027865,21.150869,17.732765,24.428253,66.821266,70.642944,63.156918
POL-2010,POL,2010,11.485272,22.468407,18.926443,25.944473,66.046318,69.800537,62.361946
POL-2011,POL,2011,11.087381,23.283596,19.445086,27.051256,65.629021,69.66066,61.671799
POL-2012,POL,2012,10.402209,24.512804,20.423178,28.530373,65.084984,69.250618,60.992756
POL-2013,POL,2013,9.8658543,25.755669,21.447603,29.991989,64.378479,68.71418,60.114979
POL-2014,POL,2014,9.4829636,26.995474,22.512486,31.410196,63.521564,67.921631,59.188499
POL-2015,POL,2015,9.2220259,27.747267,22.828283,32.596737,63.030708,67.753731,58.374432
POL-2016,POL,2016,8.6792269,28.711193,23.41297,33.939568,62.609581,67.723061,57.563511
POL-2017,POL,2017,7.8886991,29.919453,24.471952,35.299824,62.191849,67.511543,56.937706
POL-2018,POL,2018,7.5521989,30.919592,25.205914,36.574348,61.52821,66.904831,56.207031
POL-2019,POL,2019,7.3676858,32.014767,26.24085,37.730793,60.61755,65.978142,55.310699
POL-2020,POL,2020,6.7551556,32.875156,26.859726,38.83564,60.369686,66.027176,54.763882
PRT-1994,PRT,1994,80.88382,10.669723,9.6835575,11.556779,8.446456,9.1540852,7.8099418
PRT-1995,PRT,1995,79.913086,11.021688,9.846962,12.084323,9.0652218,9.7402868,8.4545727
PRT-1998,PRT,1998,82.148552,8.3049736,7.0072937,9.5282602,9.5464764,9.9063168,9.2072649
PRT-1999,PRT,1999,81.158997,8.6823721,7.6060624,9.699892,10.158633,10.474718,9.8598137
PRT-2000,PRT,2000,80.625755,8.8429394,7.579196,10.041828,10.531308,10.996108,10.090363
PRT-2001,PRT,2001,79.761848,9.2361002,7.606348,10.787923,11.002051,11.572887,10.45851
PRT-2002,PRT,2002,79.307739,9.4179335,7.3047819,11.436745,11.274323,11.814738,10.758035
PRT-2003,PRT,2003,77.178673,10.958982,8.8033485,13.026073,11.862341,12.16173,11.575251
PRT-2004,PRT,2004,74.843437,12.516933,10.231366,14.71818,12.639626,13.014821,12.278273
PRT-2005,PRT,2005,73.549492,12.844431,10.642068,14.966615,13.606074,13.594036,13.617675
PRT-2006,PRT,2006,72.390388,13.480192,11.274374,15.609464,14.129419,14.100322,14.157507
PRT-2007,PRT,2007,72.544418,13.692096,11.032199,16.259005,13.763488,13.792468,13.735521
PRT-2008,PRT,2008,71.75206,14.300379,11.47842,17.029045,13.947564,14.144771,13.756877
PRT-2009,PRT,2009,70.095329,14.66682,11.949241,17.297443,15.237852,15.362417,15.117272
PRT-2010,PRT,2010,68.082458,15.445285,12.255494,18.538366,16.472258,16.390604,16.551435
PRT-2011,PRT,2011,64.972481,17.25703,14.522358,19.913658,17.770487,17.526688,18.00733
PRT-2012,PRT,2012,62.369896,18.534111,15.575831,21.41597,19.095991,18.548254,19.62958
PRT-2013,PRT,2013,59.952484,19.307142,15.417459,23.073732,20.740372,20.508369,20.965033
PRT-2014,PRT,2014,56.719505,21.7169,17.184139,25.902826,21.563595,21.578482,21.549849
PRT-2015,PRT,2015,54.877064,22.857506,18.444221,26.917894,22.26543,22.933455,21.650822
PRT-2016,PRT,2016,53.085728,23.855154,19.40119,27.939878,23.05912,23.629953,22.53561
PRT-2017,PRT,2017,52.04673,24.039421,19.199572,28.471441,23.913849,24.123669,23.72171
PRT-2018,PRT,2018,50.189827,24.984337,19.692612,29.829231,24.825838,25.07633,24.596498
PRT-2019,PRT,2019,47.824013,26.284128,21.502281,30.644608,25.891859,26.194712,25.615692
PRT-2020,PRT,2020,44.603264,28.164339,22.847862,32.995258,27.232395,28.804491,25.803881
RUS-2010,RUS,2010,7.195199,50.371468,41.821381,57.851639,42.433334,49.984688,35.826916
RUS-2011,RUS,2011,7.2196174,50.557613,42.036205,58.022251,42.222771,49.677841,35.69223
RUS-2012,RUS,2012,6.9798198,50.516804,41.780033,58.174297,42.503376,50.120735,35.827011
RUS-2013,RUS,2013,6.7129874,51.261497,42.945259,58.519215,42.025513,49.225124,35.742302
RUS-2014,RUS,2014,6.6331944,51.567863,43.34174,58.748158,41.798943,48.90836,35.59338
RUS-2015,RUS,2015,6.3395805,52.42807,44.051537,59.72374,41.232349,48.52499,34.880711
RUS-2016,RUS,2016,6.0239758,53.056892,44.856056,60.210949,40.919132,47.986301,34.754036
RUS-2017,RUS,2017,4.757205,56.70015,49.453331,63.214821,38.542645,44.953972,32.779057
RUS-2018,RUS,2018,4.8022981,56.725521,49.234489,63.460545,38.472183,45.109924,32.504326
SVK-1997,SVK,1997,21.415857,10.498405,11.651806,9.3868341,68.085739,73.205383,63.151764
SVK-1998,SVK,1998,19.799397,10.290984,11.42451,9.1972275,69.909622,74.637138,65.347961
SVK-1999,SVK,1999,17.563154,10.064605,11.041359,9.1207533,72.372238,77.090103,67.813301
SVK-2000,SVK,2000,16.193579,10.37334,10.959901,9.8055792,73.433083,77.92009,69.089882
SVK-2001,SVK,2001,14.879944,10.942797,11.300043,10.596579,74.177261,78.490456,69.997215
SVK-2002,SVK,2002,14.090524,10.958904,10.847263,11.067083,74.950569,79.259628,70.775116
SVK-2003,SVK,2003,13.300556,11.784762,11.806131,11.764061,74.91468,78.507576,71.43399
SVK-2004,SVK,2004,13.002023,12.776853,12.776643,12.777056,74.221123,77.890732,70.660858
SVK-2005,SVK,2005,12.130613,14.004099,14.613985,13.411284,73.865288,76.51458,71.290161
SVK-2006,SVK,2006,11.190296,14.567307,15.167458,13.981843,74.242401,76.770348,71.776314
SVK-2007,SVK,2007,10.840645,14.438412,14.134305,14.735466,74.72094,77.735916,71.775894
SVK-2008,SVK,2008,10.066078,14.763523,14.460915,15.060336,75.170403,78.229965,72.169426
SVK-2009,SVK,2009,9.0549088,15.762831,14.884904,16.626591,75.182259,78.351387,72.06427
SVK-2010,SVK,2010,9.034791,17.327984,15.694606,18.939117,73.63723,77.152206,70.170113
SVK-2011,SVK,2011,8.7385187,18.617317,16.824114,20.399017,72.644165,76.433449,68.879189
SVK-2012,SVK,2012,8.2851295,18.979084,16.695482,21.252121,72.735786,76.771286,68.718964
SVK-2013,SVK,2013,8.2006197,19.87734,17.869171,21.877571,71.922043,75.724045,68.135063
SVK-2014,SVK,2014,9.1611462,20.379578,18.226486,22.530985,70.459274,73.974831,66.946465
SVK-2015,SVK,2015,8.7147398,21.149881,18.404339,23.898914,70.135376,74.237206,66.028343
SVK-2016,SVK,2016,8.2509651,21.979519,18.87179,25.099613,69.769516,74.100517,65.42128
SVK-2017,SVK,2017,8.6990681,23.095415,19.760481,26.452528,68.205521,72.749466,63.631351
SVK-2018,SVK,2018,8.4211197,24.58342,20.983791,28.216055,66.995461,71.502182,62.447418
SVK-2019,SVK,2019,8.7892141,25.786274,21.704424,29.91453,65.424515,70.237663,60.556641
SVK-2020,SVK,2020,7.5463114,26.773348,22.011438,31.597046,65.680344,71.116478,60.173664
SVN-2000,SVN,2000,25.176582,15.726464,14.122491,17.341646,59.096954,65.1269,53.024876
SVN-2002,SVN,2002,22.982054,15.257369,13.418317,17.137419,61.760578,67.47995,55.913704
SVN-2003,SVN,2003,21.86058,17.744364,15.434653,20.10025,60.395054,66.4095,54.26038
SVN-2004,SVN,2004,20.331007,19.040981,16.431631,21.706018,60.628014,66.640808,54.486889
SVN-2005,SVN,2005,19.703846,20.171976,17.583389,22.831985,60.12418,65.517113,54.582447
SVN-2006,SVN,2006,18.436632,21.387041,18.378719,24.460098,60.176327,65.420586,54.819218
SVN-2007,SVN,2007,18.181656,22.227602,18.753334,25.809883,59.590744,65.292976,53.711231
SVN-2008,SVN,2008,17.956785,22.637665,18.982487,26.446932,59.405548,65.043884,53.529526
SVN-2009,SVN,2009,16.713486,23.315817,18.952723,27.864328,59.970695,66.288422,53.384491
SVN-2010,SVN,2010,16.689947,23.716619,19.464472,28.145533,59.593433,65.687553,53.245975
SVN-2011,SVN,2011,15.523709,25.09059,20.281788,30.120878,59.3857,66.059586,52.404423
SVN-2012,SVN,2012,15.027221,26.439035,21.10297,31.995443,58.533745,65.052078,51.74625
SVN-2013,SVN,2013,14.546692,27.880541,22.710682,33.303898,57.572769,63.500992,51.353859
SVN-2014,SVN,2014,14.274657,28.600916,23.440107,34.072308,57.124428,63.685753,50.168236
SVN-2015,SVN,2015,13.213673,30.173296,24.047276,36.687336,56.613033,63.916119,48.84737
SVN-2016,SVN,2016,12.65544,30.735788,24.278795,37.551964,56.608772,64.348885,48.438099
SVN-2017,SVN,2017,12.3177,34.302807,28.41753,39.377754,53.379494,60.170712,47.523338
SVN-2018,SVN,2018,11.862703,32.455208,26.375181,38.859341,55.682087,62.456078,48.547001
SVN-2019,SVN,2019,11.202892,33.283279,26.791559,40.225487,55.513828,62.466618,48.078552
SVN-2020,SVN,2020,9.7609425,35.881027,29.27351,43.015697,54.358028,61.780827,46.343037
SWE-1991,SWE,1991,30.885897,25.235058,24.903376,25.576601,43.879047,43.25029,44.526493
SWE-1992,SWE,1992,29.650333,25.830162,25.4154,26.258766,44.519505,43.847412,45.214027
SWE-1994,SWE,1994,26.845686,27.01993,25.781836,28.307768,46.134384,45.571159,46.720234
SWE-1995,SWE,1995,25.347328,28.309612,27.135748,29.530975,46.34306,45.84536,46.860897
SWE-1997,SWE,1997,24.683062,27.536875,26.233829,28.875975,47.780064,47.628525,47.935795
SWE-1998,SWE,1998,23.859674,27.991739,26.474819,29.554188,48.148586,47.93969,48.36375
SWE-1999,SWE,1999,23.393442,28.748779,27.095663,30.452808,47.857777,47.860485,47.854984
SWE-2000,SWE,2000,22.448189,30.122953,28.110241,32.199219,47.42886,47.786186,47.060246
SWE-2001,SWE,2001,19.359905,31.602741,29.704935,33.559277,49.037354,49.212776,48.856503
SWE-2002,SWE,2002,18.423943,32.56509,30.346062,34.85194,49.010967,49.43766,48.571232
SWE-2003,SWE,2003,17.800028,33.419739,31.010715,35.901234,48.780231,49.503696,48.035007
SWE-2004,SWE,2004,17.057032,34.529377,31.638466,37.503696,48.413593,49.244305,47.55891
SWE-2005,SWE,2005,16.40815,29.645443,25.071199,34.353493,53.946407,56.455326,51.364094
SWE-2006,SWE,2006,15.924377,30.520433,25.998913,35.169765,53.555191,56.07724,50.961845
SWE-2007,SWE,2007,15.411971,31.328465,26.804079,35.980637,53.259563,55.972328,50.470181
SWE-2008,SWE,2008,14.958108,32.02702,27.286299,36.906319,53.01487,56.08675,49.853195
SWE-2009,SWE,2009,14.261111,33.060085,28.141668,38.117825,52.678806,56.009247,49.254021
SWE-2010,SWE,2010,13.727367,33.868935,28.961029,38.915661,52.403698,55.820549,48.890202
SWE-2011,SWE,2011,12.964911,35.174355,29.544264,40.965481,51.860733,55.979431,47.624233
SWE-2012,SWE,2012,12.497745,35.698952,30.078955,41.47477,51.803307,55.91975,47.572727
SWE-2013,SWE,2013,11.829718,37.034386,31.174072,43.063572,51.135899,55.624168,46.518291
SWE-2014,SWE,2014,18.445162,38.700306,32.535137,45.048241,42.85453,48.252113,37.29694
SWE-2015,SWE,2015,18.024088,39.786552,33.02187,46.754311,42.189362,47.87674,36.331245
SWE-2016,SWE,2016,17.272491,41.139179,34.458351,48.042187,41.588329,47.493156,35.487129
SWE-2017,SWE,2017,17.003588,41.936691,35.476173,48.62455,41.059723,46.794205,35.123444
SWE-2018,SWE,2018,16.712725,43.247318,36.428112,50.303387,40.039955,45.640575,34.244801
SWE-2019,SWE,2019,16.366867,43.970543,36.802536,51.407867,39.662586,45.289131,33.824646
SWE-2020,SWE,2020,16.099548,44.608795,37.316448,52.181118,39.291656,45.343319,33.007652
TUR-1991,TUR,1991,82.280052,6.3314686,7.5748739,4.4307685,11.388478,12.224531,10.110466
TUR-1992,TUR,1992,86.381432,4.7576094,6.6192346,2.8581679,8.8609562,11.555142,6.112041
TUR-1994,TUR,1994,80.244736,7.0107942,8.2041521,5.29741,12.74447,14.042245,10.881166
TUR-1995,TUR,1995,76.977737,8.3635979,9.6747255,6.6455889,14.658667,16.013178,12.883808
TUR-1997,TUR,1997,78.995949,7.5800052,8.8831902,5.8980436,13.424049,15.385793,10.892117
TUR-1998,TUR,1998,78.171303,7.4544587,8.8430605,5.6745639,14.374236,16.394894,11.784178
TUR-1999,TUR,1999,77.53083,8.0786676,9.3955412,6.4062428,14.390502,16.258217,12.018511
TUR-2000,TUR,2000,76.703934,8.3461838,9.6295271,6.7412806,14.949884,17.080616,12.285268
TUR-2001,TUR,2001,76.448608,8.4432325,9.7764606,6.7813683,15.108155,17.586857,12.018464
TUR-2002,TUR,2002,74.994644,9.1408987,10.597614,7.3541102,15.864458,18.602541,12.505962
TUR-2003,TUR,2003,73.536079,9.7044678,11.379658,7.6899786,16.759451,19.650051,13.283379
TUR-2004,TUR,2004,72.799454,9.653903,11.420965,7.5607066,17.546646,20.34609,14.230527
TUR-2005,TUR,2005,71.917953,10.23861,11.905375,8.2725058,17.843439,20.910145,14.225973
TUR-2006,TUR,2006,70.854713,10.919287,12.532948,9.0134163,18.225998,21.118362,14.809874
TUR-2007,TUR,2007,70.408333,11.290907,12.924713,9.3783531,18.300762,21.082865,15.043995
TUR-2008,TUR,2008,69.691528,12.040659,13.642329,10.178893,18.267813,20.931759,15.171267
TUR-2009,TUR,2009,68.94503,12.710275,14.15733,11.04001,18.344694,21.025909,15.249899
TUR-2010,TUR,2010,68.793961,13.118464,14.764297,11.218709,18.087578,20.842369,14.907773
TUR-2011,TUR,2011,67.851822,14.034094,15.678202,12.137356,18.114084,20.768888,15.051348
TUR-2012,TUR,2012,66.135818,15.290227,16.887274,13.454704,18.573956,21.297602,15.443606
TUR-2013,TUR,2013,65.167839,15.907355,17.498672,14.094731,18.924805,21.577271,15.903454
TUR-2014,TUR,2014,64.367012,16.693634,18.234095,14.930908,18.939352,21.585028,15.911946
TUR-2015,TUR,2015,63.007553,18.020138,19.456432,16.383751,18.972311,21.634813,15.93889
TUR-2016,TUR,2016,61.486542,19.362528,20.724001,17.828663,19.15093,21.83629,16.125542
TUR-2017,TUR,2017,60.708405,20.013071,21.169254,18.717081,19.278526,21.891384,16.349726
TUR-2018,TUR,2018,59.763054,20.780222,21.766516,19.684227,19.456722,22.162004,16.450544
TUR-2019,TUR,2019,58.29987,21.951159,23.037657,20.753014,19.74897,22.25272,16.987946
USA-1990,USA,1990,16.766804,23.647634,26.522311,20.899049,59.585562,56.35856,62.671018
USA-1991,USA,1991,16.288632,23.749318,26.188851,21.411994,59.96205,57.119923,62.685101
USA-1992,USA,1992,15.957628,30.168661,31.896538,28.510414,53.873711,51.863548,55.802868
USA-1993,USA,1993,15.101262,31.34177,33.102524,29.642122,53.556969,51.462322,55.578918
USA-1994,USA,1994,14.857755,32.240868,33.761494,30.767853,52.901375,50.911629,54.828823
USA-1995,USA,1995,14.20853,33.278633,34.898369,31.711979,52.512836,50.388214,54.567833
USA-1996,USA,1996,14.340582,33.91544,34.691181,33.167648,51.743977,50.482288,52.960209
USA-1997,USA,1997,14.087601,34.06329,34.615559,33.52882,51.84911,50.568317,53.088627
USA-1998,USA,1998,13.544776,34.871624,35.487221,34.27697,51.583603,50.292728,52.830551
USA-1999,USA,1999,13.080087,35.761505,36.516602,35.037582,51.158409,49.834217,52.427933
USA-2000,USA,2000,12.557263,36.494774,36.878101,36.128067,50.94796,50.224819,51.639755
USA-2001,USA,2001,12.616223,37.520222,37.539955,37.501244,49.863556,49.274887,50.42971
USA-2002,USA,2002,12.656256,38.133007,37.963535,38.296085,49.210739,48.563362,49.833706
USA-2003,USA,2003,12.469723,38.42197,37.905041,38.920006,49.108307,48.598309,49.599659
USA-2004,USA,2004,12.092218,39.052998,38.438286,39.64632,48.854782,48.542862,49.155849
USA-2005,USA,2005,12.225618,39.054729,37.947601,40.124405,48.719654,48.9888,48.45961
USA-2006,USA,2006,12.203516,39.486282,38.340942,40.598663,48.3102,48.486736,48.138744
USA-2007,USA,2007,12.088685,40.270866,38.767502,41.730682,47.640446,47.944576,47.345131
USA-2008,USA,2008,11.304346,41.10516,39.341179,42.823307,47.590492,48.19083,47.005756
USA-2009,USA,2009,11.355431,41.214626,38.974968,43.397057,47.429943,48.636074,46.254631
USA-2010,USA,2010,11.030482,41.662415,39.286079,43.973343,47.307102,48.676765,45.97514
USA-2011,USA,2011,10.741901,42.44838,40.254238,44.586857,46.809719,48.095036,45.557011
USA-2012,USA,2012,10.692155,43.052437,40.880066,45.133545,46.255409,47.580898,44.985603
USA-2013,USA,2013,10.371985,43.910252,41.350658,46.359722,45.717762,47.271587,44.230789
USA-2014,USA,2014,10.429553,44.224617,41.449047,46.897011,45.345833,47.087082,43.669308
USA-2015,USA,2015,10.457861,44.629398,41.735706,47.412323,44.912739,46.939987,42.963097
USA-2016,USA,2016,9.8527498,45.666355,42.716476,48.507526,44.480896,46.620445,42.420189
USA-2017,USA,2017,9.3544931,46.3568,43.039238,49.545597,44.288704,46.787632,41.886772
USA-2018,USA,2018,9.1761637,47.431145,44.312847,50.435326,43.392693,45.757004,41.114902
USA-2019,USA,2019,9.1898708,48.340187,45.024239,51.534691,42.469944,44.949524,40.081177
USA-2020,USA,2020,8.2770815,50.055275,46.559158,53.423653,41.667641,44.396774,39.038227
ZAF-2010,ZAF,2010,57.293068,6.860743,7.7478127,6.0362172,35.846188,36.980247,34.792088
ZAF-2011,ZAF,2011,56.113945,7.147109,8.0584145,6.2947421,36.738945,37.644058,35.892372
ZAF-2012,ZAF,2012,58.530075,9.5728703,10.057694,9.1173849,31.897055,32.816669,31.033089
ZAF-2013,ZAF,2013,60.621803,12.632441,12.8367,12.439316,26.745756,27.382154,26.144051
ZAF-2014,ZAF,2014,59.530769,12.759739,12.820092,12.702259,27.709494,28.29941,27.147659
ZAF-2015,ZAF,2015,59.361786,13.034455,12.6703,13.382331,27.603758,28.257734,26.979023
ZAF-2016,ZAF,2016,58.211182,13.804585,13.194118,14.389567,27.984232,28.70327,27.295212
ZAF-2017,ZAF,2017,55.935062,15.495651,14.91624,16.05265,28.569286,29.182283,27.979998
ZAF-2018,ZAF,2018,55.297176,15.387996,14.855694,15.901568,29.314827,30.129017,28.529285
ZAF-2019,ZAF,2019,54.462048,15.798151,15.127214,16.446951,29.739803,30.516876,28.988367
ZAF-2020,ZAF,2020,52.348087,15.839705,14.797209,16.851519,31.812206,32.806484,30.847193
