LocationTime,LOCATION,TIME,employment_val_BUPPSRY_PC_25_64,employment_val_TRY_PC_25_64,employment_val_UPPSRY_NTRY_PC_25_64
ARG-2004,ARG,2004,65.440788,85.210709,69.934204
ARG-2005,ARG,2005,65.654251,85.825768,71.392929
ARG-2006,ARG,2006,66.444931,87.23188,72.27359
ARG-2008,ARG,2008,66.380959,86.456985,73.212509
ARG-2009,ARG,2009,65.853905,86.653343,73.349998
ARG-2010,ARG,2010,65.87809,87.174286,73.179993
ARG-2011,ARG,2011,67.032326,87.517441,73.927986
ARG-2012,ARG,2012,67.033287,87.057755,73.725998
ARG-2013,ARG,2013,65.990105,86.816681,74.106613
ARG-2014,ARG,2014,65.421463,86.7799,72.90107
ARG-2017,ARG,2017,65.319916,85.47583,73.76062
ARG-2018,ARG,2018,65.237976,86.179726,73.644089
ARG-2019,ARG,2019,64.698357,86.585098,73.143913
ARG-2020,ARG,2020,58.216255,82.458267,67.221558
AUS-1991,AUS,1991,52.844791,75.202911,74.981415
AUS-1993,AUS,1993,57.816246,82.031517,73.062935
AUS-1994,AUS,1994,59.492508,82.405853,74.588097
AUS-1995,AUS,1995,60.216778,83.269669,75.46154
AUS-1997,AUS,1997,59.477005,83.351204,76.053093
AUS-1998,AUS,1998,59.454018,83.751465,75.860077
AUS-1999,AUS,1999,59.088787,81.962997,76.193909
AUS-2000,AUS,2000,60.819241,82.878609,76.703751
AUS-2001,AUS,2001,59.895683,83.107796,78.041
AUS-2002,AUS,2002,60.002323,83.477089,77.834595
AUS-2003,AUS,2003,61.008137,83.229851,78.719017
AUS-2004,AUS,2004,60.640072,83.272232,78.756203
AUS-2005,AUS,2005,62.907692,84.412949,79.842407
AUS-2006,AUS,2006,63.472088,84.353523,80.391235
AUS-2007,AUS,2007,63.865177,84.823486,80.511581
AUS-2008,AUS,2008,61.529007,83.105896,80.865669
AUS-2009,AUS,2009,66.119377,84.255821,80.237244
AUS-2010,AUS,2010,65.07019,84.019539,80.467789
AUS-2011,AUS,2011,65.794937,84.305344,80.742584
AUS-2012,AUS,2012,66.24485,84.437431,80.493423
AUS-2013,AUS,2013,60.332756,83.484528,77.702675
AUS-2014,AUS,2014,59.668468,82.947945,77.342133
AUS-2015,AUS,2015,58.48666,83.097328,77.96656
AUS-2016,AUS,2016,58.07053,83.515259,78.176628
AUS-2017,AUS,2017,58.893112,83.951401,78.158249
AUS-2018,AUS,2018,60.128365,84.066086,77.335503
AUS-2019,AUS,2019,61.919876,84.568695,79.007721
AUS-2020,AUS,2020,56.469299,81.466423,74.49202
AUT-2004,AUT,2004,53.086536,81.182159,72.127136
AUT-2005,AUT,2005,53.223949,82.9729,72.82415
AUT-2006,AUT,2006,53.873268,84.034286,73.169075
AUT-2007,AUT,2007,56.105774,85.274979,74.221077
AUT-2008,AUT,2008,55.389305,85.311211,75.710861
AUT-2009,AUT,2009,54.014412,85.076073,75.334251
AUT-2010,AUT,2010,54.844025,84.857811,75.857109
AUT-2011,AUT,2011,55.126537,85.419113,75.619888
AUT-2012,AUT,2012,54.681053,86.004967,75.85466
AUT-2013,AUT,2013,54.057014,85.748413,76.202034
AUT-2014,AUT,2014,53.03339,85.321945,75.902626
AUT-2015,AUT,2015,52.858994,85.35099,75.731094
AUT-2016,AUT,2016,53.937981,86.212219,75.909683
AUT-2017,AUT,2017,54.064987,86.44706,76.641907
AUT-2018,AUT,2018,55.321404,86.282066,77.626114
AUT-2019,AUT,2019,55.563885,86.463249,78.067055
AUT-2020,AUT,2020,53.948326,86.016808,76.374619
BEL-1991,BEL,1991,48.616089,85.070267,75.237045
BEL-1992,BEL,1992,48.796589,84.933197,75.079285
BEL-1994,BEL,1994,47.749702,83.707924,72.841629
BEL-1995,BEL,1995,47.266621,83.713875,72.07476
BEL-2000,BEL,2000,50.519871,85.308243,75.092308
BEL-2001,BEL,2001,48.972729,84.477966,73.902603
BEL-2002,BEL,2002,48.756512,83.739975,73.819321
BEL-2003,BEL,2003,48.931946,83.600479,72.764198
BEL-2004,BEL,2004,48.780857,83.871811,73.063675
BEL-2005,BEL,2005,48.973824,84.186348,73.987434
BEL-2006,BEL,2006,48.991562,83.597969,73.192039
BEL-2007,BEL,2007,49.787991,84.898537,74.18573
BEL-2008,BEL,2008,49.431824,84.71759,74.738068
BEL-2009,BEL,2009,47.964371,84.222946,74.008049
BEL-2010,BEL,2010,48.907856,83.986328,74.490921
BEL-2011,BEL,2011,47.724239,84.19278,74.001999
BEL-2012,BEL,2012,47.566116,84.561577,73.492508
BEL-2013,BEL,2013,47.82542,84.14119,73.590157
BEL-2014,BEL,2014,47.473766,84.744164,72.793587
BEL-2015,BEL,2015,46.631485,84.585976,72.179436
BEL-2016,BEL,2016,46.364117,85.194183,72.983177
BEL-2017,BEL,2017,46.53194,85.217384,73.307259
BEL-2018,BEL,2018,46.481766,86.099861,74.1306
BEL-2019,BEL,2019,47.356865,86.435471,74.593086
BEL-2020,BEL,2020,46.902103,86.164154,73.420418
BRA-2007,BRA,2007,68.792847,85.791977,76.925064
BRA-2008,BRA,2008,69.42466,85.955757,77.742615
BRA-2009,BRA,2009,68.749107,85.638741,77.401581
BRA-2011,BRA,2011,67.120605,85.291367,70.108574
BRA-2012,BRA,2012,66.769585,85.749039,77.300591
BRA-2013,BRA,2013,66.87867,85.05883,76.272385
BRA-2014,BRA,2014,67.845276,84.961212,76.706406
BRA-2015,BRA,2015,65.005676,83.363411,73.922913
BRA-2016,BRA,2016,60.694752,84.018433,73.208847
BRA-2017,BRA,2017,59.701927,82.572739,72.444252
BRA-2018,BRA,2018,59.720772,83.178795,72.51487
BRA-2019,BRA,2019,59.908241,84.000671,73.244072
BRA-2020,BRA,2020,53.188389,79.820313,67.144112
CAN-1990,CAN,1990,57.55814,84.430695,76.466599
CAN-1991,CAN,1991,54.967037,83.309212,74.607841
CAN-1992,CAN,1992,52.683384,82.40741,73.154472
CAN-1993,CAN,1993,52.010925,82.054077,72.074715
CAN-1994,CAN,1994,52.575001,81.491608,72.82151
CAN-1995,CAN,1995,52.217899,82.128853,73.042099
CAN-1996,CAN,1996,52.058113,81.342621,73.03125
CAN-1997,CAN,1997,52.627117,81.659386,73.905594
CAN-1998,CAN,1998,53.55685,82.307068,74.442566
CAN-1999,CAN,1999,54.460518,82.387871,75.252525
CAN-2000,CAN,2000,54.811321,82.643623,75.989212
CAN-2001,CAN,2001,54.260986,81.932716,75.422333
CAN-2002,CAN,2002,55.051193,81.880859,75.865143
CAN-2003,CAN,2003,56.373428,82.102196,76.30143
CAN-2004,CAN,2004,57.027225,82.173859,76.647316
CAN-2005,CAN,2005,56.153847,82.089737,76.264534
CAN-2006,CAN,2006,56.742012,82.538155,75.969109
CAN-2007,CAN,2007,57.078003,82.811234,76.485977
CAN-2008,CAN,2008,57.680916,82.420067,76.343781
CAN-2009,CAN,2009,54.882301,81.585625,73.720863
CAN-2010,CAN,2010,55.128204,81.286049,73.987541
CAN-2011,CAN,2011,55.03513,81.50042,74.153801
CAN-2012,CAN,2012,56.157162,81.540642,74.628586
CAN-2013,CAN,2013,56.475903,81.89296,74.619583
CAN-2014,CAN,2014,55.775234,81.628288,73.893745
CAN-2015,CAN,2015,55.196552,81.770493,73.532867
CAN-2016,CAN,2016,54.560349,81.841385,73.611115
CAN-2017,CAN,2017,55.593803,82.389374,74.156807
CAN-2018,CAN,2018,55.602409,82.702705,74.461403
CAN-2019,CAN,2019,56.449631,83.111526,74.549652
CAN-2020,CAN,2020,54.023746,79.462875,70.191864
CHE-1991,CHE,1991,71.32328,90.475708,80.1464
CHE-1992,CHE,1992,69.190521,89.794479,80.387695
CHE-1994,CHE,1994,67.921509,88.274429,78.620277
CHE-1995,CHE,1995,67.379211,90.198669,79.671135
CHE-1997,CHE,1997,67.969604,89.109146,79.63813
CHE-1998,CHE,1998,68.779854,90.316689,80.811539
CHE-1999,CHE,1999,68.331108,90.658318,80.861259
CHE-2000,CHE,2000,64.46402,90.403908,81.430428
CHE-2001,CHE,2001,69.605507,91.333633,81.30278
CHE-2002,CHE,2002,68.221146,90.575165,81.102837
CHE-2003,CHE,2003,66.255959,89.6521,80.543655
CHE-2004,CHE,2004,65.375191,89.670784,79.913475
CHE-2005,CHE,2005,65.251854,90.017555,79.980438
CHE-2006,CHE,2006,64.473915,90.179916,80.237289
CHE-2007,CHE,2007,65.966141,89.997292,81.0914
CHE-2008,CHE,2008,67.624359,90.469116,82.030411
CHE-2009,CHE,2009,67.486542,89.604568,81.652885
CHE-2010,CHE,2010,66.138481,87.327576,79.785439
CHE-2011,CHE,2011,66.620018,87.892036,81.529343
CHE-2012,CHE,2012,66.815224,88.552856,81.271576
CHE-2013,CHE,2013,67.016556,88.081001,80.660667
CHE-2014,CHE,2014,67.452423,88.040604,81.094078
CHE-2015,CHE,2015,67.571083,88.198875,81.920921
CHE-2016,CHE,2016,67.597321,88.492294,81.85627
CHE-2017,CHE,2017,67.160423,88.253677,81.832123
CHE-2018,CHE,2018,68.587822,88.679741,81.676201
CHE-2019,CHE,2019,68.791687,89.3713,82.107124
CHE-2020,CHE,2020,69.120865,88.934608,81.219452
CHL-2009,CHL,2009,57.076309,82.591125,68.828453
CHL-2011,CHL,2011,59.95084,84.29744,70.344803
CHL-2013,CHL,2013,61.319107,83.981934,71.587563
CHL-2015,CHL,2015,62.158195,84.405441,71.810188
CHL-2017,CHL,2017,62.410728,84.466148,71.874092
CHL-2020,CHL,2020,52.084259,80.033325,62.624771
COL-2014,COL,2014,72.179565,84.353065,76.281158
COL-2015,COL,2015,71.94149,83.759758,76.975761
COL-2016,COL,2016,71.979202,82.525581,76.484291
COL-2017,COL,2017,71.794205,83.000542,75.1996
COL-2018,COL,2018,71.09211,81.974762,74.945816
COL-2019,COL,2019,69.47451,81.359108,73.817146
COL-2020,COL,2020,61.813076,74.228973,65.633812
CRI-1990,CRI,1990,56.926033,77.664375,70.54055
CRI-1991,CRI,1991,56.188293,79.329597,69.887222
CRI-1992,CRI,1992,56.452,78.400902,68.428177
CRI-1993,CRI,1993,57.102432,80.046448,68.568092
CRI-1994,CRI,1994,58.26001,78.006798,70.439384
CRI-1995,CRI,1995,58.913231,78.183334,71.144424
CRI-1996,CRI,1996,56.965866,80.563759,67.222862
CRI-1997,CRI,1997,59.99564,82.073799,67.886566
CRI-1998,CRI,1998,60.982613,80.992729,70.951088
CRI-1999,CRI,1999,61.357746,81.605812,70.844193
CRI-2000,CRI,2000,61.59605,82.1614,70.986984
CRI-2001,CRI,2001,63.489506,83.611443,73.316238
CRI-2002,CRI,2002,63.410751,84.669533,71.242462
CRI-2003,CRI,2003,63.34066,83.751411,72.282898
CRI-2004,CRI,2004,62.776333,81.76635,71.887047
CRI-2005,CRI,2005,65.914574,84.503532,72.513893
CRI-2006,CRI,2006,66.147629,83.774475,71.005692
CRI-2007,CRI,2007,67.708755,83.970078,71.649071
CRI-2008,CRI,2008,67.077698,83.231461,73.257668
CRI-2009,CRI,2009,64.507881,84.303986,72.93705
CRI-2010,CRI,2010,64.263031,83.639328,73.494446
CRI-2011,CRI,2011,61.148151,81.227402,72.280754
CRI-2012,CRI,2012,65.437431,82.175148,74.14592
CRI-2013,CRI,2013,65.945564,82.00811,72.504944
CRI-2014,CRI,2014,65.438843,82.271797,73.132286
CRI-2015,CRI,2015,64.481216,81.229309,71.712273
CRI-2016,CRI,2016,61.668736,80.602211,71.112854
CRI-2017,CRI,2017,63.806953,80.824501,69.137001
CRI-2018,CRI,2018,65.368034,80.942894,69.846558
CRI-2019,CRI,2019,65.622574,82.156219,72.815857
CRI-2020,CRI,2020,57.276474,76.803146,64.303535
CZE-1994,CZE,1994,55.94545,90.673035,82.251007
CZE-1995,CZE,1995,55.585411,91.861259,82.44651
CZE-1997,CZE,1997,51.074863,89.319771,79.668602
CZE-1998,CZE,1998,49.501915,88.654297,78.203987
CZE-1999,CZE,1999,46.921894,87.393341,76.380905
CZE-2000,CZE,2000,46.878235,86.837059,75.545921
CZE-2001,CZE,2001,46.677689,87.750053,75.7313
CZE-2002,CZE,2002,45.287331,87.063774,76.23436
CZE-2003,CZE,2003,45.96307,86.460495,75.829086
CZE-2004,CZE,2004,42.303959,86.382202,74.798615
CZE-2005,CZE,2005,41.195751,85.798317,75.487686
CZE-2006,CZE,2006,43.939117,85.073532,75.553139
CZE-2007,CZE,2007,45.668751,85.218811,76.120239
CZE-2008,CZE,2008,46.547138,85.116821,76.596436
CZE-2009,CZE,2009,43.948586,84.264351,75.092216
CZE-2010,CZE,2010,43.15493,83.333153,74.4925
CZE-2011,CZE,2011,42.19772,83.094688,75.280701
CZE-2012,CZE,2012,40.431568,83.56321,75.922844
CZE-2013,CZE,2013,41.836891,84.885902,76.598831
CZE-2014,CZE,2014,43.02264,84.497963,77.571945
CZE-2015,CZE,2015,41.919285,84.831734,78.945419
CZE-2016,CZE,2016,45.122135,85.599098,80.725128
CZE-2017,CZE,2017,50.521461,86.036484,82.215881
CZE-2018,CZE,2018,52.233006,87.262779,83.511574
CZE-2019,CZE,2019,55.278542,86.606911,83.994926
CZE-2020,CZE,2020,57.004353,85.621941,83.538231
DEU-1991,DEU,1991,49.910133,85.013275,72.35878
DEU-1992,DEU,1992,51.890175,84.653061,71.75132
DEU-1994,DEU,1994,49.00457,83.358749,70.181198
DEU-1995,DEU,1995,49.236652,84.151466,70.956406
DEU-1997,DEU,1997,45.705223,82.290977,68.222221
DEU-1998,DEU,1998,46.114658,82.210487,67.916527
DEU-1999,DEU,1999,48.747017,82.973106,69.875267
DEU-2000,DEU,2000,50.598801,83.401245,70.378204
DEU-2001,DEU,2001,51.81617,83.424339,70.535309
DEU-2002,DEU,2002,50.925064,83.558861,70.330383
DEU-2003,DEU,2003,50.15181,82.973022,69.734657
DEU-2004,DEU,2004,48.576359,82.653915,69.45546
DEU-2005,DEU,2005,51.573818,82.865166,70.591591
DEU-2006,DEU,2006,53.769577,84.33522,72.533493
DEU-2007,DEU,2007,54.629837,85.467903,74.382507
DEU-2008,DEU,2008,55.277187,85.819786,75.336967
DEU-2009,DEU,2009,54.926422,86.414375,75.499069
DEU-2010,DEU,2010,55.349537,86.929436,76.321815
DEU-2011,DEU,2011,56.529499,87.853821,77.594276
DEU-2012,DEU,2012,57.46994,87.890465,78.183426
DEU-2013,DEU,2013,57.914753,87.763885,78.824455
DEU-2014,DEU,2014,57.983791,88.078751,79.660805
DEU-2015,DEU,2015,58.731674,88.13018,79.915161
DEU-2016,DEU,2016,59.416393,88.329994,80.961189
DEU-2017,DEU,2017,60.017593,88.58493,81.59716
DEU-2018,DEU,2018,60.951149,88.895027,82.278389
DEU-2019,DEU,2019,61.942692,89.345268,82.785255
DEU-2020,DEU,2020,62.644703,88.669289,82.157883
DNK-1991,DNK,1991,61.964344,89.32708,80.894974
DNK-1992,DNK,1992,61.661186,88.758072,80.804176
DNK-1994,DNK,1994,60.119549,88.505684,79.862686
DNK-1995,DNK,1995,61.472237,88.618248,80.470116
DNK-1998,DNK,1998,60.857647,87.48867,79.116905
DNK-1999,DNK,1999,61.676125,87.872902,80.734215
DNK-2000,DNK,2000,62.469681,88.410698,80.931572
DNK-2001,DNK,2001,61.540264,87.199196,80.952553
DNK-2002,DNK,2002,61.17897,86.016006,80.331329
DNK-2003,DNK,2003,62.662125,85.192345,79.761818
DNK-2004,DNK,2004,61.698513,85.53891,79.827087
DNK-2005,DNK,2005,61.519829,86.435089,79.935875
DNK-2006,DNK,2006,62.756851,87.439705,81.282875
DNK-2007,DNK,2007,67.496246,87.203529,82.279282
DNK-2008,DNK,2008,66.725883,87.843956,81.370178
DNK-2009,DNK,2009,63.210625,86.004707,78.272186
DNK-2010,DNK,2010,60.972359,85.256737,77.806847
DNK-2011,DNK,2011,60.681927,85.386017,77.94986
DNK-2012,DNK,2012,59.152397,85.644394,77.52253
DNK-2013,DNK,2013,58.606014,85.803421,77.874519
DNK-2014,DNK,2014,59.843922,85.325394,78.09037
DNK-2015,DNK,2015,59.170334,85.606461,79.556328
DNK-2016,DNK,2016,61.461666,85.378372,79.909019
DNK-2017,DNK,2017,61.138855,85.923767,80.767326
DNK-2018,DNK,2018,61.091515,86.608482,81.561127
DNK-2019,DNK,2019,60.748222,87.609886,82.051392
DNK-2020,DNK,2020,60.465584,88.269753,80.746338
ESP-1991,ESP,1991,49.473621,78.922905,72.446632
ESP-1992,ESP,1992,48.402565,77.869705,68.895737
ESP-1994,ESP,1994,45.733646,74.195328,64.75489
ESP-1995,ESP,1995,46.294727,74.693459,65.146049
ESP-1997,ESP,1997,49.033569,75.660721,66.789864
ESP-1998,ESP,1998,50.42374,76.660889,67.611267
ESP-1999,ESP,1999,52.091923,78.043571,69.911438
ESP-2000,ESP,2000,53.808907,79.702477,71.992584
ESP-2001,ESP,2001,55.117779,80.588654,71.655319
ESP-2002,ESP,2002,56.092781,80.773567,71.902039
ESP-2003,ESP,2003,57.077961,81.488586,72.617111
ESP-2004,ESP,2004,57.570614,82.189438,73.381233
ESP-2005,ESP,2005,58.790493,82.742996,75.070641
ESP-2006,ESP,2006,59.995861,83.738258,76.308411
ESP-2007,ESP,2007,60.633377,84.703682,76.553085
ESP-2008,ESP,2008,59.148918,83.897774,75.456436
ESP-2009,ESP,2009,54.053894,81.41156,71.020126
ESP-2010,ESP,2010,53.04237,80.073509,69.325081
ESP-2011,ESP,2011,52.349545,79.242912,67.89875
ESP-2012,ESP,2012,49.271648,77.462303,66.336761
ESP-2013,ESP,2013,48.339825,76.3937,64.481842
ESP-2014,ESP,2014,49.384544,77.223129,65.893608
ESP-2015,ESP,2015,51.587471,78.534706,67.698692
ESP-2016,ESP,2016,53.882187,79.811272,69.235588
ESP-2017,ESP,2017,55.527878,80.939743,70.187393
ESP-2018,ESP,2018,57.405262,81.628616,70.932465
ESP-2019,ESP,2019,58.541592,81.930359,71.923203
ESP-2020,ESP,2020,56.477238,79.928398,68.895836
EST-1997,EST,1997,47.446205,82.90313,74.686195
EST-1998,EST,1998,47.671066,81.731743,73.835678
EST-1999,EST,1999,43.944023,80.856842,71.047562
EST-2000,EST,2000,39.802414,79.529953,68.715416
EST-2001,EST,2001,41.678741,80.241455,69.13546
EST-2002,EST,2002,40.552887,81.788887,70.491905
EST-2003,EST,2003,47.266415,80.226974,71.890823
EST-2004,EST,2004,51.586044,82.077957,70.74337
EST-2005,EST,2005,49.512119,84.110771,72.475014
EST-2006,EST,2006,55.081551,87.644783,77.78727
EST-2007,EST,2007,55.361004,87.263184,79.235893
EST-2008,EST,2008,57.425705,85.838882,79.473145
EST-2009,EST,2009,46.916954,82.738152,71.598534
EST-2010,EST,2010,45.019768,79.625122,68.764526
EST-2011,EST,2011,48.561352,79.897217,74.000694
EST-2012,EST,2012,50.252663,82.300453,74.336479
EST-2013,EST,2013,57.934174,83.006584,74.497719
EST-2014,EST,2014,60.264725,84.029152,75.218712
EST-2015,EST,2015,57.987846,85.720383,77.600029
EST-2016,EST,2016,61.366207,84.851707,76.856941
EST-2017,EST,2017,65.3769,85.679253,78.770027
EST-2018,EST,2018,65.051361,85.069229,79.915634
EST-2019,EST,2019,62.385929,86.615898,80.630501
EST-2020,EST,2020,62.542736,85.228409,79.383522
FIN-2000,FIN,2000,59.587605,84.385689,75.15316
FIN-2003,FIN,2003,57.911026,84.97921,74.374451
FIN-2004,FIN,2004,57.071178,84.240402,74.414146
FIN-2005,FIN,2005,57.927132,84.13678,75.172165
FIN-2006,FIN,2006,58.410847,85.02108,75.585205
FIN-2007,FIN,2007,58.633305,85.19986,76.199265
FIN-2008,FIN,2008,59.278332,85.616371,77.263542
FIN-2009,FIN,2009,56.823944,84.428238,74.795975
FIN-2010,FIN,2010,54.952732,84.10569,74.083595
FIN-2011,FIN,2011,55.548809,84.326378,74.740028
FIN-2012,FIN,2012,55.207375,84.362343,74.61618
FIN-2013,FIN,2013,54.131367,83.849091,73.617867
FIN-2014,FIN,2014,53.502769,83.476814,73.173897
FIN-2015,FIN,2015,53.353443,82.691025,72.808609
FIN-2016,FIN,2016,53.709198,83.292183,73.19838
FIN-2017,FIN,2017,52.727272,84.865746,74.074074
FIN-2018,FIN,2018,54.635761,86.709366,75.68013
FIN-2019,FIN,2019,54.945053,86.41304,76.588898
FIN-2020,FIN,2020,54.065041,86.791046,75.267929
FRA-1991,FRA,1991,57.790539,84.780327,78.320381
FRA-1992,FRA,1992,56.498531,83.850479,77.088379
FRA-1994,FRA,1994,55.409752,81.799568,75.060425
FRA-1995,FRA,1995,55.972149,82.043213,75.709312
FRA-1997,FRA,1997,56.292171,81.335442,75.048683
FRA-1998,FRA,1998,56.271149,81.578934,74.951813
FRA-1999,FRA,1999,56.376163,81.826332,75.086159
FRA-2000,FRA,2000,55.86079,83.199219,75.211029
FRA-2001,FRA,2001,57.710304,83.749779,76.543243
FRA-2002,FRA,2002,57.825375,83.337845,76.666557
FRA-2003,FRA,2003,58.901192,83.293671,76.327538
FRA-2004,FRA,2004,59.080761,82.947655,75.695786
FRA-2005,FRA,2005,58.609497,82.958748,75.694321
FRA-2006,FRA,2006,58.15543,83.028023,75.567871
FRA-2007,FRA,2007,57.776325,83.373955,75.668793
FRA-2008,FRA,2008,57.416531,84.568871,75.786949
FRA-2009,FRA,2009,56.15419,83.497665,74.769562
FRA-2010,FRA,2010,55.419167,83.601295,74.399307
FRA-2011,FRA,2011,55.692963,83.85379,73.725624
FRA-2012,FRA,2012,55.483387,84.367378,73.535088
FRA-2013,FRA,2013,54.333675,84.391151,73.329834
FRA-2014,FRA,2014,54.099674,83.842064,72.7491
FRA-2015,FRA,2015,52.213428,83.858223,72.580147
FRA-2016,FRA,2016,51.278957,84.971085,72.904305
FRA-2017,FRA,2017,52.730328,85.156898,73.024368
FRA-2018,FRA,2018,52.939545,84.914436,73.486595
FRA-2019,FRA,2019,52.534874,85.562065,73.19117
FRA-2020,FRA,2020,53.323368,84.995026,72.472282
G20-2012,G20,2012,57.448882,79.775799,70.32889
G20-2018,G20,2018,58.937456,81.330985,72.108698
G20-2019,G20,2019,59.1721,81.513364,72.060904
G20-2020,G20,2020,57.656443,80.131969,70.13555
GBR-1997,GBR,1997,64.703384,87.203308,79.218559
GBR-1998,GBR,1998,64.551895,87.075378,80.131256
GBR-1999,GBR,1999,64.977608,87.732735,80.507446
GBR-2000,GBR,2000,65.323746,87.755997,81.101631
GBR-2001,GBR,2001,65.527481,88.175331,80.969528
GBR-2002,GBR,2002,65.281273,87.619789,81.046165
GBR-2003,GBR,2003,65.990303,87.833679,81.48317
GBR-2004,GBR,2004,65.448097,87.675697,81.27282
GBR-2005,GBR,2005,65.487144,88.04351,81.541336
GBR-2006,GBR,2006,63.080437,87.540085,81.555374
GBR-2007,GBR,2007,63.27948,87.376877,82.311554
GBR-2008,GBR,2008,59.271851,84.997505,80.075142
GBR-2009,GBR,2009,56.909519,84.541405,78.278038
GBR-2010,GBR,2010,56.107616,84.20475,78.149933
GBR-2011,GBR,2011,55.940659,83.184135,78.200439
GBR-2012,GBR,2012,56.772728,84.065559,78.788223
GBR-2013,GBR,2013,57.407883,84.7882,78.741623
GBR-2014,GBR,2014,60.05061,84.583046,79.977501
GBR-2015,GBR,2015,60.144756,85.386436,79.996025
GBR-2016,GBR,2016,61.296593,85.069305,80.095856
GBR-2017,GBR,2017,62.649063,85.466637,81.025444
GBR-2018,GBR,2018,65.719254,86.119209,81.076607
GBR-2019,GBR,2019,65.395134,86.628654,81.382515
GBR-2020,GBR,2020,64.468765,86.339325,80.407974
GRC-1990,GRC,1990,57.222313,82.604195,63.353134
GRC-1991,GRC,1991,54.441059,81.304184,62.71814
GRC-1992,GRC,1992,55.486458,80.243263,62.721313
GRC-1993,GRC,1993,55.59988,79.955971,62.319134
GRC-1994,GRC,1994,56.142689,80.252785,62.40609
GRC-1995,GRC,1995,56.230247,80.327194,63.395378
GRC-1996,GRC,1996,56.709251,80.517113,63.955868
GRC-1997,GRC,1997,56.655075,80.222206,64.180321
GRC-1998,GRC,1998,56.285931,80.497856,65.684105
GRC-1999,GRC,1999,57.018864,80.669159,64.562759
GRC-2000,GRC,2000,57.541027,80.910439,64.586845
GRC-2001,GRC,2001,57.302723,80.332413,65.132828
GRC-2002,GRC,2002,58.409481,81.227951,65.38813
GRC-2003,GRC,2003,59.843746,81.581062,66.923561
GRC-2004,GRC,2004,57.986698,81.415321,68.190277
GRC-2005,GRC,2005,59.130093,81.794113,68.716469
GRC-2006,GRC,2006,59.47295,83.121628,69.702591
GRC-2007,GRC,2007,59.940395,82.625099,69.457176
GRC-2008,GRC,2008,60.230595,82.651955,69.799133
GRC-2009,GRC,2009,59.757038,82.224106,68.413803
GRC-2010,GRC,2010,58.08382,79.773254,66.384895
GRC-2011,GRC,2011,53.881973,74.814163,61.992165
GRC-2012,GRC,2012,48.422012,71.145699,57.122643
GRC-2013,GRC,2013,46.323322,69.079964,54.066143
GRC-2014,GRC,2014,46.932018,68.544128,54.498825
GRC-2015,GRC,2015,48.528072,68.744614,56.401764
GRC-2016,GRC,2016,48.495949,70.400108,58.112816
GRC-2017,GRC,2017,49.611893,71.834778,59.319614
GRC-2018,GRC,2018,50.366364,74.148109,60.870548
GRC-2019,GRC,2019,52.4118,75.974495,62.335983
GRC-2020,GRC,2020,51.754078,75.420647,62.153561
HUN-1997,HUN,1997,36.171474,81.422127,70.733498
HUN-1998,HUN,1998,36.184654,80.996964,70.863014
HUN-1999,HUN,1999,35.722759,82.076935,72.06044
HUN-2000,HUN,2000,35.842838,82.432106,72.110062
HUN-2001,HUN,2001,36.625694,82.560402,71.921219
HUN-2002,HUN,2002,36.723515,81.979156,71.690872
HUN-2003,HUN,2003,37.390221,82.744484,71.412323
HUN-2004,HUN,2004,36.89378,82.858444,70.923279
HUN-2005,HUN,2005,38.104095,83.029488,70.447762
HUN-2006,HUN,2006,38.192783,81.811996,70.381294
HUN-2007,HUN,2007,38.498444,80.406219,70.220329
HUN-2008,HUN,2008,38.655712,79.934586,68.663551
HUN-2009,HUN,2009,37.404385,78.757912,66.956322
HUN-2010,HUN,2010,37.621582,78.591927,66.222305
HUN-2011,HUN,2011,37.725071,79.298866,66.312004
HUN-2012,HUN,2012,38.794422,79.716576,67.890533
HUN-2013,HUN,2013,39.442501,80.137756,68.992531
HUN-2014,HUN,2014,45.252956,81.839241,71.78273
HUN-2015,HUN,2015,48.08321,83.020691,73.740097
HUN-2016,HUN,2016,51.73748,84.997375,76.056656
HUN-2017,HUN,2017,55.091339,85.10128,77.582481
HUN-2018,HUN,2018,56.975697,85.793182,78.335846
HUN-2019,HUN,2019,56.987286,85.794998,79.937408
HUN-2020,HUN,2020,55.617611,85.8964,79.292191
IDN-2004,IDN,2004,70.765129,77.068466,68.580849
IDN-2005,IDN,2005,70.546555,82.540245,69.436249
IDN-2006,IDN,2006,69.622757,81.328804,69.588615
IDN-2007,IDN,2007,72.562965,74.25769,66.537804
IDN-2008,IDN,2008,71.975693,76.766548,70.244476
IDN-2009,IDN,2009,73.127312,75.425919,71.039185
IDN-2010,IDN,2010,73.803917,78.069321,72.567726
IDN-2011,IDN,2011,73.930084,82.229584,74.716812
IDN-2012,IDN,2012,74.226013,85.925858,74.965752
IDN-2013,IDN,2013,73.573471,85.715721,74.710739
IDN-2014,IDN,2014,73.708832,85.601837,75.137367
IDN-2015,IDN,2015,73.092537,85.077965,74.328827
IDN-2016,IDN,2016,72.363319,85.09465,74.1698
IDN-2017,IDN,2017,73.038063,85.070862,74.104416
IDN-2018,IDN,2018,74.187363,81.543999,75.112083
IDN-2019,IDN,2019,74.770241,84.143768,75.694656
IDN-2020,IDN,2020,73.558708,82.309792,73.851341
IND-2012,IND,2012,37.270351,39.949623,39.147507
IND-2018,IND,2018,57.166451,62.510967,63.483559
IND-2019,IND,2019,57.45676,61.882214,62.948265
IND-2020,IND,2020,61.198318,62.191349,64.364479
IRL-1991,IRL,1991,45.99892,80.639938,62.884411
IRL-1992,IRL,1992,45.941257,81.012192,64.098114
IRL-1994,IRL,1994,47.049671,82.650047,65.769058
IRL-1995,IRL,1995,48.565922,83.047272,66.608086
IRL-2000,IRL,2000,55.908649,87.528755,76.55481
IRL-2001,IRL,2001,58.406803,86.962219,77.313492
IRL-2002,IRL,2002,56.698242,86.310562,76.58963
IRL-2003,IRL,2003,56.632576,86.056435,75.600746
IRL-2004,IRL,2004,57.486076,86.203506,75.877754
IRL-2005,IRL,2005,58.447918,86.801743,76.717979
IRL-2006,IRL,2006,58.76096,86.083153,77.170906
IRL-2007,IRL,2007,58.70089,86.348022,76.996483
IRL-2008,IRL,2008,56.845081,85.196899,75.506363
IRL-2009,IRL,2009,50.67767,82.234619,69.639885
IRL-2010,IRL,2010,47.612698,80.95153,66.471428
IRL-2011,IRL,2011,45.83659,80.506882,64.867798
IRL-2012,IRL,2012,44.106441,80.041634,65.35569
IRL-2013,IRL,2013,46.930607,80.129417,66.006485
IRL-2014,IRL,2014,46.625233,81.057159,67.930679
IRL-2015,IRL,2015,48.814857,82.136742,68.903496
IRL-2016,IRL,2016,50.109047,82.544983,69.234749
IRL-2017,IRL,2017,50.852608,84.867844,71.937363
IRL-2018,IRL,2018,52.373951,85.067238,73.633385
IRL-2019,IRL,2019,53.333496,85.559753,74.656708
IRL-2020,IRL,2020,52.035358,84.500572,71.723053
ISL-2003,ISL,2003,82.235077,94.131844,89.752701
ISL-2004,ISL,2004,80.536919,93.572411,88.493721
ISL-2005,ISL,2005,81.776802,93.554955,88.908348
ISL-2006,ISL,2006,83.606148,92.945824,89.358322
ISL-2007,ISL,2007,83.548912,93.632584,89.511948
ISL-2008,ISL,2008,83.020836,92.541931,87.207062
ISL-2009,ISL,2009,76.828506,89.333015,83.64772
ISL-2010,ISL,2010,73.048576,89.153488,81.599663
ISL-2011,ISL,2011,71.832031,88.570808,82.494347
ISL-2012,ISL,2012,69.791046,90.480751,83.891525
ISL-2013,ISL,2013,71.450188,90.231339,84.997749
ISL-2014,ISL,2014,73.621002,89.503448,84.965332
ISL-2015,ISL,2015,75.956467,90.638023,86.394966
ISL-2016,ISL,2016,76.700485,92.581711,86.499107
ISL-2017,ISL,2017,74.514992,91.661316,87.784927
ISL-2018,ISL,2018,73.969177,90.86908,85.214729
ISL-2019,ISL,2019,73.532852,90.382393,84.531822
ISL-2020,ISL,2020,70.414513,87.59803,81.447174
ISR-2002,ISR,2002,43.470295,79.082726,66.642342
ISR-2003,ISR,2003,42.677975,79.295395,65.888657
ISR-2005,ISR,2005,41.266068,81.300407,66.750198
ISR-2007,ISR,2007,42.652809,82.959091,69.157745
ISR-2008,ISR,2008,44.843479,82.788483,69.958076
ISR-2009,ISR,2009,44.282337,82.376495,69.030426
ISR-2010,ISR,2010,44.704735,82.377548,70.149292
ISR-2011,ISR,2011,45.631592,82.812759,70.869781
ISR-2012,ISR,2012,47.181446,84.860222,71.705704
ISR-2013,ISR,2013,48.071404,85.125191,71.710892
ISR-2014,ISR,2014,48.639103,86.098755,72.257675
ISR-2015,ISR,2015,48.584198,86.495628,73.365814
ISR-2016,ISR,2016,48.119892,87.025414,72.731766
ISR-2017,ISR,2017,52.498909,87.130043,73.550529
ISR-2018,ISR,2018,50.764744,87.750999,73.338181
ISR-2019,ISR,2019,51.084827,87.689819,73.459198
ISR-2020,ISR,2020,48.844524,86.84687,70.724335
ITA-1991,ITA,1991,54.125229,86.539513,73.690491
ITA-1992,ITA,1992,53.972477,85.229027,73.295624
ITA-1994,ITA,1994,49.506161,82.237701,71.308662
ITA-1995,ITA,1995,48.897774,80.944557,70.438133
ITA-1998,ITA,1998,47.801167,80.784866,70.060715
ITA-1999,ITA,1999,48.017178,80.73774,70.329041
ITA-2000,ITA,2000,48.584743,81.389374,71.228004
ITA-2001,ITA,2001,49.382477,81.630348,72.093636
ITA-2002,ITA,2002,50.496639,82.240059,72.323418
ITA-2003,ITA,2003,50.728531,81.954247,72.36026
ITA-2004,ITA,2004,51.705791,81.223099,73.488579
ITA-2005,ITA,2005,51.732021,80.428688,73.509468
ITA-2006,ITA,2006,52.453228,80.595512,74.388802
ITA-2007,ITA,2007,52.821968,80.188087,74.456848
ITA-2008,ITA,2008,52.471062,80.685417,74.307938
ITA-2009,ITA,2009,51.231144,79.234962,73.134743
ITA-2010,ITA,2010,50.432877,78.288193,72.557808
ITA-2011,ITA,2011,50.804203,79.040939,71.946388
ITA-2012,ITA,2012,50.903591,78.712723,71.063049
ITA-2013,ITA,2013,49.753597,77.914299,69.682388
ITA-2014,ITA,2014,49.566059,77.828415,69.783463
ITA-2015,ITA,2015,50.188339,78.560356,70.108459
ITA-2016,ITA,2016,51.179424,79.722794,70.637016
ITA-2017,ITA,2017,51.803944,80.701469,70.968208
ITA-2018,ITA,2018,52.455048,81.205719,70.875648
ITA-2019,ITA,2019,52.691494,81.502151,71.438919
ITA-2020,ITA,2020,50.907883,80.369415,69.768456
JPN-1997,JPN,1997,,80.688339,
JPN-1998,JPN,1998,,79.46048,
JPN-1999,JPN,1999,,79.202538,
JPN-2000,JPN,2000,,79.043961,
JPN-2001,JPN,2001,,79.949562,
JPN-2002,JPN,2002,,79.184807,
JPN-2003,JPN,2003,,79.232857,
JPN-2004,JPN,2004,,79.276932,
JPN-2005,JPN,2005,,79.389313,
JPN-2006,JPN,2006,,79.81118,
JPN-2007,JPN,2007,,80.144402,
JPN-2008,JPN,2008,,79.749916,
JPN-2009,JPN,2009,,79.746834,
JPN-2010,JPN,2010,,79.517265,
JPN-2011,JPN,2011,,79.573174,
JPN-2012,JPN,2012,,79.766914,
JPN-2013,JPN,2013,,80.867592,
JPN-2014,JPN,2014,,81.603622,
JPN-2015,JPN,2015,,82.291,
JPN-2016,JPN,2016,,83.333336,
JPN-2017,JPN,2017,,84.042557,
JPN-2018,JPN,2018,,85.335411,
JPN-2019,JPN,2019,,86.019836,
JPN-2020,JPN,2020,,86.036583,
KOR-1995,KOR,1995,71.089951,80.211517,71.229935
KOR-1997,KOR,1997,71.178406,80.223633,71.698799
KOR-1998,KOR,1998,66.097816,76.068214,66.465599
KOR-1999,KOR,1999,66.867439,74.649818,66.404625
KOR-2000,KOR,2000,68.110718,75.420128,68.740852
KOR-2001,KOR,2001,67.900017,75.692368,69.436409
KOR-2002,KOR,2002,68.4972,76.117149,70.557007
KOR-2003,KOR,2003,66.622368,76.372177,69.620415
KOR-2004,KOR,2004,66.74823,76.725571,70.199181
KOR-2005,KOR,2005,65.956055,76.800529,70.131943
KOR-2006,KOR,2006,66.259041,77.29113,70.428894
KOR-2007,KOR,2007,66.028656,77.211655,70.848465
KOR-2008,KOR,2008,66.184456,77.100822,70.694626
KOR-2009,KOR,2009,65.052864,76.208008,69.174683
KOR-2010,KOR,2010,65.05529,76.321976,70.131836
KOR-2011,KOR,2011,65.297112,76.831879,70.7957
KOR-2012,KOR,2012,65.353065,77.135872,70.957237
KOR-2013,KOR,2013,65.500572,77.406151,71.23275
KOR-2014,KOR,2014,66.36348,77.528145,72.231895
KOR-2015,KOR,2015,65.891991,77.475151,72.502853
KOR-2016,KOR,2016,65.544815,77.355438,72.534996
KOR-2017,KOR,2017,65.798889,77.380608,73.04821
KOR-2018,KOR,2018,64.728958,77.591324,72.433052
KOR-2019,KOR,2019,63.626556,77.666336,72.20945
KOR-2020,KOR,2020,61.423512,76.97361,70.40477
LTU-2000,LTU,2000,36.659027,80.393715,68.676979
LTU-2005,LTU,2005,46.317135,87.520042,74.779411
LTU-2006,LTU,2006,46.597855,89.12191,74.901802
LTU-2007,LTU,2007,49.111763,89.445465,75.80204
LTU-2008,LTU,2008,42.214924,88.930702,74.197197
LTU-2009,LTU,2009,38.560547,86.935135,68.311424
LTU-2010,LTU,2010,31.624071,86.695938,63.374794
LTU-2011,LTU,2011,32.948956,88.284607,66.034286
LTU-2012,LTU,2012,36.003731,88.219864,67.547142
LTU-2013,LTU,2013,38.94894,88.598808,68.361069
LTU-2014,LTU,2014,48.12862,89.392021,69.656227
LTU-2015,LTU,2015,50.018356,89.636765,71.00312
LTU-2016,LTU,2016,49.252579,91.005623,72.594543
LTU-2017,LTU,2017,52.07909,90.661789,73.441284
LTU-2018,LTU,2018,55.125961,91.048744,75.150528
LTU-2019,LTU,2019,55.206459,91.255867,74.767952
LTU-2020,LTU,2020,54.489285,89.881157,73.166847
LUX-2000,LUX,2000,57.897686,84.341843,73.170044
LUX-2005,LUX,2005,61.808765,84.017586,71.744423
LUX-2006,LUX,2006,60.767796,85.161499,73.382835
LUX-2007,LUX,2007,62.266312,84.499329,73.94059
LUX-2008,LUX,2008,61.084679,84.715103,70.749275
LUX-2009,LUX,2009,61.556572,85.123535,70.174324
LUX-2010,LUX,2010,61.882107,84.975761,72.126091
LUX-2011,LUX,2011,61.993263,85.02948,70.37072
LUX-2012,LUX,2012,62.984173,84.799431,71.86795
LUX-2013,LUX,2013,61.771252,84.854248,70.771301
LUX-2014,LUX,2014,60.885242,84.555603,72.129761
LUX-2015,LUX,2015,62.254662,84.75782,71.802605
LUX-2016,LUX,2016,59.628651,85.733727,70.504211
LUX-2017,LUX,2017,60.378494,86.343361,74.798195
LUX-2018,LUX,2018,61.973526,85.655914,74.543434
LUX-2019,LUX,2019,61.634933,85.57299,74.739479
LUX-2020,LUX,2020,60.515766,84.958733,74.867989
LVA-1996,LVA,1996,38.830215,78.142929,65.561615
LVA-1997,LVA,1997,45.49308,79.3685,68.044472
LVA-1998,LVA,1998,43.742031,80.764458,68.919456
LVA-1999,LVA,1999,41.322517,79.607506,68.055473
LVA-2000,LVA,2000,40.365482,80.655174,66.858719
LVA-2001,LVA,2001,46.780468,83.193939,68.106636
LVA-2002,LVA,2002,47.951,82.150406,69.449982
LVA-2003,LVA,2003,48.767609,82.426674,71.106094
LVA-2004,LVA,2004,48.595268,83.318512,70.965172
LVA-2005,LVA,2005,50.311817,83.860184,71.775879
LVA-2006,LVA,2006,54.311527,86.618645,76.208176
LVA-2007,LVA,2007,59.257423,87.816917,77.503365
LVA-2008,LVA,2008,57.436234,87.447395,77.730194
LVA-2009,LVA,2009,48.141289,83.478912,68.214211
LVA-2010,LVA,2010,47.062054,80.679451,65.073006
LVA-2011,LVA,2011,48.480335,84.378738,66.800766
LVA-2012,LVA,2012,51.792015,86.206024,66.852325
LVA-2013,LVA,2013,50.888634,85.222244,69.669395
LVA-2014,LVA,2014,54.105034,84.241226,71.281395
LVA-2015,LVA,2015,56.425018,85.839233,71.82473
LVA-2016,LVA,2016,58.827591,87.164864,71.16552
LVA-2017,LVA,2017,61.445526,87.564568,72.896797
LVA-2018,LVA,2018,61.97654,89.074181,75.128372
LVA-2019,LVA,2019,64.924088,89.259491,75.146317
LVA-2020,LVA,2020,64.772354,86.765167,75.520607
MEX-1997,MEX,1997,61.777863,83.226189,70.118317
MEX-1998,MEX,1998,61.269238,83.236221,69.068527
MEX-1999,MEX,1999,61.402508,82.030434,69.139015
MEX-2000,MEX,2000,60.739941,82.487419,70.685654
MEX-2001,MEX,2001,60.503517,80.908279,69.786179
MEX-2002,MEX,2002,61.252419,80.90345,69.725899
MEX-2003,MEX,2003,60.856945,81.162903,69.545753
MEX-2004,MEX,2004,62.248329,81.407974,70.277008
MEX-2005,MEX,2005,62.575027,83.895065,71.375053
MEX-2006,MEX,2006,63.417961,84.162918,72.77153
MEX-2007,MEX,2007,63.406376,83.794365,72.979225
MEX-2008,MEX,2008,63.312962,83.712181,71.864571
MEX-2009,MEX,2009,62.741055,82.17099,71.282875
MEX-2010,MEX,2010,62.701584,80.97493,70.418137
MEX-2011,MEX,2011,63.173729,80.976349,70.628136
MEX-2012,MEX,2012,64.190819,81.134506,71.028786
MEX-2013,MEX,2013,64.121071,80.881035,71.181068
MEX-2014,MEX,2014,63.824726,80.170067,70.256165
MEX-2015,MEX,2015,64.448311,79.96048,70.387871
MEX-2016,MEX,2016,64.834747,79.805672,70.457092
MEX-2017,MEX,2017,64.624901,79.9673,70.602966
MEX-2018,MEX,2018,65.053772,79.689171,70.982323
MEX-2019,MEX,2019,65.604675,79.698318,71.533577
MEX-2020,MEX,2020,62.620499,76.335907,67.740982
NLD-1990,NLD,1990,49.316216,81.381577,72.482269
NLD-1991,NLD,1991,50.212406,84.629982,73.445946
NLD-1992,NLD,1992,50.884315,83.742691,73.642647
NLD-1994,NLD,1994,51.279762,81.879196,73.403923
NLD-1995,NLD,1995,52.101097,82.849464,73.99157
NLD-1998,NLD,1998,55.323254,85.355453,76.75351
NLD-2000,NLD,2000,57.559811,86.283089,79.44117
NLD-2001,NLD,2001,58.823528,86.321892,79.95182
NLD-2002,NLD,2002,60.720787,86.45549,79.815094
NLD-2003,NLD,2003,59.367641,85.877647,78.77803
NLD-2004,NLD,2004,59.393166,85.337799,77.917221
NLD-2005,NLD,2005,59.522655,85.622635,77.949867
NLD-2006,NLD,2006,60.575214,86.380783,79.137413
NLD-2007,NLD,2007,61.925087,87.731361,80.25045
NLD-2008,NLD,2008,63.663345,88.308357,81.469719
NLD-2009,NLD,2009,63.551643,88.052246,81.696083
NLD-2010,NLD,2010,61.14333,87.521606,80.0
NLD-2011,NLD,2011,61.978111,87.23703,80.067001
NLD-2012,NLD,2012,62.122772,87.643303,80.459259
NLD-2013,NLD,2013,60.723915,87.976959,78.212524
NLD-2014,NLD,2014,58.752262,87.658478,77.891937
NLD-2015,NLD,2015,59.960529,88.234077,78.223953
NLD-2016,NLD,2016,60.713444,88.424866,79.394432
NLD-2017,NLD,2017,61.267605,88.830811,80.105301
NLD-2018,NLD,2018,62.589851,89.607353,81.152107
NLD-2019,NLD,2019,63.329094,89.671005,82.317284
NLD-2020,NLD,2020,63.122547,89.500687,82.16227
NOR-1991,NOR,1991,62.255108,90.036217,79.68972
NOR-1992,NOR,1992,60.324474,88.898712,79.11924
NOR-1994,NOR,1994,60.275055,88.16993,79.315414
NOR-1995,NOR,1995,61.217556,88.897209,80.476761
NOR-2005,NOR,2005,64.231186,88.826958,82.418602
NOR-2006,NOR,2006,64.894447,89.100479,82.932518
NOR-2007,NOR,2007,66.168373,90.448486,83.985168
NOR-2008,NOR,2008,66.081871,90.516663,84.422836
NOR-2009,NOR,2009,65.403831,90.225235,83.138901
NOR-2010,NOR,2010,63.835957,90.421867,81.725609
NOR-2011,NOR,2011,67.977531,90.460526,81.65596
NOR-2012,NOR,2012,65.215553,90.263573,81.2173
NOR-2013,NOR,2013,62.270592,89.522369,81.792572
NOR-2014,NOR,2014,61.926231,89.883064,81.480118
NOR-2015,NOR,2015,61.012028,89.248413,80.516129
NOR-2016,NOR,2016,61.723858,88.750214,80.244171
NOR-2017,NOR,2017,61.126648,88.846283,79.68779
NOR-2018,NOR,2018,61.459454,89.05159,80.771706
NOR-2019,NOR,2019,61.543457,89.496017,80.785126
NOR-2020,NOR,2020,60.695248,89.16201,79.452942
NZL-1990,NZL,1990,61.354755,78.059586,75.055901
NZL-1991,NZL,1991,60.425709,80.108696,73.311836
NZL-1992,NZL,1992,59.50655,81.200104,73.091179
NZL-1994,NZL,1994,60.182285,82.677162,79.132454
NZL-1995,NZL,1995,63.217003,81.505806,81.755188
NZL-1997,NZL,1997,63.135017,82.370399,80.148605
NZL-1998,NZL,1998,62.429726,81.462387,79.085892
NZL-1999,NZL,1999,63.565891,81.896866,79.709686
NZL-2000,NZL,2000,64.795921,82.212578,80.012154
NZL-2001,NZL,2001,65.96241,83.60714,80.18084
NZL-2002,NZL,2002,67.086914,83.004349,81.208153
NZL-2003,NZL,2003,67.406067,82.737076,81.359337
NZL-2004,NZL,2004,68.893494,83.3955,82.676079
NZL-2005,NZL,2005,69.995422,84.097366,84.239845
NZL-2006,NZL,2006,70.357254,84.499748,84.23645
NZL-2007,NZL,2007,71.000168,83.715759,84.633499
NZL-2008,NZL,2008,70.518951,84.524803,83.333336
NZL-2009,NZL,2009,69.012177,83.979782,82.433228
NZL-2010,NZL,2010,68.435654,83.764519,82.047951
NZL-2011,NZL,2011,68.011421,84.363251,82.064568
NZL-2012,NZL,2012,68.280144,83.918861,81.329849
NZL-2013,NZL,2013,68.414581,85.759773,81.130272
NZL-2014,NZL,2014,70.867348,87.229301,80.34404
NZL-2015,NZL,2015,69.111115,87.458748,81.348915
NZL-2016,NZL,2016,71.655121,87.252823,82.106155
NZL-2017,NZL,2017,72.886696,88.607033,82.556374
NZL-2018,NZL,2018,72.096405,88.085152,83.478004
NZL-2019,NZL,2019,71.739586,88.311958,82.946716
NZL-2020,NZL,2020,70.753769,87.897606,81.819893
OAVG-1995,OAVG,1995,57.66068,83.528082,73.720149
OAVG-1997,OAVG,1997,,83.231458,
OAVG-1998,OAVG,1998,55.468965,83.411681,73.520446
OAVG-1999,OAVG,1999,55.154235,83.068562,73.364516
OAVG-2000,OAVG,2000,54.490719,83.646744,73.823776
OAVG-2001,OAVG,2001,55.638376,83.836471,74.053763
OAVG-2002,OAVG,2002,55.015654,83.446665,73.688995
OAVG-2003,OAVG,2003,56.193619,83.578273,74.125084
OAVG-2004,OAVG,2004,56.276657,83.528714,74.229786
OAVG-2005,OAVG,2005,56.290888,84.228368,74.662506
OAVG-2006,OAVG,2006,57.52231,84.754958,75.617145
OAVG-2007,OAVG,2007,57.969394,84.925167,76.046653
OAVG-2008,OAVG,2008,57.642614,84.82686,75.99793
OAVG-2009,OAVG,2009,55.464429,83.808446,73.690148
OAVG-2010,OAVG,2010,54.410024,83.20186,73.055891
OAVG-2011,OAVG,2011,54.55543,83.201661,73.146757
OAVG-2012,OAVG,2012,54.429122,83.270747,73.185935
OAVG-2013,OAVG,2013,54.494625,83.208864,72.92971
OAVG-2014,OAVG,2014,55.744686,83.366845,73.546634
OAVG-2015,OAVG,2015,56.254118,83.781566,74.083851
OAVG-2016,OAVG,2016,56.722147,84.241196,74.589964
OAVG-2017,OAVG,2017,57.920604,84.756621,75.282215
OAVG-2018,OAVG,2018,58.673499,85.214266,76.132164
OAVG-2019,OAVG,2019,58.89869,85.573694,76.53906
OAVG-2020,OAVG,2020,57.473597,84.551066,74.757155
POL-1995,POL,1995,50.019779,83.728279,69.609184
POL-1997,POL,1997,50.358292,86.779793,70.681732
POL-1998,POL,1998,49.118553,87.218933,71.073326
POL-1999,POL,1999,46.638458,86.386024,69.662834
POL-2000,POL,2000,42.803692,84.540634,66.600746
POL-2001,POL,2001,41.462479,84.055786,64.756905
POL-2002,POL,2002,39.140724,83.069984,62.463432
POL-2003,POL,2003,38.219894,82.609917,61.639824
POL-2004,POL,2004,37.475872,82.309235,61.340092
POL-2005,POL,2005,37.715935,82.685158,61.746391
POL-2006,POL,2006,38.645035,83.485062,62.862865
POL-2007,POL,2007,41.024372,84.472984,65.246109
POL-2008,POL,2008,42.95998,85.112686,67.046341
POL-2009,POL,2009,41.61322,85.27253,66.325768
POL-2010,POL,2010,39.91716,84.638252,65.431541
POL-2011,POL,2011,39.69817,84.630028,65.75071
POL-2012,POL,2012,39.762394,84.668037,65.389137
POL-2013,POL,2013,38.541565,84.817627,65.190437
POL-2014,POL,2014,39.246231,86.178291,66.174042
POL-2015,POL,2015,40.807873,87.108437,67.199577
POL-2016,POL,2016,40.736607,87.5,68.407211
POL-2017,POL,2017,41.831684,88.138359,69.591835
POL-2018,POL,2018,43.071896,88.777138,70.381065
POL-2019,POL,2019,44.955994,88.984108,70.704414
POL-2020,POL,2020,46.915874,89.090797,71.546059
PRT-1994,PRT,1994,67.286644,90.123001,79.081635
PRT-1995,PRT,1995,67.151115,89.020508,77.020638
PRT-1998,PRT,1998,71.552879,89.35424,80.055466
PRT-1999,PRT,1999,71.825294,89.957069,81.94001
PRT-2000,PRT,2000,72.816544,90.606468,83.253365
PRT-2001,PRT,2001,73.12545,90.815102,82.679092
PRT-2002,PRT,2002,72.964134,88.576721,82.237816
PRT-2003,PRT,2003,72.351944,87.495903,81.539589
PRT-2004,PRT,2004,71.897057,88.006653,80.341431
PRT-2005,PRT,2005,71.476646,87.309158,79.276749
PRT-2006,PRT,2006,71.702599,86.410294,80.208763
PRT-2007,PRT,2007,71.578384,85.943375,79.848381
PRT-2008,PRT,2008,71.708557,86.722115,80.559242
PRT-2009,PRT,2009,69.000137,86.702446,80.130646
PRT-2010,PRT,2010,68.210884,85.388908,79.903908
PRT-2011,PRT,2011,65.928818,83.354813,79.425568
PRT-2012,PRT,2012,63.18148,81.837296,76.003647
PRT-2013,PRT,2013,61.807949,80.21447,75.990891
PRT-2014,PRT,2014,60.243687,82.502396,77.216476
PRT-2015,PRT,2015,61.999107,83.632805,78.400528
PRT-2016,PRT,2016,63.326221,85.010117,79.159042
PRT-2017,PRT,2017,66.630455,86.72818,81.635704
PRT-2018,PRT,2018,68.628967,88.341423,83.510033
PRT-2019,PRT,2019,68.98822,88.488724,84.514481
PRT-2020,PRT,2020,68.479317,87.931183,81.548035
RUS-2010,RUS,2010,47.076336,82.339684,72.091026
RUS-2011,RUS,2011,47.778782,81.330803,71.508369
RUS-2012,RUS,2012,49.266563,81.969696,72.429832
RUS-2013,RUS,2013,48.961494,81.522202,71.482208
RUS-2014,RUS,2014,49.221684,81.687599,71.492508
RUS-2015,RUS,2015,50.487831,81.163437,71.393967
RUS-2016,RUS,2016,51.10561,81.307457,71.516251
RUS-2017,RUS,2017,53.587872,82.834412,72.559456
RUS-2018,RUS,2018,54.049,83.173508,73.475655
SVK-1997,SVK,1997,38.909092,89.756271,75.89325
SVK-1998,SVK,1998,37.372425,88.646912,75.052551
SVK-1999,SVK,1999,33.209339,87.01767,72.4674
SVK-2000,SVK,2000,30.857649,85.576256,70.631248
SVK-2001,SVK,2001,30.493593,86.673119,70.176605
SVK-2002,SVK,2002,28.188423,86.597939,70.455505
SVK-2003,SVK,2003,28.517904,87.093895,71.219193
SVK-2004,SVK,2004,26.595428,83.581184,70.273842
SVK-2005,SVK,2005,26.282099,84.022018,70.792473
SVK-2006,SVK,2006,28.927097,84.860603,71.914993
SVK-2007,SVK,2007,29.113235,84.211525,73.156708
SVK-2008,SVK,2008,32.313751,85.533531,74.797981
SVK-2009,SVK,2009,30.336721,83.17614,71.99398
SVK-2010,SVK,2010,29.686049,82.237434,69.939819
SVK-2011,SVK,2011,30.250757,81.513947,70.134682
SVK-2012,SVK,2012,30.708851,80.120392,70.252365
SVK-2013,SVK,2013,31.021057,79.461082,69.917427
SVK-2014,SVK,2014,32.682098,79.975822,71.11071
SVK-2015,SVK,2015,34.454655,80.276695,72.606094
SVK-2016,SVK,2016,37.67197,81.287842,74.301598
SVK-2017,SVK,2017,39.054001,82.043846,75.367386
SVK-2018,SVK,2018,38.262417,82.641022,76.875427
SVK-2019,SVK,2019,38.039867,83.84182,78.388824
SVK-2020,SVK,2020,36.489971,82.723694,76.962738
SVN-2000,SVN,2000,53.375412,86.084763,74.381706
SVN-2002,SVN,2002,55.630177,86.060104,73.967361
SVN-2003,SVN,2003,54.237309,86.073631,72.721985
SVN-2004,SVN,2004,55.915066,86.81031,74.362457
SVN-2005,SVN,2005,56.059303,86.963692,74.617165
SVN-2006,SVN,2006,55.910934,88.171173,74.127296
SVN-2007,SVN,2007,56.216133,87.654411,75.073624
SVN-2008,SVN,2008,54.957649,87.860756,76.442299
SVN-2009,SVN,2009,53.66087,88.38195,74.623276
SVN-2010,SVN,2010,51.082619,87.317764,72.956429
SVN-2011,SVN,2011,46.672646,86.415886,70.586128
SVN-2012,SVN,2012,47.193939,85.092415,70.693443
SVN-2013,SVN,2013,45.486839,83.792725,69.487602
SVN-2014,SVN,2014,48.500076,83.187988,69.481331
SVN-2015,SVN,2015,48.964321,84.415833,69.668999
SVN-2016,SVN,2016,46.098511,85.174232,71.045151
SVN-2017,SVN,2017,45.92458,86.597931,70.051704
SVN-2018,SVN,2018,51.293549,88.878952,75.877327
SVN-2019,SVN,2019,50.619339,90.312386,76.829208
SVN-2020,SVN,2020,48.289345,90.399612,75.705383
SWE-1991,SWE,1991,82.813217,94.205208,90.96048
SWE-1992,SWE,1992,82.206177,92.72493,89.030777
SWE-1994,SWE,1994,78.625412,89.169609,83.345406
SWE-1995,SWE,1995,77.65966,89.021278,83.510941
SWE-1997,SWE,1997,67.239891,85.04789,78.608177
SWE-1998,SWE,1998,66.406769,85.486671,79.315025
SWE-1999,SWE,1999,66.496071,85.57621,79.582031
SWE-2000,SWE,2000,67.982162,86.682968,81.66272
SWE-2001,SWE,2001,68.83709,86.905029,81.949066
SWE-2002,SWE,2002,68.156677,86.493332,81.7994
SWE-2003,SWE,2003,67.500145,85.805298,81.323128
SWE-2004,SWE,2004,66.981491,85.397186,80.710876
SWE-2005,SWE,2005,66.059357,87.30426,81.300262
SWE-2006,SWE,2006,66.803146,87.245148,81.922272
SWE-2007,SWE,2007,66.477089,88.542068,83.116371
SWE-2008,SWE,2008,66.195984,89.129097,83.259071
SWE-2009,SWE,2009,64.117371,88.029755,81.247665
SWE-2010,SWE,2010,63.234947,87.688011,81.079483
SWE-2011,SWE,2011,65.151428,88.672157,83.549904
SWE-2012,SWE,2012,63.973232,88.743256,82.57766
SWE-2013,SWE,2013,62.456749,89.16275,82.797676
SWE-2014,SWE,2014,65.859032,88.982208,84.670082
SWE-2015,SWE,2015,65.871948,89.265251,85.056427
SWE-2016,SWE,2016,65.907257,89.555557,85.286247
SWE-2017,SWE,2017,66.827072,89.491867,86.019341
SWE-2018,SWE,2018,67.272621,89.826408,86.612442
SWE-2019,SWE,2019,67.004105,90.267899,85.586319
SWE-2020,SWE,2020,63.205822,89.290382,85.081825
TUR-1991,TUR,1991,59.909107,86.973473,67.238937
TUR-1992,TUR,1992,55.321198,86.55246,69.74189
TUR-1994,TUR,1994,58.773392,85.289635,67.547173
TUR-1995,TUR,1995,64.003418,74.10321,63.24955
TUR-1997,TUR,1997,56.947479,81.67852,66.843376
TUR-1998,TUR,1998,57.359489,81.317764,65.989044
TUR-1999,TUR,1999,55.82996,78.97081,63.902779
TUR-2000,TUR,2000,53.073326,78.475754,64.027847
TUR-2001,TUR,2001,51.888775,78.274338,62.438179
TUR-2002,TUR,2002,50.454697,76.289063,61.782578
TUR-2003,TUR,2003,49.053696,74.85836,61.144146
TUR-2004,TUR,2004,47.68491,74.467293,60.263268
TUR-2005,TUR,2005,47.1721,75.22998,61.81818
TUR-2006,TUR,2006,47.254066,74.509804,61.458138
TUR-2007,TUR,2007,46.91069,74.605957,60.940033
TUR-2008,TUR,2008,46.742432,74.540611,60.786377
TUR-2009,TUR,2009,46.331066,73.554733,58.343277
TUR-2010,TUR,2010,48.504246,75.710953,60.0
TUR-2011,TUR,2011,50.718143,76.067108,61.747284
TUR-2012,TUR,2012,51.234703,76.171501,61.705452
TUR-2013,TUR,2013,51.228085,76.977776,61.685596
TUR-2014,TUR,2014,50.764965,76.13636,61.879513
TUR-2015,TUR,2015,50.911934,76.161552,62.070953
TUR-2016,TUR,2016,51.428822,75.003456,61.916084
TUR-2017,TUR,2017,52.307957,75.208984,62.549152
TUR-2018,TUR,2018,52.440334,74.325996,63.148857
TUR-2019,TUR,2019,50.084469,73.619423,60.025574
USA-1990,USA,1990,55.335142,86.000577,75.806028
USA-1991,USA,1991,53.501166,85.27376,74.379862
USA-1992,USA,1992,52.157013,84.588264,73.351265
USA-1993,USA,1993,51.834091,84.041763,73.327965
USA-1994,USA,1994,50.949051,84.242874,73.922516
USA-1995,USA,1995,53.826523,85.099464,74.43557
USA-1996,USA,1996,53.651592,84.73156,75.092949
USA-1997,USA,1997,55.228508,85.401337,75.740555
USA-1998,USA,1998,57.614792,85.283928,75.792206
USA-1999,USA,1999,57.812458,84.621452,76.237419
USA-2000,USA,2000,57.756981,85.012268,76.681938
USA-2001,USA,2001,58.448296,83.946899,76.021034
USA-2002,USA,2002,57.027046,83.15535,74.017136
USA-2003,USA,2003,57.758499,82.210899,73.312019
USA-2004,USA,2004,56.517056,81.968559,72.83976
USA-2005,USA,2005,57.199039,82.493523,72.789757
USA-2006,USA,2006,57.958363,82.736015,73.348991
USA-2007,USA,2007,58.291149,83.325432,73.612854
USA-2008,USA,2008,56.224297,83.107628,72.827103
USA-2009,USA,2009,52.46368,80.772552,68.887581
USA-2010,USA,2010,52.100323,80.030045,67.935326
USA-2011,USA,2011,51.101292,79.954567,67.125801
USA-2012,USA,2012,52.879902,80.139328,67.468834
USA-2013,USA,2013,53.176186,80.374336,67.758492
USA-2014,USA,2014,54.84893,80.113396,67.88089
USA-2015,USA,2015,54.681458,81.183861,68.645622
USA-2016,USA,2016,56.593254,81.607964,68.829735
USA-2017,USA,2017,55.559578,81.797844,69.978073
USA-2018,USA,2018,56.757965,82.208473,69.980186
USA-2019,USA,2019,56.059174,82.679253,71.045883
USA-2020,USA,2020,55.072292,81.856888,69.037971
ZAF-2010,ZAF,2010,49.241619,75.490814,58.60606
ZAF-2011,ZAF,2011,49.113503,76.977989,58.106701
ZAF-2012,ZAF,2012,47.92617,80.174294,59.840462
ZAF-2013,ZAF,2013,46.51461,82.998703,61.716122
ZAF-2014,ZAF,2014,46.519604,81.738312,61.450657
ZAF-2015,ZAF,2015,47.384739,81.25563,61.843971
ZAF-2016,ZAF,2016,46.094673,79.539787,61.50164
ZAF-2017,ZAF,2017,45.673302,78.707962,60.839893
ZAF-2018,ZAF,2018,45.860928,78.986198,59.450344
ZAF-2019,ZAF,2019,44.439327,77.200546,58.712944
ZAF-2020,ZAF,2020,40.074463,72.694473,52.64201
