LocationTime,LOCATION,hSpend_val_COMPULSORY,hSpend_val_OOPEXP,hSpend_val_TOT,hSpend_val_VOLUNTARY
ALB-2000,ALB,38.617,60.402,,61.383
ALB-2001,ALB,39.272,57.776,,60.728
ALB-2002,ALB,37.946,59.709,,62.054
ALB-2003,ALB,41.983,54.015,,58.017
ALB-2004,ALB,44.248,52.658,,55.752
ALB-2005,ALB,44.266,52.526,,55.734
ALB-2006,ALB,45.411,51.347,,54.589
ALB-2007,ALB,41.379,55.977,,58.621
ALB-2008,ALB,45.681,53.068,,54.319
ALB-2009,ALB,50.941,47.114,,49.059
ALB-2010,ALB,26.9435,24.7945,4.746,25.4295
ALB-2011,ALB,26.083000000000002,25.9595,4.795,26.3145
ALB-2012,ALB,25.707500000000003,26.4655,5.055,26.82
ALB-2013,ALB,25.4895,26.811,5.386,27.203
ALB-2014,ALB,25.087,27.508,5.503,27.6645
ALB-2015,ALB,29.515500000000003,22.701,4.896,22.932499999999997
ALB-2016,ALB,30.3275,21.909499999999998,4.916,22.130499999999998
ALB-2017,ALB,28.929,23.34,5.013,23.5775
ALB-2018,ALB,28.9625,23.457500000000003,5.229,23.652
ARG-2000,ARG,29.6175,15.748,8.22,24.4925
ARG-2001,ARG,29.733,15.971,8.372,24.453
ARG-2002,ARG,29.297,16.106,7.393,24.4
ARG-2003,ARG,29.2535,15.099,6.895,24.194000000000003
ARG-2004,ARG,27.784000000000002,14.8135,7.229,25.830499999999997
ARG-2005,ARG,27.6785,17.7925,7.611,26.127
ARG-2006,ARG,28.311999999999998,17.4435,7.64,25.508000000000003
ARG-2007,ARG,29.2945,16.8685,7.835,24.623
ARG-2008,ARG,29.8045,16.369,8.183,24.287
ARG-2009,ARG,32.8275,14.3315,9.456,21.9005
ARG-2010,ARG,32.28,14.655000000000001,9.445,22.443
ARG-2011,ARG,33.0395,14.713000000000001,9.418,21.6695
ARG-2012,ARG,34.332,14.3255,9.827,20.5815
ARG-2013,ARG,35.1515,14.72,9.781,19.739
ARG-2014,ARG,36.068000000000005,14.828500000000002,9.671,18.767500000000002
ARG-2015,ARG,36.925,14.292499999999999,10.229,18.1895
ARG-2016,ARG,34.016999999999996,16.1155,9.002,20.484
ARG-2017,ARG,35.1365,14.2695,10.442,20.084500000000002
ARG-2018,ARG,33.8345,15.205,9.666,20.999
ARG-2019,ARG,34.2795,15.144499999999999,9.51,20.4755
AUS-1990,AUS,280.8006666666667,72.06666666666666,586.364,143.44199999999998
AUS-1991,AUS,295.156,78.417,620.568,151.88899999999998
AUS-1992,AUS,309.9916666666667,84.08666666666666,656.182,160.79633333333334
AUS-1993,AUS,323.949,88.67566666666666,690.0245,169.40066666666667
AUS-1994,AUS,341.0713333333333,93.99466666666666,730.721,179.40966666666668
AUS-1995,AUS,363.76933333333335,92.57766666666667,772.196,184.3613333333333
AUS-1996,AUS,383.9443333333333,104.29466666666667,825.0145,199.39866666666668
AUS-1997,AUS,411.7436666666667,109.298,867.4309999999999,199.87733333333335
AUS-1998,AUS,439.7536666666667,136.62566666666666,923.222,209.061
AUS-1999,AUS,479.57366666666667,136.02133333333333,982.1105,208.5
AUS-2000,AUS,515.3246666666666,158.241,1080.446,238.306
AUS-2001,AUS,541.682,163.40133333333333,1149.1865,257.77566666666667
AUS-2002,AUS,592.222,171.904,1244.462,270.7526666666667
AUS-2003,AUS,609.409,171.47299999999998,1293.2959999999998,286.12166666666667
AUS-2004,AUS,666.6413333333334,187.46133333333333,1413.1135000000002,308.76733333333334
AUS-2005,AUS,679.5559999999999,195.148,1440.207,313.91533333333336
AUS-2006,AUS,706.8393333333333,204.36533333333333,1502.1885000000002,327.9533333333333
AUS-2007,AUS,764.207,209.52833333333334,1603.948,338.4243333333333
AUS-2008,AUS,795.4126666666667,219.51166666666668,1679.1989999999998,357.3866666666666
AUS-2009,AUS,814.547,223.95866666666666,1713.1925,360.91433333333333
AUS-2010,AUS,846.931,243.69433333333333,1800.9089999999999,387.0083333333334
AUS-2011,AUS,903.8483333333334,250.37,1908.826,402.03566666666666
AUS-2012,AUS,892.1176666666667,263.3233333333333,1931.4325000000001,428.83733333333333
AUS-2013,AUS,908.8433333333334,273.15566666666666,2048.3,490.02299999999997
AUS-2014,AUS,1052.9743333333333,277.5973333333333,2286.2889999999998,504.5516666666667
AUS-2015,AUS,1117.5376666666666,280.18399999999997,2393.786,511.6526666666667
AUS-2016,AUS,1180.3963333333334,290.7746666666667,2523.712,535.412
AUS-2017,AUS,1193.372,286.8756666666667,2542.755,535.1313333333334
AUS-2018,AUS,1230.0703333333333,286.807,2601.9595,537.9026666666667
AUS-2019,AUS,1256.945,256.649,2570.232,489.876
AUS-2020,AUS,1367.57,,2818.9804999999997,545.084
AUT-1990,AUT,394.2043333333333,,744.9995,135.79533333333333
AUT-1991,AUT,420.12699999999995,,796.779,144.3923333333333
AUT-1992,AUT,453.028,,857.4675,151.95033333333333
AUT-1993,AUT,490.8746666666666,,929.2525,161.96033333333332
AUT-1994,AUT,538.3256666666666,,1013.1395,170.434
AUT-1995,AUT,550.647,,1047.527,181.0376666666667
AUT-1996,AUT,567.2013333333333,,1084.7015,189.26633333333336
AUT-1997,AUT,597.3663333333333,,1137.099,194.03300000000002
AUT-1998,AUT,637.9830000000001,,1218.651,207.78433333333336
AUT-1999,AUT,675.4353333333333,,1289.323,217.44633333333334
AUT-2000,AUT,733.491,173.06000000000003,1406.5545000000002,237.54533333333336
AUT-2001,AUT,742.1750000000001,182.68133333333333,1434.1715,247.2733333333333
AUT-2002,AUT,800.4340000000001,199.188,1555.208,269.70433333333335
AUT-2003,AUT,821.3496666666666,208.24699999999999,1603.7740000000001,281.166
AUT-2004,AUT,861.1560000000001,226.5196666666667,1710.3415,312.4053333333333
AUT-2005,AUT,884.1283333333334,229.27166666666665,1742.7475,311.0366666666667
AUT-2006,AUT,928.636,234.73233333333334,1822.2404999999999,319.52466666666663
AUT-2007,AUT,968.0236666666668,244.80433333333335,1902.587,333.70166666666665
AUT-2008,AUT,1029.194,250.491,2009.5165,343.81666666666666
AUT-2009,AUT,1051.5036666666667,252.74400000000003,2050.2174999999997,348.6413333333333
AUT-2010,AUT,1087.1633333333334,270.9146666666667,2134.6054999999997,369.24
AUT-2011,AUT,1108.07,278.2943333333333,2177.592,376.99133333333333
AUT-2012,AUT,1169.599,292.4703333333333,2299.2715,396.58199999999994
AUT-2013,AUT,1203.1846666666668,311.684,2388.6845,422.60499999999996
AUT-2014,AUT,1225.788,316.3103333333333,2434.3500000000004,430.44533333333334
AUT-2015,AUT,1247.6053333333332,321.6136666666667,2476.942,437.0226666666667
AUT-2016,AUT,1308.099,340.3433333333333,2602.942,460.52933333333334
AUT-2017,AUT,1338.6843333333334,346.39300000000003,2662.8695,469.8953333333334
AUT-2018,AUT,1401.006,345.7136666666666,2764.4415,475.288
AUT-2019,AUT,1435.2003333333334,342.3196666666667,2817.2445000000002,476.29600000000005
AUT-2020,AUT,1527.5796666666668,335.75866666666667,2947.1095,470.4936666666667
BEL-1990,BEL,,,654.5274999999999,
BEL-1991,BEL,,,714.234,
BEL-1992,BEL,403.7426666666666,,766.6774999999999,
BEL-1993,BEL,414.06500000000005,,795.7355,
BEL-1994,BEL,419.469,,814.65,
BEL-1995,BEL,455.2226666666667,,839.1335,137.533
BEL-1996,BEL,488.84366666666665,,887.9525,136.458
BEL-1997,BEL,483.057,,911.2705,157.79
BEL-1998,BEL,496.06633333333326,,944.7285,167.08633333333333
BEL-1999,BEL,526.927,,1009.8235,179.62166666666667
BEL-2000,BEL,598.3783333333333,,1153.0925,203.68333333333337
BEL-2001,BEL,631.502,,1206.182,205.9523333333333
BEL-2002,BEL,677.0763333333333,,1326.2315,240.41166666666666
BEL-2003,BEL,744.7026666666667,208.26566666666668,1455.97,259.2776666666667
BEL-2004,BEL,799.393,212.38066666666666,1547.766,265.7846666666666
BEL-2005,BEL,801.7776666666667,214.27366666666668,1556.6985,269.3546666666667
BEL-2006,BEL,822.1016666666668,222.53933333333336,1602.2455,279.39500000000004
BEL-2007,BEL,845.4346666666667,234.17133333333334,1658.3565,293.4696666666667
BEL-2008,BEL,923.3570000000001,242.45166666666668,1777.3404999999998,294.87
BEL-2009,BEL,972.4699999999999,250.5573333333333,1860.8,301.39666666666665
BEL-2010,BEL,1021.8549999999999,264.1703333333333,1959.3375,317.7036666666667
BEL-2011,BEL,1057.851,272.0276666666667,2032.1229999999998,330.231
BEL-2012,BEL,1109.836,279.182,2121.778,338.016
BEL-2013,BEL,1153.742,295.6366666666667,2220.639,360.0173333333333
BEL-2014,BEL,1194.4703333333334,301.4266666666667,2295.3195,369.0756666666666
BEL-2015,BEL,1257.6553333333334,306.71433333333334,2409.087,381.73600000000005
BEL-2016,BEL,1314.3173333333332,308.1603333333333,2504.8804999999998,388.93666666666667
BEL-2017,BEL,1346.9223333333332,312.2616666666667,2565.969,397.05699999999996
BEL-2018,BEL,1397.7513333333336,322.21133333333336,2662.991,410.90933333333334
BEL-2019,BEL,1384.5696666666665,345.5726666666667,2681.7675,436.6086666666667
BEL-2020,BEL,1456.7703333333332,295.0396666666666,2709.022,382.57733333333334
BGR-2003,BGR,149.13500000000002,93.032,316.64500000000004,95.295
BGR-2004,BGR,151.829,99.62966666666667,331.2055,102.30799999999999
BGR-2005,BGR,163.38633333333334,106.00266666666668,359.0945,109.343
BGR-2006,BGR,155.64233333333334,118.37433333333333,366.3485,121.92333333333333
BGR-2007,BGR,166.06,125.96833333333332,393.6255,129.69033333333334
BGR-2008,BGR,183.44433333333333,139.12266666666667,439.5345,142.91166666666666
BGR-2009,BGR,181.72133333333332,148.40200000000002,451.7275,152.76366666666667
BGR-2010,BGR,210.56499999999997,163.91299999999998,519.917,169.37933333333334
BGR-2011,BGR,225.44733333333332,184.43966666666665,572.3345,189.44233333333332
BGR-2012,BGR,231.87066666666666,217.04833333333337,631.9055,222.73299999999998
BGR-2013,BGR,254.92499999999998,187.907,623.303,193.94366666666667
BGR-2014,BGR,295.48966666666666,203.3323333333333,707.9305,209.7976666666667
BGR-2015,BGR,288.857,218.78633333333335,722.0070000000001,225.814
BGR-2016,BGR,314.7583333333334,245.9476666666667,802.9050000000001,253.84466666666665
BGR-2017,BGR,338.123,253.18966666666668,850.0944999999999,261.9396666666667
BGR-2018,BGR,369.09700000000004,245.702,887.117,255.64766666666665
BGR-2019,BGR,384.285,239.71333333333334,901.355,249.95166666666663
BGR-2020,BGR,469.47166666666664,264.249,1065.7515,274.36266666666666
BRA-2000,BRA,22.553,19.820999999999998,8.335,31.613999999999997
BRA-2001,BRA,22.301,20.5195,8.55,31.974
BRA-2002,BRA,23.0365,19.785999999999998,8.697,31.312
BRA-2003,BRA,23.1835,19.1895,8.189,30.911
BRA-2004,BRA,23.0685,19.1195,8.125,30.994
BRA-2005,BRA,22.4885,19.3795,8.035,31.529
BRA-2006,BRA,23.236,18.603,8.25,30.889
BRA-2007,BRA,22.987,17.904,8.202,31.114
BRA-2008,BRA,23.625500000000002,16.679000000000002,8.011,30.380499999999998
BRA-2009,BRA,23.9375,16.915,8.395,30.259999999999998
BRA-2010,BRA,24.3,15.860000000000001,7.945,29.6725
BRA-2011,BRA,190.87566666666666,125.64466666666665,593.241,237.95166666666668
BRA-2012,BRA,192.37400000000002,131.624,615.1700000000001,251.0726666666667
BRA-2013,BRA,209.1196666666667,132.16833333333332,653.5955,259.9436666666667
BRA-2014,BRA,218.6293333333333,139.47666666666666,692.4175,276.316
BRA-2015,BRA,212.28366666666668,121.04166666666667,684.854,263.64
BRA-2016,BRA,208.20266666666666,117.96500000000002,674.5825000000001,265.84566666666666
BRA-2017,BRA,209.104,122.40833333333335,700.4215,275.98900000000003
BRA-2018,BRA,212.30533333333335,128.00866666666667,723.457,287.777
BRA-2019,BRA,219.005,133.302,753.674,300.152
CAN-1990,CAN,447.6363333333333,90.19066666666667,854.084,155.08633333333333
CAN-1991,CAN,474.1413333333333,93.80033333333334,907.145,163.95533333333333
CAN-1992,CAN,493.897,98.24633333333333,953.394,175.03233333333333
CAN-1993,CAN,492.3823333333333,104.44200000000001,970.0524999999999,187.6526666666667
CAN-1994,CAN,493.5016666666666,110.61966666666667,985.529,196.851
CAN-1995,CAN,495.1093333333333,115.134,996.7515,202.72466666666665
CAN-1996,CAN,495.7896666666666,117.70233333333334,1004.0705,206.92433333333335
CAN-1997,CAN,511.6580000000001,127.40599999999999,1050.1575,221.78
CAN-1998,CAN,540.7166666666667,128.90099999999998,1104.5075,228.95466666666667
CAN-1999,CAN,554.9453333333333,135.779,1143.2915,240.5823333333333
CAN-2000,CAN,596.8306666666666,141.63366666666667,1229.4205,256.11633333333333
CAN-2001,CAN,635.0153333333334,145.08166666666668,1316.459,275.95733333333334
CAN-2002,CAN,661.9440000000001,152.02633333333333,1383.461,293.69666666666666
CAN-2003,CAN,704.9030000000001,153.695,1461.6085,302.836
CAN-2004,CAN,752.7049999999999,164.674,1565.731,324.44866666666667
CAN-2005,CAN,791.982,174.22266666666667,1650.4734999999998,341.6666666666667
CAN-2006,CAN,832.2869999999999,190.24566666666666,1747.9815,366.36733333333336
CAN-2007,CAN,885.902,198.52066666666667,1859.53,387.118
CAN-2008,CAN,920.552,204.34866666666665,1929.576,399.16533333333336
CAN-2009,CAN,949.0286666666666,204.87733333333333,1978.296,403.16866666666664
CAN-2010,CAN,994.3336666666668,220.14033333333336,2083.1155000000003,427.74333333333334
CAN-2011,CAN,1015.9369999999999,217.77066666666667,2119.6850000000004,430.51933333333335
CAN-2012,CAN,1044.517,220.24966666666668,2173.382,437.73766666666666
CAN-2013,CAN,1070.3956666666666,219.13,2219.584,442.6603333333334
CAN-2014,CAN,1093.481,225.90366666666668,2273.534,455.542
CAN-2015,CAN,1117.797,230.91666666666666,2323.0144999999998,464.21266666666673
CAN-2016,CAN,1197.4333333333332,265.60266666666666,2527.654,521.0026666666666
CAN-2017,CAN,1222.959,269.4916666666667,2580.666,530.8183333333334
CAN-2018,CAN,1261.9563333333333,274.64433333333335,2659.6009999999997,544.4443333333334
CAN-2019,CAN,1232.9376666666665,265.6526666666667,2600.3354999999997,533.9526666666667
CAN-2020,CAN,1484.6873333333333,246.17966666666666,2920.6319999999996,495.734
CHE-1990,CHE,,,1071.8205,
CHE-1991,CHE,,,1171.3609999999999,
CHE-1992,CHE,,,1221.347,
CHE-1993,CHE,,,1250.4675,
CHE-1994,CHE,,,1317.6245,
CHE-1995,CHE,502.0443333333333,293.55966666666666,1309.8645000000001,404.532
CHE-1996,CHE,541.073,300.568,1387.75,417.42699999999996
CHE-1997,CHE,567.414,311.78066666666666,1441.3535,426.82166666666666
CHE-1998,CHE,592.1703333333334,322.27566666666667,1499.2825,440.68433333333337
CHE-1999,CHE,620.164,334.55199999999996,1556.4724999999999,450.818
CHE-2000,CHE,665.5066666666667,355.46,1667.7160000000001,479.63733333333334
CHE-2001,CHE,725.055,367.8343333333333,1781.8555,496.182
CHE-2002,CHE,812.0423333333333,387.031,1948.46,520.2646666666666
CHE-2003,CHE,826.9103333333334,384.05199999999996,1962.671,514.8706666666667
CHE-2004,CHE,865.7313333333333,404.34633333333335,2059.0950000000003,540.332
CHE-2005,CHE,886.1913333333333,381.46999999999997,2058.031,519.1626666666666
CHE-2006,CHE,904.3793333333333,396.02466666666663,2122.0265000000004,543.6383333333333
CHE-2007,CHE,979.4823333333333,428.8296666666667,2303.336,589.4083333333333
CHE-2008,CHE,1062.4706666666666,442.91499999999996,2457.2695,609.042
CHE-2009,CHE,1104.1063333333334,451.47433333333333,2534.6495,618.9933333333333
CHE-2010,CHE,1114.1226666666666,453.853,2549.5775,618.9286666666666
CHE-2011,CHE,1159.9489999999998,459.0173333333333,2634.799,629.9166666666666
CHE-2012,CHE,1251.817,489.3353333333334,2787.7835,640.0383333333333
CHE-2013,CHE,1346.9283333333333,506.1413333333333,2967.188,664.5303333333333
CHE-2014,CHE,1381.0913333333335,544.1043333333333,3084.6495,708.6750000000001
CHE-2015,CHE,1451.9853333333333,566.8876666666666,3238.448,740.3133333333334
CHE-2016,CHE,1509.934,612.8706666666667,3409.6645000000003,796.509
CHE-2017,CHE,1532.1266666666668,614.1973333333334,3438.9775,793.8583333333332
CHE-2018,CHE,1542.439,622.4796666666667,3470.928,804.8463333333333
CHE-2019,CHE,1569.7813333333334,594.7013333333333,3476.8485,781.451
CHE-2020,CHE,1693.6686666666667,533.848,3595.1780000000003,736.4496666666668
CHL-2000,CHL,123.88799999999999,99.46600000000001,298.4735,108.42766666666667
CHL-2001,CHL,127.76766666666667,103.28233333333333,313.5415,114.59333333333335
CHL-2002,CHL,133.59433333333334,107.47000000000001,329.44899999999996,119.37166666666667
CHL-2003,CHL,141.64533333333335,116.01533333333334,356.9395,129.64766666666665
CHL-2004,CHL,154.26433333333333,121.79699999999998,386.60949999999997,136.809
CHL-2005,CHL,161.83666666666667,129.859,408.64000000000004,143.923
CHL-2006,CHL,192.125,144.73266666666666,482.75899999999996,163.048
CHL-2007,CHL,213.85466666666665,152.42499999999998,533.448,175.11066666666667
CHL-2008,CHL,232.40566666666666,154.232,568.0755,179.645
CHL-2009,CHL,279.07800000000003,162.96133333333333,659.192,193.71666666666667
CHL-2010,CHL,267.79299999999995,156.37166666666667,630.5145,185.8836666666667
CHL-2011,CHL,289.80333333333334,168.152,681.112,197.60433333333333
CHL-2012,CHL,318.44166666666666,177.31733333333332,746.1525,212.32666666666668
CHL-2013,CHL,349.29833333333335,197.96766666666667,832.7785,239.20466666666667
CHL-2014,CHL,366.0263333333333,212.78533333333334,881.3975,254.9053333333333
CHL-2015,CHL,380.25600000000003,223.37300000000002,920.9275,267.02933333333334
CHL-2016,CHL,399.65166666666664,237.43766666666667,974.8875,283.6066666666666
CHL-2017,CHL,446.80566666666664,247.41466666666668,1064.3105,296.06766666666664
CHL-2018,CHL,480.58466666666664,264.8996666666667,1145.1535000000001,316.184
CHL-2019,CHL,486.09066666666666,263.09133333333335,1153.1605,316.016
CHL-2020,CHL,547.791,247.01233333333332,1211.2525,293.044
CHN-2000,CHN,11.480500000000001,31.4115,4.487,40.699000000000005
CHN-2001,CHN,11.9445,33.455,4.235,40.058
CHN-2002,CHN,13.247499999999999,32.7985,4.369,38.861
CHN-2003,CHN,14.8125,31.6975,4.409,37.3255
CHN-2004,CHN,15.7695,30.6425,4.281,36.306999999999995
CHN-2005,CHN,17.064,30.052,4.184,34.918
CHN-2006,CHN,18.3015,29.1015,3.95,33.5985
CHN-2007,CHN,20.231,26.589499999999997,3.68,31.515
CHN-2008,CHN,23.125999999999998,24.6045,3.886,28.736
CHN-2009,CHN,25.770500000000002,22.6705,4.339,26.343500000000002
CHN-2010,CHN,27.0415,21.255499999999998,4.194,24.992
CHN-2011,CHN,97.243,72.88533333333334,221.51700000000002,83.63166666666666
CHN-2012,CHN,113.957,80.21966666666667,256.6925,90.389
CHN-2013,CHN,126.728,84.76533333333333,283.20099999999996,95.28266666666666
CHN-2014,CHN,136.36366666666666,85.356,300.1565,97.00333333333333
CHN-2015,CHN,148.46866666666665,86.56633333333333,320.055,98.21333333333332
CHN-2016,CHN,149.722,92.527,336.5365,107.96466666666667
CHN-2017,CHN,157.82000000000002,100.391,367.711,120.65233333333333
CHN-2018,CHN,172.79366666666667,109.12433333333333,407.858,132.443
CHN-2019,CHN,186.97533333333334,117.399,449.853,146.258
COL-2000,COL,40.4115,7.2315000000000005,5.635,12.406500000000001
COL-2001,COL,40.801,7.0969999999999995,5.942,12.17
COL-2002,COL,41.4495,6.0745000000000005,5.733,11.417
COL-2003,COL,42.198,4.5504999999999995,5.775,10.6895
COL-2004,COL,40.2005,7.2785,5.799,12.699
COL-2005,COL,39.3285,8.701500000000001,6.067,13.705
COL-2006,COL,39.544000000000004,9.5345,6.336,13.6235
COL-2007,COL,38.954499999999996,10.248999999999999,6.491,14.291
COL-2008,COL,38.3415,11.14,6.842,15.079500000000001
COL-2009,COL,39.908500000000004,9.666,7.311,13.747
COL-2010,COL,40.051500000000004,9.103000000000002,7.071,13.484
COL-2011,COL,227.4726666666667,45.86933333333334,399.2355,72.01766666666667
COL-2012,COL,232.71233333333336,56.25633333333334,422.514,82.297
COL-2013,COL,260.131,59.031666666666666,466.2225,84.01733333333333
COL-2014,COL,277.95300000000003,59.38566666666667,497.264,86.88933333333334
COL-2015,COL,290.5996666666667,58.654666666666664,521.2715,90.24833333333333
COL-2016,COL,306.6993333333333,62.925333333333334,554.5794999999999,96.35366666666668
COL-2017,COL,318.467,63.86533333333333,573.5605,97.23966666666666
COL-2018,COL,334.685,65.542,599.755,98.48566666666666
COL-2019,COL,361.71133333333336,65.99,650.74,105.44866666666667
COL-2020,COL,378.64733333333334,65.44033333333333,672.435,102.976
CRI-2000,CRI,35.1855,16.823999999999998,6.565,18.096999999999998
CRI-2001,CRI,35.3335,16.8405,6.474,17.9035
CRI-2002,CRI,36.169000000000004,16.3995,6.869,17.266
CRI-2003,CRI,35.988,16.4545,6.969,17.4965
CRI-2004,CRI,35.631,17.093,6.63,17.683999999999997
CRI-2005,CRI,34.583,17.479,6.664,18.749000000000002
CRI-2006,CRI,35.776500000000006,16.616,6.935,17.6915
CRI-2007,CRI,35.8265,16.537499999999998,6.996,17.671499999999998
CRI-2008,CRI,36.842999999999996,15.8575,7.469,16.8915
CRI-2009,CRI,38.685500000000005,14.2385,7.86,15.2445
CRI-2010,CRI,39.492999999999995,13.711,8.029,14.522
CRI-2011,CRI,312.36033333333336,109.53266666666667,592.1365000000001,115.73066666666665
CRI-2012,CRI,327.57233333333335,107.41766666666668,613.0695,114.47366666666666
CRI-2013,CRI,335.9653333333333,103.30333333333333,622.8875,112.62633333333333
CRI-2014,CRI,345.3876666666667,114.56566666666667,660.054,127.98100000000001
CRI-2015,CRI,371.7906666666667,111.26233333333333,695.091,124.93599999999999
CRI-2016,CRI,380.65933333333334,111.56833333333334,710.291,126.20100000000001
CRI-2017,CRI,387.94966666666664,109.995,726.2415000000001,129.54500000000002
CRI-2018,CRI,402.8333333333333,122.31933333333332,768.5035,142.83533333333332
CRI-2019,CRI,409.955,123.78166666666668,781.6945,144.508
CRI-2020,CRI,436.001,116.69500000000001,812.839,139.225
CYP-2005,CYP,219.90833333333333,265.47433333333333,744.731,309.9123333333333
CYP-2006,CYP,240.80633333333336,272.23999999999995,790.8075,319.73199999999997
CYP-2007,CYP,262.0056666666666,297.6703333333333,859.1220000000001,344.07466666666664
CYP-2008,CYP,300.4746666666667,367.46599999999995,1023.7959999999999,415.38899999999995
CYP-2009,CYP,311.4696666666667,361.9503333333334,1038.1605,413.97066666666666
CYP-2010,CYP,335.47266666666667,313.41833333333335,1040.631,389.3326666666667
CYP-2011,CYP,339.52466666666663,293.6426666666667,1014.5725,367.75
CYP-2012,CYP,323.8926666666667,296.139,998.3625000000001,372.55299999999994
CYP-2013,CYP,326.3186666666667,301.599,1011.9889999999999,378.52600000000007
CYP-2014,CYP,306.3536666666667,321.05766666666665,1017.561,402.38300000000004
CYP-2015,CYP,307.853,318.769,1046.0575,417.43533333333335
CYP-2016,CYP,334.3376666666667,355.9793333333334,1147.052,463.69733333333335
CYP-2017,CYP,348.91433333333333,376.25466666666665,1210.954,491.7223333333334
CYP-2018,CYP,381.3253333333334,402.51,1311.0275,526.0266666666666
CYP-2019,CYP,522.6026666666667,302.455,1362.267,418.9086666666667
CYP-2020,CYP,800.5813333333334,143.54733333333334,1487.168,224.19766666666666
CZE-1990,CZE,192.394,5.8260000000000005,247.33,5.8260000000000005
CZE-1991,CZE,173.93833333333336,6.821666666666666,221.1405,6.821666666666666
CZE-1992,CZE,178.94733333333332,9.926,233.31,9.926
CZE-1993,CZE,239.38000000000002,15.147,331.7905,15.147
CZE-1994,CZE,257.4316666666667,19.413333333333334,365.26750000000004,19.413333333333334
CZE-1995,CZE,273.3143333333333,31.311666666666664,406.9415,31.311666666666664
CZE-1996,CZE,288.321,33.157666666666664,432.2165,33.157666666666664
CZE-1997,CZE,290.477,34.536,437.519,34.536
CZE-1998,CZE,296.715,34.79933333333333,447.27099999999996,34.79933333333333
CZE-1999,CZE,317.31666666666666,35.224333333333334,478.8115,35.224333333333334
CZE-2000,CZE,338.77233333333334,38.46933333333333,515.8625,38.46933333333333
CZE-2001,CZE,377.11833333333334,44.91833333333333,583.0550000000001,44.91833333333333
CZE-2002,CZE,412.1496666666667,45.803333333333335,636.9285,45.803333333333335
CZE-2003,CZE,447.03333333333336,51.848000000000006,700.174,53.082666666666675
CZE-2004,CZE,464.74233333333336,56.03766666666667,735.205,58.72733333333334
CZE-2005,CZE,471.751,60.26133333333333,764.8679999999999,71.494
CZE-2006,CZE,479.443,64.688,783.175,76.00666666666666
CZE-2007,CZE,498.67533333333336,80.263,833.238,90.14966666666668
CZE-2008,CZE,528.001,103.74933333333333,914.6334999999999,115.08800000000001
CZE-2009,CZE,598.4406666666667,108.16466666666666,1028.012,120.234
CZE-2010,CZE,585.7846666666666,107.20533333333333,1004.4165,117.15966666666667
CZE-2011,CZE,600.8336666666667,107.59500000000001,1024.4134999999999,115.442
CZE-2012,CZE,613.4083333333333,112.008,1048.732,119.07933333333334
CZE-2013,CZE,712.4356666666667,115.76299999999999,1228.1255,139.64833333333334
CZE-2014,CZE,736.52,125.43333333333334,1286.103,154.21533333333332
CZE-2015,CZE,728.1759999999999,131.08599999999998,1276.0304999999998,155.84466666666668
CZE-2016,CZE,759.1336666666667,139.12433333333334,1339.038,166.892
CZE-2017,CZE,865.5136666666667,149.19266666666667,1488.4615,160.127
CZE-2018,CZE,915.5569999999999,153.02700000000002,1567.9975000000002,163.10833333333332
CZE-2019,CZE,957.4703333333332,158.767,1639.9145,169.13933333333333
CZE-2020,CZE,1144.0176666666669,150.37866666666665,1907.1915,160.77700000000002
DEU-1990,DEU,460.786,70.14933333333333,866.1815,150.00133333333335
DEU-1992,DEU,564.6776666666667,79.32966666666665,1014.151,144.761
DEU-1993,DEU,565.9613333333333,81.71266666666666,1024.65,150.477
DEU-1994,DEU,607.4830000000001,86.49066666666666,1098.9569999999999,158.48833333333334
DEU-1995,DEU,657.277,84.78533333333333,1179.338,162.28133333333332
DEU-1996,DEU,697.8423333333334,88.899,1245.021,165.505
DEU-1997,DEU,690.8363333333333,95.73633333333333,1252.959,177.803
DEU-1998,DEU,704.0969999999999,103.20633333333335,1287.866,187.81866666666667
DEU-1999,DEU,736.3159999999999,109.238,1353.8425,199.57900000000004
DEU-2000,DEU,782.3666666666668,121.83999999999999,1452.7105,219.44033333333334
DEU-2001,DEU,811.5496666666667,126.45200000000001,1509.6444999999999,228.20833333333334
DEU-2002,DEU,866.6866666666666,139.00733333333332,1624.977,249.96433333333331
DEU-2003,DEU,884.1970000000001,145.71666666666667,1669.888,262.39
DEU-2004,DEU,881.8639999999999,162.07500000000002,1700.8335000000002,285.358
DEU-2005,DEU,889.0676666666667,164.96033333333335,1720.1335,291.0163333333333
DEU-2006,DEU,918.482,176.072,1788.6205,307.265
DEU-2007,DEU,964.1930000000001,183.62333333333333,1880.4189999999999,322.75333333333333
DEU-2008,DEU,1017.0323333333332,189.33,1982.6935,338.097
DEU-2009,DEU,1185.9793333333334,195.61966666666663,2084.752,237.18866666666668
DEU-2010,DEU,1258.0776666666668,208.67733333333334,2217.0829999999996,253.311
DEU-2011,DEU,1295.811,215.91033333333334,2288.728,263.34133333333335
DEU-2012,DEU,1343.1940000000002,227.03033333333335,2378.1995,275.60600000000005
DEU-2013,DEU,1414.7546666666667,222.50033333333332,2481.3374999999996,272.804
DEU-2014,DEU,1477.184,225.857,2581.3655,277.0653333333333
DEU-2015,DEU,1517.2,233.59266666666667,2653.5795000000003,285.18666666666667
DEU-2016,DEU,1624.9850000000004,247.36666666666667,2840.1485000000002,301.78066666666666
DEU-2017,DEU,1710.289,259.50766666666664,2990.7434999999996,316.87333333333333
DEU-2018,DEU,1792.7873333333334,278.4926666666667,3146.6485000000002,338.3063333333333
DEU-2019,DEU,1825.822,290.44166666666666,3209.812,347.38633333333337
DEU-2020,DEU,2000.155,292.31966666666665,3475.9025,350.44699999999995
DNK-1990,DNK,425.5293333333334,84.25099999999999,724.777,90.98866666666667
DNK-1991,DNK,441.596,82.53766666666667,745.9835,89.05933333333333
DNK-1992,DNK,459.1213333333333,88.21133333333334,781.1635,94.98733333333332
DNK-1993,DNK,481.3516666666667,97.44599999999998,827.5915,103.70966666666668
DNK-1994,DNK,494.921,103.91433333333335,858.294,110.60866666666665
DNK-1995,DNK,498.38566666666674,101.85133333333333,861.4,109.21433333333334
DNK-1996,DNK,524.6246666666667,107.06533333333334,910.919,115.988
DNK-1997,DNK,544.4523333333333,112.41266666666667,949.716,122.01766666666667
DNK-1998,DNK,545.9496666666668,116.77333333333333,960.8679999999999,127.96233333333333
DNK-1999,DNK,634.8426666666667,116.88499999999999,1095.0055,128.494
DNK-2000,DNK,679.768,125.60633333333334,1176.9095,138.17166666666665
DNK-2001,DNK,717.5010000000001,130.03566666666666,1240.3815,142.75333333333333
DNK-2002,DNK,787.8776666666668,138.465,1360.1855,152.24533333333332
DNK-2003,DNK,792.1126666666665,137.42033333333333,1366.007,151.89166666666668
DNK-2004,DNK,843.7489999999999,150.18133333333336,1464.8255,166.13533333333334
DNK-2005,DNK,872.0749999999999,153.17533333333333,1512.0365,169.28266666666664
DNK-2006,DNK,950.0796666666666,164.55466666666666,1649.1955,182.71733333333336
DNK-2007,DNK,1024.704,178.25666666666666,1786.2054999999998,199.43266666666668
DNK-2008,DNK,1088.6786666666667,182.92999999999998,1893.609,207.061
DNK-2009,DNK,1161.8220000000001,188.24699999999999,2013.413,213.78666666666666
DNK-2010,DNK,1231.1283333333333,200.27,2141.492,229.86666666666667
DNK-2011,DNK,1226.7383333333332,203.11900000000003,2142.2745,234.778
DNK-2012,DNK,1277.8393333333333,204.67899999999997,2221.9425,236.78933333333336
DNK-2013,DNK,1305.2126666666668,206.264,2267.999,240.12033333333332
DNK-2014,DNK,1325.1363333333334,209.32700000000003,2303.884,244.11966666666663
DNK-2015,DNK,1358.5046666666665,217.00199999999998,2368.5480000000002,253.86066666666667
DNK-2016,DNK,1406.1676666666665,225.86133333333336,2455.5955000000004,264.2293333333334
DNK-2017,DNK,1461.7023333333334,238.40833333333333,2561.5285,279.31666666666666
DNK-2018,DNK,1512.1873333333333,249.60766666666666,2658.401,293.41366666666664
DNK-2019,DNK,1526.2736666666667,251.5136666666667,2684.9485,297.02566666666667
DNK-2020,DNK,1641.7593333333334,248.217,2852.0895,292.96733333333333
ESP-1990,ESP,242.3546666666667,,413.89399999999995,66.908
ESP-1991,ESP,258.26466666666664,65.35233333333333,452.4685,76.71466666666666
ESP-1992,ESP,279.3956666666666,70.19266666666667,493.505,82.94133333333333
ESP-1993,ESP,288.76733333333334,75.658,517.9390000000001,89.85866666666665
ESP-1994,ESP,291.99833333333333,80.21233333333333,529.862,94.57633333333332
ESP-1995,ESP,296.2203333333334,99.53066666666666,566.7885,114.972
ESP-1996,ESP,309.627,101.96666666666665,593.4124999999999,119.31466666666667
ESP-1997,ESP,322.249,105.76466666666666,619.3924999999999,124.01299999999999
ESP-1998,ESP,337.7183333333333,112.49466666666666,654.4730000000001,131.93033333333332
ESP-1999,ESP,353.29266666666666,118.33366666666666,688.566,139.08533333333335
ESP-2000,ESP,387.91966666666667,132.233,765.4375,155.70533333333333
ESP-2001,ESP,412.528,144.33833333333334,821.178,168.25766666666667
ESP-2002,ESP,452.3616666666667,156.64200000000002,905.1505,184.40499999999997
ESP-2003,ESP,503.08633333333336,158.89266666666666,1011.3050000000001,204.45033333333333
ESP-2004,ESP,530.5373333333333,164.766,1065.3609999999999,213.03666666666666
ESP-2005,ESP,553.409,168.32566666666665,1110.099,219.99033333333333
ESP-2006,ESP,601.3283333333333,175.351,1201.034,232.69433333333333
ESP-2007,ESP,624.8513333333334,179.17766666666668,1246.3174999999999,239.36033333333333
ESP-2008,ESP,679.1763333333333,191.293,1340.1595,247.59633333333332
ESP-2009,ESP,713.8326666666667,180.8226666666667,1376.2915,237.0283333333333
ESP-2010,ESP,706.3896666666666,192.5293333333333,1373.3135,242.4863333333333
ESP-2011,ESP,696.4106666666667,193.256,1371.557,251.29366666666667
ESP-2012,ESP,681.9743333333333,206.24666666666667,1368.65,263.79200000000003
ESP-2013,ESP,680.0533333333333,218.12033333333332,1386.5995,277.67966666666666
ESP-2014,ESP,694.8679999999999,228.7843333333333,1433.401,294.066
ESP-2015,ESP,743.7516666666666,232.5343333333333,1514.344,299.14466666666664
ESP-2016,ESP,776.9803333333334,238.45466666666667,1578.8180000000002,308.89833333333337
ESP-2017,ESP,805.4123333333333,254.10966666666664,1663.4424999999999,336.8823333333333
ESP-2018,ESP,827.7923333333333,262.21133333333336,1718.171,350.9883333333333
ESP-2019,ESP,854.8623333333334,263.473,1765.953,355.7730000000001
ESP-2020,ESP,935.011,250.45766666666665,1864.384,341.24533333333335
EST-1999,EST,157.97633333333332,29.636666666666667,257.937,39.830999999999996
EST-2000,EST,166.299,44.00033333333334,274.093,49.72366666666667
EST-2001,EST,169.78099999999998,41.698,274.99899999999997,46.88433333333333
EST-2002,EST,186.15666666666667,49.987,314.7115,56.984333333333325
EST-2003,EST,205.73533333333333,55.04,352.5785,62.65033333333334
EST-2004,EST,229.5,68.65433333333333,409.6135,76.90933333333332
EST-2005,EST,247.79999999999998,75.01533333333333,446.97249999999997,83.51433333333334
EST-2006,EST,265.21566666666666,81.173,475.49199999999996,85.10799999999999
EST-2007,EST,314.53133333333335,93.84666666666665,571.428,99.754
EST-2008,EST,358.5926666666667,96.52233333333334,648.7280000000001,107.22566666666665
EST-2009,EST,367.0553333333333,95.86133333333333,657.0554999999999,104.315
EST-2010,EST,373.9626666666666,107.41133333333335,684.9110000000001,115.978
EST-2011,EST,385.8733333333334,108.48166666666667,704.742,117.01733333333333
EST-2012,EST,414.161,116.26266666666668,760.4585000000001,125.95966666666668
EST-2013,EST,439.04999999999995,131.2913333333333,821.0545000000001,141.555
EST-2014,EST,480.7056666666667,151.13766666666666,913.8000000000001,161.57633333333334
EST-2015,EST,509.6646666666666,161.84633333333332,973.5260000000001,172.65599999999998
EST-2016,EST,548.2086666666668,174.33633333333333,1051.623,186.19366666666667
EST-2017,EST,566.0403333333333,190.85233333333335,1104.0355000000002,203.31666666666663
EST-2018,EST,606.786,201.8896666666667,1185.397,216.812
EST-2019,EST,635.2493333333333,204.15099999999998,1229.556,217.788
EST-2020,EST,729.6129999999999,202.771,1368.4904999999999,216.04766666666663
FIN-1990,FIN,365.02299999999997,74.24266666666666,634.428,91.26133333333333
FIN-1991,FIN,390.43066666666664,78.993,679.3125,95.77833333333335
FIN-1992,FIN,379.59999999999997,82.07666666666667,671.4205,101.347
FIN-1993,FIN,335.15799999999996,91.95066666666668,617.085,109.56533333333334
FIN-1994,FIN,330.4413333333334,92.89533333333333,612.7285,111.40733333333333
FIN-1995,FIN,345.11899999999997,114.17833333333333,676.767,139.39233333333334
FIN-1996,FIN,361.66200000000003,120.262,712.817,146.88333333333333
FIN-1997,FIN,376.5706666666667,122.54733333333333,741.2049999999999,150.89966666666666
FIN-1998,FIN,391.51466666666664,122.64600000000002,765.3885,152.07766666666666
FIN-1999,FIN,407.39933333333335,133.79466666666667,808.204,164.73666666666665
FIN-2000,FIN,490.18800000000005,143.02266666666665,941.971,171.1256666666667
FIN-2001,FIN,519.4573333333334,147.79233333333335,994.759,177.04866666666666
FIN-2002,FIN,578.1123333333334,159.653,1104.4215000000002,191.50199999999998
FIN-2003,FIN,600.0093333333333,161.68266666666668,1142.5140000000001,195.0
FIN-2004,FIN,655.4196666666667,171.24099999999999,1243.3865,206.83833333333337
FIN-2005,FIN,680.8556666666667,174.99633333333335,1290.894,213.07333333333335
FIN-2006,FIN,736.9903333333333,179.44499999999996,1380.478,216.66166666666666
FIN-2007,FIN,800.9206666666665,197.13966666666667,1506.5085,236.75133333333335
FIN-2008,FIN,864.5786666666667,207.52966666666669,1626.059,252.79433333333336
FIN-2009,FIN,876.1129999999999,207.02366666666668,1645.307,254.092
FIN-2010,FIN,908.6899999999999,221.66533333333334,1718.2355,270.13366666666667
FIN-2011,FIN,959.1693333333334,224.3306666666667,1803.7625,276.67266666666666
FIN-2012,FIN,1015.3176666666667,226.75966666666667,1897.887,283.27366666666666
FIN-2013,FIN,1050.5146666666667,239.81266666666667,1971.5204999999999,297.16566666666665
FIN-2014,FIN,1057.2596666666666,239.01866666666663,1982.768,297.91866666666664
FIN-2015,FIN,1052.0673333333332,254.72766666666666,2001.069,315.312
FIN-2016,FIN,1070.455,270.65133333333335,2056.466,333.85533333333336
FIN-2017,FIN,1101.548,274.54366666666664,2112.2180000000003,339.93033333333335
FIN-2018,FIN,1138.8173333333332,271.83566666666667,2169.7425000000003,341.0113333333333
FIN-2019,FIN,1166.2266666666667,260.94233333333335,2196.403,331.375
FIN-2020,FIN,1242.2516666666666,257.86633333333333,2307.1175000000003,329.16
FRA-1990,FRA,396.9073333333333,61.064,733.5535,125.46166666666669
FRA-1991,FRA,420.0526666666667,66.882,783.127,135.36499999999998
FRA-1992,FRA,445.1913333333334,68.96966666666667,829.7924999999999,141.33700000000002
FRA-1993,FRA,470.732,72.26266666666668,881.1709999999999,150.049
FRA-1994,FRA,483.2793333333334,72.86999999999999,912.9414999999999,158.68166666666667
FRA-1995,FRA,582.9233333333334,57.644,1055.401,154.0103333333333
FRA-1996,FRA,600.159,57.192,1089.6685,159.62
FRA-1997,FRA,618.5366666666667,57.78900000000001,1123.1779999999999,163.58166666666668
FRA-1998,FRA,640.1116666666667,59.199666666666666,1165.795,170.41833333333332
FRA-1999,FRA,668.4689999999999,62.22866666666666,1220.4814999999999,178.5186666666667
FRA-2000,FRA,735.4580000000001,67.81566666666667,1348.557,196.91333333333333
FRA-2001,FRA,785.1709999999999,72.99066666666667,1442.5,209.82899999999998
FRA-2002,FRA,860.9113333333333,77.61433333333333,1581.019,226.4346666666667
FRA-2003,FRA,831.4623333333334,77.85666666666667,1533.174,223.98733333333334
FRA-2004,FRA,861.6899999999999,79.25233333333334,1590.5555000000002,232.014
FRA-2005,FRA,885.1476666666666,82.89566666666667,1637.3945,239.782
FRA-2006,FRA,915.2189999999999,110.90933333333334,1727.6205,269.86133333333333
FRA-2007,FRA,949.554,117.47066666666667,1799.2714999999998,283.29333333333335
FRA-2008,FRA,979.0433333333334,128.37566666666666,1869.9270000000001,300.90766666666667
FRA-2009,FRA,1018.1653333333334,135.29066666666668,1946.065,312.54466666666667
FRA-2010,FRA,1056.5193333333334,141.79933333333335,2028.1455,328.91066666666666
FRA-2011,FRA,1082.5266666666666,145.84666666666666,2086.4415000000004,341.7676666666667
FRA-2012,FRA,1118.6736666666668,148.78799999999998,2155.3655,351.57
FRA-2013,FRA,1271.874,156.80833333333334,2278.1845,280.2486666666667
FRA-2014,FRA,1298.0026666666665,158.633,2319.1065,281.40166666666664
FRA-2015,FRA,1314.0173333333332,156.451,2339.2985,278.8483333333333
FRA-2016,FRA,1392.5086666666666,163.229,2469.8064999999997,287.3626666666667
FRA-2017,FRA,1416.1853333333336,166.42533333333333,2508.5570000000002,289.5196666666667
FRA-2018,FRA,1447.5653333333332,165.12133333333333,2555.2594999999997,289.274
FRA-2019,FRA,1470.2233333333334,166.444,2589.4685,289.42233333333337
FRA-2020,FRA,1575.713,166.30866666666665,2740.3115,284.49466666666666
GBR-1990,GBR,249.44999999999996,33.608000000000004,393.851,46.45066666666667
GBR-1991,GBR,264.2583333333333,37.63433333333333,424.1415,51.836333333333336
GBR-1992,GBR,289.681,40.44533333333334,468.318,55.864000000000004
GBR-1993,GBR,309.964,41.27,500.8655,57.279666666666664
GBR-1994,GBR,325.167,45.41133333333334,532.379,63.08599999999999
GBR-1995,GBR,336.13166666666666,46.10166666666667,549.7935000000001,63.73066666666667
GBR-1996,GBR,358.0466666666667,49.60466666666667,588.5649999999999,67.66333333333334
GBR-1997,GBR,403.5973333333333,101.72433333333333,757.099,134.46866666666668
GBR-1998,GBR,421.19000000000005,104.656,789.5455,138.50733333333332
GBR-1999,GBR,453.91366666666664,108.016,845.545,143.11633333333333
GBR-2000,GBR,508.7323333333333,115.72033333333333,952.1965,159.399
GBR-2001,GBR,562.5866666666667,113.529,1037.2794999999999,162.26633333333334
GBR-2002,GBR,632.6306666666666,114.11899999999999,1147.5890000000002,165.762
GBR-2003,GBR,671.9776666666667,135.33666666666667,1238.6165,187.10000000000002
GBR-2004,GBR,755.7379999999999,135.582,1366.5980000000002,188.66066666666666
GBR-2005,GBR,766.513,125.202,1369.9165,180.09799999999998
GBR-2006,GBR,827.3973333333333,134.91,1480.478,192.92133333333334
GBR-2007,GBR,848.5746666666668,135.45066666666668,1515.137,194.85
GBR-2008,GBR,895.0866666666667,147.243,1608.438,210.53833333333333
GBR-2009,GBR,925.8133333333334,162.97233333333332,1672.27,222.36666666666665
GBR-2010,GBR,952.3920000000002,169.84066666666666,1725.8310000000001,231.49533333333332
GBR-2011,GBR,966.323,171.40233333333333,1752.784,235.533
GBR-2012,GBR,994.427,180.06866666666667,1812.0314999999998,246.92766666666668
GBR-2013,GBR,1005.2640000000001,185.01633333333334,1838.739,253.89466666666667
GBR-2014,GBR,1030.1483333333333,190.09166666666667,1884.381,259.439
GBR-2015,GBR,1040.7846666666667,194.1823333333333,1907.7875000000001,264.407
GBR-2016,GBR,1087.536,201.22766666666666,1984.9180000000001,269.07599999999996
GBR-2017,GBR,1105.943,209.59666666666666,2034.3565,283.6283333333334
GBR-2018,GBR,1136.3283333333331,219.55066666666664,2099.683,296.7936666666667
GBR-2019,GBR,1189.122,229.00566666666668,2197.669,309.32366666666667
GBR-2020,GBR,1416.8246666666666,214.423,2515.339,293.40133333333335
GRC-1990,GRC,158.71599999999998,,389.865,134.52700000000002
GRC-1991,GRC,163.01833333333332,,401.009,137.6543333333333
GRC-1992,GRC,184.45766666666668,,447.0915,146.93666666666667
GRC-1993,GRC,205.65633333333335,,504.37649999999996,163.99699999999999
GRC-1994,GRC,213.84666666666666,,574.2900000000001,202.34666666666666
GRC-1995,GRC,228.91099999999997,,599.6999999999999,204.1643333333333
GRC-1996,GRC,242.14166666666668,,620.959,205.2193333333333
GRC-1997,GRC,250.94533333333334,,648.395,214.65099999999998
GRC-1998,GRC,255.09000000000003,,668.0649999999999,223.62
GRC-1999,GRC,273.65,,699.039,225.70966666666664
GRC-2000,GRC,313.40366666666665,,712.8304999999999,195.15066666666667
GRC-2001,GRC,381.117,,854.4585000000001,221.8553333333333
GRC-2002,GRC,415.0143333333333,,979.6814999999999,271.43966666666665
GRC-2003,GRC,430.444,272.511,1028.5515,288.59066666666666
GRC-2004,GRC,431.64733333333334,286.87,1054.4485,304.65133333333335
GRC-2005,GRC,466.83400000000006,282.97533333333337,1101.0795,300.55199999999996
GRC-2006,GRC,495.1960000000001,289.72266666666667,1155.667,308.582
GRC-2007,GRC,534.9646666666666,289.05833333333334,1216.9345,309.65833333333336
GRC-2008,GRC,604.2016666666667,297.85033333333337,1337.1475,320.56333333333333
GRC-2009,GRC,647.8986666666667,279.785,1372.4925,300.33866666666665
GRC-2010,GRC,623.8753333333333,255.8563333333333,1308.1025000000002,281.35066666666665
GRC-2011,GRC,525.3576666666667,249.14133333333336,1149.392,272.74833333333333
GRC-2012,GRC,496.7733333333333,228.82000000000002,1077.231,253.61933333333332
GRC-2013,GRC,454.4923333333333,247.006,1048.1470000000002,271.59133333333335
GRC-2014,GRC,406.5476666666666,262.75166666666667,1009.494,290.56233333333336
GRC-2015,GRC,434.5146666666667,267.9943333333333,1065.577,297.2176666666667
GRC-2016,GRC,484.2806666666667,270.658,1133.3545000000001,302.6066666666667
GRC-2017,GRC,476.1746666666666,275.1766666666667,1129.4895000000001,308.74566666666664
GRC-2018,GRC,478.23133333333334,291.38466666666665,1161.408,328.29766666666666
GRC-2019,GRC,503.9493333333333,275.6213333333333,1178.8885,314.2296666666667
GRC-2020,GRC,534.972,289.3093333333333,1247.7994999999999,328.918
HRV-2005,HRV,333.745,52.00966666666667,532.6034999999999,54.657333333333334
HRV-2006,HRV,367.3183333333333,57.01866666666666,592.3610000000001,60.922000000000004
HRV-2007,HRV,433.109,61.937999999999995,699.6005,66.62433333333333
HRV-2008,HRV,469.0946666666666,80.226,779.1265,83.65633333333334
HRV-2009,HRV,471.1276666666667,76.08066666666666,780.1750000000001,82.32266666666666
HRV-2010,HRV,475.65333333333336,77.693,785.005,81.01633333333334
HRV-2011,HRV,428.3006666666667,66.47866666666667,756.0699999999999,109.07933333333334
HRV-2012,HRV,448.021,64.863,777.9845,103.96866666666665
HRV-2013,HRV,419.67799999999994,43.677666666666674,691.787,74.84633333333333
HRV-2014,HRV,428.07099999999997,58.208333333333336,724.3375000000001,88.15433333333334
HRV-2015,HRV,448.8156666666667,59.449666666666666,764.723,94.33299999999998
HRV-2016,HRV,490.2046666666667,65.19,841.0565,103.83299999999998
HRV-2017,HRV,514.338,68.334,884.6605000000001,108.769
HRV-2018,HRV,543.658,75.49466666666667,944.4615,119.31666666666668
HRV-2019,HRV,563.497,78.87400000000001,981.9535,124.472
HRV-2020,HRV,613.8403333333333,76.181,1043.6335,115.24866666666667
HUN-1991,HUN,204.50833333333333,27.548999999999996,298.086,27.548999999999996
HUN-1992,HUN,212.66433333333336,32.01666666666667,317.0215,32.01666666666667
HUN-1993,HUN,217.311,34.24466666666667,327.33349999999996,34.24466666666667
HUN-1994,HUN,240.05366666666666,38.29233333333333,367.519,38.29233333333333
HUN-1995,HUN,218.77933333333337,45.276,346.083,45.276
HUN-1996,HUN,215.05533333333332,51.42600000000001,349.72200000000004,51.42600000000001
HUN-1997,HUN,214.688,53.50366666666667,352.28749999999997,53.50366666666667
HUN-1998,HUN,215.67666666666665,68.888,387.757,76.16133333333333
HUN-1999,HUN,220.89633333333333,80.59133333333334,415.06,89.14366666666666
HUN-2000,HUN,235.32799999999997,92.334,456.834,102.56133333333334
HUN-2001,HUN,250.60433333333333,105.92666666666668,501.4285,117.01499999999999
HUN-2002,HUN,295.5056666666666,116.86933333333333,587.1775,129.279
HUN-2003,HUN,346.3616666666667,129.40233333333333,686.491,144.63266666666667
HUN-2004,HUN,349.43100000000004,128.23366666666666,694.619,146.98133333333334
HUN-2005,HUN,370.29866666666675,134.96333333333334,735.754,153.53733333333332
HUN-2006,HUN,381.85966666666667,135.18533333333335,759.61,157.88
HUN-2007,HUN,352.8913333333333,134.746,718.6235,159.52466666666666
HUN-2008,HUN,367.22433333333333,140.68633333333335,749.8395,166.002
HUN-2009,HUN,364.231,140.08433333333332,749.9055,169.03933333333333
HUN-2010,HUN,396.5693333333333,162.263,836.828,194.649
HUN-2011,HUN,412.95000000000005,175.393,881.5025,208.0516666666667
HUN-2012,HUN,409.1956666666667,183.62733333333335,886.9715,215.452
HUN-2013,HUN,428.35100000000006,182.49699999999999,914.406,214.58633333333333
HUN-2014,HUN,440.643,186.312,935.399,216.29
HUN-2015,HUN,454.01399999999995,183.08166666666668,949.0500000000001,212.019
HUN-2016,HUN,478.0643333333333,194.44133333333335,1003.3345,224.15866666666668
HUN-2017,HUN,483.08899999999994,191.2396666666667,1002.0055,218.24800000000002
HUN-2018,HUN,512.7653333333334,197.66033333333334,1056.1425,224.663
HUN-2019,HUN,503.5556666666667,203.91133333333335,1050.188,229.903
HUN-2020,HUN,597.409,213.48333333333335,1204.6245,239.00766666666667
IND-2000,IND,11.758000000000001,37.342999999999996,4.161,40.3225
IND-2001,IND,10.7895,38.681999999999995,4.396,41.409
IND-2002,IND,10.468499999999999,38.2915,4.373,41.717999999999996
IND-2003,IND,10.314499999999999,38.23,4.134,41.7525
IND-2004,IND,10.216999999999999,37.7205,4.081,41.8235
IND-2005,IND,11.004,38.0045,3.91,40.95099999999999
IND-2006,IND,11.136,37.483000000000004,3.749,40.7385
IND-2007,IND,11.352500000000001,36.693,3.628,40.4615
IND-2008,IND,11.9475,35.827,3.625,39.865
IND-2009,IND,13.069,34.579,3.594,38.728500000000004
IND-2010,IND,13.196,33.6925,3.375,38.4915
IND-2011,IND,24.575666666666667,54.572333333333326,81.552,63.126
IND-2012,IND,25.485666666666663,59.214,90.9855,68.50500000000001
IND-2013,IND,22.98266666666667,71.81166666666667,105.947,80.98233333333333
IND-2014,IND,23.86233333333333,69.80266666666667,106.242,80.29866666666666
IND-2015,IND,27.48466666666667,68.899,109.8235,79.06400000000001
IND-2016,IND,29.531000000000002,69.06933333333335,113.914,79.745
IND-2017,IND,33.229,55.22866666666667,100.31700000000001,66.98233333333333
IND-2018,IND,34.86066666666667,58.55566666666667,108.771,70.98666666666666
IND-2019,IND,36.840666666666664,60.942,116.8675,73.842
IRL-1990,IRL,209.217,49.339333333333336,378.8235,76.66733333333333
IRL-1991,IRL,232.23233333333337,53.714666666666666,422.887,83.02533333333334
IRL-1992,IRL,254.12066666666666,56.205333333333336,462.8725,87.79466666666667
IRL-1993,IRL,273.9843333333333,58.027666666666676,499.57149999999996,92.39666666666666
IRL-1994,IRL,284.9823333333333,59.88633333333334,523.5595000000001,97.39066666666666
IRL-1995,IRL,305.49333333333334,66.747,568.3045,106.71
IRL-1996,IRL,316.55400000000003,71.627,595.826,113.997
IRL-1997,IRL,346.7273333333333,75.21533333333333,647.1665,118.05033333333331
IRL-1998,IRL,375.963,76.945,700.6165000000001,124.44833333333334
IRL-1999,IRL,403.551,85.069,751.9395,131.07533333333333
IRL-2000,IRL,500.14633333333336,78.183,917.8439999999999,145.08333333333334
IRL-2001,IRL,585.8713333333334,79.525,1070.375,161.04533333333333
IRL-2002,IRL,664.983,88.11633333333333,1212.7669999999998,176.86133333333336
IRL-2003,IRL,705.143,117.71233333333333,1292.905,190.12699999999998
IRL-2004,IRL,766.0283333333333,118.60466666666667,1406.024,204.6543333333333
IRL-2005,IRL,841.525,144.61133333333333,1550.509,225.4813333333333
IRL-2006,IRL,859.2750000000001,153.79733333333334,1606.1605,244.8323333333333
IRL-2007,IRL,922.284,134.69,1696.0145,241.72533333333334
IRL-2008,IRL,992.1526666666667,148.38366666666667,1826.1995000000002,258.647
IRL-2009,IRL,1018.7956666666665,167.88566666666665,1932.8205,303.0846666666667
IRL-2010,IRL,1056.7156666666667,191.36900000000003,2030.7565,330.455
IRL-2011,IRL,1032.4503333333332,199.50833333333333,2104.1000000000004,403.6163333333334
IRL-2012,IRL,1068.903,207.024,2184.7819999999997,420.95166666666665
IRL-2013,IRL,1037.747,210.07500000000002,2155.1040000000003,432.32233333333335
IRL-2014,IRL,1019.2136666666667,205.40333333333334,2103.1055,416.1903333333333
IRL-2015,IRL,1056.7996666666666,193.91733333333332,2151.391,410.7943333333333
IRL-2016,IRL,1125.7726666666665,198.07233333333338,2272.0969999999998,422.292
IRL-2017,IRL,1165.358,201.33666666666667,2345.256,431.4793333333334
IRL-2018,IRL,1229.892,199.47799999999998,2438.7845,429.29766666666666
IRL-2019,IRL,1257.2103333333334,199.23799999999997,2476.9474999999998,427.4213333333334
IRL-2020,IRL,1439.8676666666668,191.86233333333334,2689.9575,386.771
ISL-1990,ISL,483.40333333333336,77.47333333333334,791.3149999999999,77.47333333333334
ISL-1991,ISL,508.838,81.22933333333333,835.1020000000001,81.22933333333333
ISL-1992,ISL,498.86533333333335,92.29233333333333,836.7365000000001,92.29233333333332
ISL-1993,ISL,498.81766666666664,103.09333333333335,852.8665,103.09333333333335
ISL-1994,ISL,515.3303333333333,104.44633333333333,879.6650000000001,104.44633333333333
ISL-1995,ISL,533.8446666666667,105.67099999999999,909.2735,105.67099999999999
ISL-1996,ISL,551.389,113.42566666666666,947.222,113.42566666666666
ISL-1997,ISL,578.9029999999999,130.057,1013.4405,130.057
ISL-1998,ISL,650.5943333333333,163.69466666666665,1171.4335,163.69466666666665
ISL-1999,ISL,725.6843333333333,169.11866666666666,1292.2050000000002,169.11866666666666
ISL-2000,ISL,745.259,166.22333333333333,1333.918,177.35333333333332
ISL-2001,ISL,768.737,172.37466666666668,1379.9095,184.53566666666666
ISL-2002,ISL,858.9653333333334,182.641,1533.2675,196.54666666666665
ISL-2003,ISL,871.4513333333334,186.43333333333337,1558.3245,200.76533333333336
ISL-2004,ISL,909.8186666666667,198.987,1635.9080000000001,214.11966666666663
ISL-2005,ISL,915.2446666666666,198.735,1644.8595,214.66133333333332
ISL-2006,ISL,952.5026666666666,197.85333333333332,1701.2945,215.02700000000002
ISL-2007,ISL,1002.837,201.38466666666667,1784.0645,219.87233333333336
ISL-2008,ISL,1019.6656666666667,201.80966666666666,1810.406,220.6053333333333
ISL-2009,ISL,976.8620000000001,201.91933333333336,1744.858,219.71
ISL-2010,ISL,897.8053333333334,209.79166666666666,1636.323,226.41
ISL-2011,ISL,912.2483333333333,210.97633333333332,1660.329,227.971
ISL-2012,ISL,934.3216666666666,217.06833333333336,1703.5915,234.73933333333332
ISL-2013,ISL,964.465,219.45400000000004,1753.1235,237.617
ISL-2014,ISL,994.8653333333333,222.227,1803.923,241.083
ISL-2015,ISL,1034.7493333333334,225.88700000000003,1870.711,245.72466666666665
ISL-2016,ISL,1097.7036666666665,227.16433333333336,1970.096,249.02699999999996
ISL-2017,ISL,1151.4023333333334,231.36266666666666,2059.7580000000003,255.10266666666666
ISL-2018,ISL,1192.8916666666667,230.77066666666667,2122.0185,255.121
ISL-2019,ISL,1221.744,229.38733333333334,2163.391,253.84966666666665
ISL-2020,ISL,1313.3133333333333,236.7346666666667,2314.8375,263.24499999999995
ISR-1990,ISR,,,6.482,
ISR-1991,ISR,,,6.182,
ISR-1992,ISR,,,6.441,
ISR-1993,ISR,,,6.611,
ISR-1994,ISR,,,7.084,
ISR-1995,ISR,288.3833333333333,114.42033333333332,584.6655,122.98166666666668
ISR-1996,ISR,316.77299999999997,113.664,630.7215,124.59166666666668
ISR-1997,ISR,332.36966666666666,125.116,674.6255000000001,139.56966666666668
ISR-1998,ISR,322.137,144.46333333333334,695.087,162.92333333333332
ISR-1999,ISR,319.61100000000005,136.90466666666666,688.0745000000001,158.613
ISR-2000,ISR,348.5,162.86666666666667,778.423,190.92633333333333
ISR-2001,ISR,367.805,177.97199999999998,830.1695,207.208
ISR-2002,ISR,383.7803333333334,166.93133333333333,849.3185,202.45533333333333
ISR-2003,ISR,362.88599999999997,166.18933333333334,820.756,205.927
ISR-2004,ISR,373.77833333333336,173.80200000000002,857.5649999999999,217.58833333333334
ISR-2005,ISR,372.26433333333335,187.85766666666666,881.7284999999999,236.19899999999998
ISR-2006,ISR,384.58500000000004,158.74366666666666,875.651,223.64333333333335
ISR-2007,ISR,395.978,174.24300000000002,930.2434999999999,249.03666666666666
ISR-2008,ISR,398.6903333333333,164.89700000000002,925.836,242.812
ISR-2009,ISR,411.4536666666666,170.84933333333333,958.2015,251.91333333333333
ISR-2010,ISR,434.9866666666666,164.928,988.952,248.70066666666665
ISR-2011,ISR,456.63433333333336,173.343,1044.367,263.121
ISR-2012,ISR,486.33666666666664,181.83833333333334,1115.213,279.5063333333333
ISR-2013,ISR,495.827,177.11733333333333,1122.7485,275.1566666666667
ISR-2014,ISR,493.42333333333335,179.83933333333334,1122.3529999999998,277.729
ISR-2015,ISR,510.9536666666667,181.29233333333335,1158.5594999999998,283.43833333333333
ISR-2016,ISR,555.3343333333333,200.173,1265.6235000000001,310.00666666666666
ISR-2017,ISR,582.0590000000001,204.37766666666664,1316.7085,316.536
ISR-2018,ISR,615.666,207.90666666666667,1378.1309999999999,323.22533333333337
ISR-2019,ISR,624.6673333333333,203.246,1399.1354999999999,322.90233333333333
ISR-2020,ISR,747.431,180.87266666666667,1532.864,295.54766666666666
ITA-1990,ITA,374.29299999999995,83.028,640.5079999999999,86.04566666666666
ITA-1991,ITA,404.3033333333333,90.294,697.3485000000001,93.92899999999999
ITA-1992,ITA,407.0443333333333,92.18033333333334,705.362,96.53033333333333
ITA-1993,ITA,394.20133333333337,102.95299999999999,702.662,107.574
ITA-1994,ITA,386.7556666666667,115.016,709.961,119.885
ITA-1995,ITA,373.3426666666667,145.36133333333333,735.8349999999999,150.5476666666667
ITA-1996,ITA,388.82300000000004,150.905,767.9245,156.46
ITA-1997,ITA,417.76233333333334,162.68766666666667,829.4995,168.57033333333334
ITA-1998,ITA,433.955,174.97433333333333,871.94,180.67166666666665
ITA-1999,ITA,451.64366666666666,178.764,904.673,184.80466666666666
ITA-2000,ITA,517.6923333333333,188.61233333333334,1019.051,195.008
ITA-2001,ITA,562.0243333333333,184.34633333333332,1079.7324999999998,191.13066666666668
ITA-2002,ITA,599.814,193.04999999999998,1150.2905,200.37966666666668
ITA-2003,ITA,601.9616666666667,189.52866666666668,1148.5905,197.09899999999996
ITA-2004,ITA,650.4146666666667,194.77833333333334,1229.6045,202.65533333333335
ITA-2005,ITA,674.7806666666667,188.14633333333333,1256.219,196.032
ITA-2006,ITA,718.1386666666667,196.89733333333334,1335.4679999999998,205.50699999999998
ITA-2007,ITA,724.1976666666668,201.088,1351.8845,210.39233333333334
ITA-2008,ITA,787.3653333333333,216.30866666666665,1470.494,226.29733333333334
ITA-2009,ITA,795.174,209.8356666666667,1473.2225,220.30733333333333
ITA-2010,ITA,840.3380000000001,220.105,1556.6905000000002,230.7893333333333
ITA-2011,ITA,823.2683333333334,235.47000000000003,1553.5149999999999,245.74133333333336
ITA-2012,ITA,804.3939999999999,234.12266666666667,1540.1970000000001,255.73733333333334
ITA-2013,ITA,795.8953333333334,233.50233333333335,1525.853,254.67333333333337
ITA-2014,ITA,790.8876666666666,236.34866666666665,1522.864,257.688
ITA-2015,ITA,793.429,250.13666666666666,1548.894,272.50033333333334
ITA-2016,ITA,838.9336666666667,262.99066666666664,1641.3745,288.64966666666663
ITA-2017,ITA,856.5010000000001,276.52799999999996,1692.3809999999999,305.08666666666664
ITA-2018,ITA,887.4536666666667,282.96866666666665,1752.2749999999999,314.063
ITA-2019,ITA,903.1166666666667,287.3136666666666,1786.9785,321.536
ITA-2020,ITA,978.0459999999999,273.5453333333333,1878.403,307.5563333333333
JPN-1990,JPN,309.0083333333334,,547.3580000000001,89.23033333333335
JPN-1991,JPN,332.17333333333335,,586.102,91.89466666666668
JPN-1992,JPN,354.0656666666667,,629.72,99.081
JPN-1993,JPN,379.7616666666667,,669.2725,99.75266666666666
JPN-1994,JPN,400.05300000000005,,713.367,108.85833333333333
JPN-1995,JPN,414.10699999999997,73.317,709.809,92.43200000000002
JPN-1996,JPN,420.311,74.41566666666667,721.192,93.81700000000001
JPN-1997,JPN,440.4976666666667,85.123,767.9375,104.794
JPN-1998,JPN,447.9336666666666,89.95233333333333,788.808,111.27133333333332
JPN-1999,JPN,473.61433333333326,95.79366666666665,837.3935,117.98133333333334
JPN-2000,JPN,524.091,103.712,927.4105000000001,127.516
JPN-2001,JPN,554.0086666666667,108.01633333333332,976.3975,130.256
JPN-2002,JPN,584.782,115.71033333333332,1036.2424999999998,139.37966666666665
JPN-2003,JPN,613.5690000000001,129.57366666666667,1100.962,153.73933333333335
JPN-2004,JPN,645.1946666666666,133.33166666666668,1155.6074999999998,158.54366666666667
JPN-2005,JPN,697.7316666666666,134.731,1239.422,161.883
JPN-2006,JPN,714.5686666666667,146.09633333333335,1284.453,175.0666666666667
JPN-2007,JPN,757.7023333333333,144.688,1348.8475,174.86266666666666
JPN-2008,JPN,786.6213333333334,147.67333333333332,1403.6435,182.47466666666665
JPN-2009,JPN,834.7113333333333,155.65066666666667,1490.168,192.06733333333332
JPN-2010,JPN,895.2606666666666,159.21766666666667,1589.1265,197.49033333333333
JPN-2011,JPN,1075.0186666666666,168.45066666666665,1875.6219999999998,208.72933333333336
JPN-2012,JPN,1141.8596666666665,176.48566666666667,1990.7185,218.6196666666667
JPN-2013,JPN,1241.1423333333335,187.08666666666667,2159.463,231.833
JPN-2014,JPN,1244.69,190.43266666666668,2169.5465,235.00766666666667
JPN-2015,JPN,1296.6453333333332,199.66633333333334,2263.153,245.45666666666668
JPN-2016,JPN,1234.371,188.81033333333335,2153.2585,234.46766666666667
JPN-2017,JPN,1269.8193333333331,190.81566666666666,2211.754,238.01633333333334
JPN-2018,JPN,1302.6443333333334,202.06633333333332,2282.511,252.36299999999997
JPN-2019,JPN,1321.5233333333333,203.06333333333336,2310.8765,252.394
JPN-2020,JPN,1327.1463333333334,211.94500000000002,2338.3875,265.1123333333333
KOR-1990,KOR,61.39566666666667,90.35666666666667,179.7295,91.757
KOR-1991,KOR,60.416,98.50233333333334,190.752,100.08533333333334
KOR-1992,KOR,66.52,106.00266666666666,211.1885,107.60566666666666
KOR-1993,KOR,72.79066666666667,107.47066666666667,222.8475,109.10766666666666
KOR-1994,KOR,79.081,108.593,234.1725,110.36733333333335
KOR-1995,KOR,86.92066666666666,117.50066666666667,259.57399999999996,119.462
KOR-1996,KOR,101.544,122.79,289.6055,124.85966666666667
KOR-1997,KOR,112.06966666666666,120.04933333333334,301.60249999999996,122.33233333333332
KOR-1998,KOR,119.60199999999999,103.20566666666666,292.3215,108.61233333333332
KOR-1999,KOR,133.439,116.253,333.196,122.02499999999999
KOR-2000,KOR,148.91400000000002,120.58533333333332,364.4925,127.41399999999999
KOR-2001,KOR,188.682,126.20166666666667,432.84499999999997,133.21433333333334
KOR-2002,KOR,194.816,127.56133333333332,445.23449999999997,135.34066666666666
KOR-2003,KOR,210.62933333333334,139.12866666666667,488.823,148.586
KOR-2004,KOR,224.28100000000003,144.222,518.9164999999999,154.99666666666667
KOR-2005,KOR,245.198,155.87933333333334,569.4605,167.77533333333335
KOR-2006,KOR,282.11133333333333,164.60366666666667,640.837,178.4466666666667
KOR-2007,KOR,312.9243333333333,183.65600000000003,720.1505,200.50933333333333
KOR-2008,KOR,326.9646666666667,205.218,780.7779999999999,226.88733333333334
KOR-2009,KOR,363.3296666666667,204.62099999999998,845.063,233.37900000000002
KOR-2010,KOR,402.9346666666666,224.982,942.0245,258.415
KOR-2011,KOR,414.7526666666667,235.905,986.3555,276.1513333333333
KOR-2012,KOR,429.18533333333335,250.78166666666667,1038.8394999999998,296.7076666666666
KOR-2013,KOR,440.50199999999995,255.02633333333335,1067.7054999999998,304.635
KOR-2014,KOR,458.665,264.43199999999996,1119.8345,321.22433333333333
KOR-2015,KOR,509.74766666666665,291.473,1249.1744999999999,356.3693333333333
KOR-2016,KOR,545.0213333333334,305.75533333333334,1335.827,378.8633333333333
KOR-2017,KOR,577.9473333333334,314.47266666666667,1404.7205,391.86633333333333
KOR-2018,KOR,637.949,342.472,1543.1755,424.16800000000006
KOR-2019,KOR,688.1413333333334,341.30199999999996,1642.683,440.3136666666666
KOR-2020,KOR,769.7773333333333,341.38266666666664,1795.3385,460.449
LTU-2000,LTU,155.388,61.58466666666667,290.221,71.42566666666666
LTU-2001,LTU,169.90966666666668,65.49300000000001,306.12850000000003,67.50966666666666
LTU-2002,LTU,201.58866666666668,69.81099999999999,359.004,71.081
LTU-2003,LTU,231.847,74.37533333333333,411.358,75.72533333333332
LTU-2004,LTU,198.52066666666667,98.20033333333333,397.45349999999996,99.754
LTU-2005,LTU,220.47833333333332,108.31966666666666,445.6845,109.91766666666668
LTU-2006,LTU,251.68833333333336,118.58733333333333,508.43100000000004,120.55966666666667
LTU-2007,LTU,299.7613333333333,119.76633333333332,582.4095,121.80133333333333
LTU-2008,LTU,345.14433333333335,136.499,676.7520000000001,139.33333333333334
LTU-2009,LTU,345.52500000000003,127.86966666666666,665.27,131.28433333333334
LTU-2010,LTU,353.4273333333333,135.96933333333334,689.26,139.057
LTU-2011,LTU,376.56166666666667,149.69233333333332,745.6175000000001,153.381
LTU-2012,LTU,375.7246666666667,177.47833333333332,787.1395,182.0533333333333
LTU-2013,LTU,390.586,193.49766666666667,834.355,198.734
LTU-2014,LTU,425.154,198.179,893.9375,203.81000000000003
LTU-2015,LTU,452.87566666666663,214.761,961.789,221.22833333333335
LTU-2016,LTU,489.35400000000004,237.471,1052.2169999999999,245.336
LTU-2017,LTU,515.3000000000001,254.34933333333333,1118.7169999999999,263.666
LTU-2018,LTU,560.5373333333333,262.9816666666666,1201.6695000000002,273.7146666666667
LTU-2019,LTU,617.1503333333334,300.0133333333333,1344.533,312.3246666666667
LTU-2020,LTU,698.8586666666666,285.9216666666667,1444.691,297.33299999999997
LUX-1990,LUX,490.5733333333333,28.971333333333334,740.5015,36.42766666666667
LUX-1991,LUX,512.8913333333334,30.293000000000003,777.5275,38.79366666666667
LUX-1992,LUX,547.7573333333333,32.774,835.072,42.291
LUX-1993,LUX,594.0466666666667,35.577666666666666,909.0335,45.309
LUX-1994,LUX,600.2230000000001,44.370666666666665,931.4445,54.07333333333333
LUX-1995,LUX,678.85,45.47666666666666,1051.5925,55.544666666666664
LUX-1996,LUX,718.689,55.71633333333333,1111.608,55.71633333333333
LUX-1997,LUX,732.3516666666666,59.031,1137.8105,59.522
LUX-1998,LUX,780.524,64.022,1216.8190000000002,64.022
LUX-1999,LUX,877.471,72.31033333333333,1416.6335,100.28500000000001
LUX-2000,LUX,961.0553333333334,167.08,1708.64,211.37033333333332
LUX-2001,LUX,1053.758,173.96399999999997,1860.4064999999998,219.8466666666667
LUX-2002,LUX,1205.6073333333331,201.27933333333337,2127.784,246.249
LUX-2003,LUX,1248.4653333333333,199.68866666666668,2209.2585,257.708
LUX-2004,LUX,1356.4906666666666,207.93133333333333,2391.6549999999997,271.27933333333334
LUX-2005,LUX,1383.3506666666665,214.92933333333335,2444.263,279.49066666666664
LUX-2006,LUX,1451.713,234.5203333333333,2580.348,301.8523333333333
LUX-2007,LUX,1457.2883333333332,178.42533333333333,2546.3515,273.613
LUX-2008,LUX,1611.9000000000003,185.72833333333332,2718.6715,233.88166666666666
LUX-2009,LUX,1662.6846666666668,191.87833333333333,2858.549,276.34766666666667
LUX-2010,LUX,1622.3603333333333,195.51466666666667,2815.8795,288.226
LUX-2011,LUX,1368.3373333333336,179.04,2418.2345,277.1526666666667
LUX-2012,LUX,1250.9673333333333,173.18333333333337,2214.8985,235.91633333333334
LUX-2013,LUX,1313.3703333333333,177.01999999999998,2320.9505,244.14200000000002
LUX-2014,LUX,1339.035,177.61300000000003,2356.133,242.63733333333334
LUX-2015,LUX,1337.8156666666666,171.34833333333333,2348.696,239.17633333333333
LUX-2016,LUX,1384.9183333333333,177.97566666666668,2434.671,249.66366666666667
LUX-2017,LUX,1425.5576666666666,181.03366666666668,2497.083,249.06066666666663
LUX-2018,LUX,1512.6200000000001,187.749,2648.657,261.07533333333333
LUX-2019,LUX,1553.3853333333334,175.299,2692.5525,250.64
LUX-2020,LUX,1652.140666666667,161.00133333333335,2817.132,235.51033333333336
LVA-2000,LVA,96.34933333333333,90.47566666666667,234.757,93.48966666666666
LVA-2001,LVA,106.91933333333333,107.18266666666666,279.11199999999997,112.48866666666665
LVA-2002,LVA,121.73633333333333,116.83066666666667,318.3045,123.80066666666669
LVA-2003,LVA,123.42666666666668,120.28699999999999,321.54400000000004,124.26933333333334
LVA-2004,LVA,169.01233333333332,122.24633333333334,401.302,130.50033333333332
LVA-2005,LVA,175.55333333333337,131.40466666666666,422.78,138.64166666666668
LVA-2006,LVA,214.24433333333334,123.93966666666667,472.24399999999997,133.918
LVA-2007,LVA,241.53233333333336,146.06300000000002,545.164,155.035
LVA-2008,LVA,246.12,152.20066666666668,561.966,161.45433333333332
LVA-2009,LVA,221.28266666666664,143.87433333333334,506.46349999999995,147.91633333333334
LVA-2010,LVA,237.181,146.54399999999998,541.1315,156.881
LVA-2011,LVA,250.44966666666664,135.275,541.6374999999999,143.97566666666665
LVA-2012,LVA,253.78266666666664,159.05966666666666,580.7990000000001,166.75033333333334
LVA-2013,LVA,267.08366666666666,171.21133333333333,617.5525,177.9513333333333
LVA-2014,LVA,276.8686666666667,181.44466666666668,645.9725,187.11299999999997
LVA-2015,LVA,295.27933333333334,203.66066666666666,705.1535,208.15633333333332
LVA-2016,LVA,320.291,248.376,809.969,253.02200000000002
LVA-2017,LVA,340.61,248.27599999999998,841.192,253.51833333333335
LVA-2018,LVA,392.64866666666666,256.90866666666665,933.5790000000001,263.07033333333334
LVA-2019,LVA,427.3113333333333,249.50199999999998,1016.0955,283.41900000000004
LVA-2020,LVA,495.15833333333336,248.12200000000004,1117.6715000000002,283.28933333333333
MEX-1999,MEX,90.64666666666666,98.68166666666667,240.39249999999998,102.94833333333332
MEX-2000,MEX,93.70033333333333,108.21900000000001,260.83349999999996,113.52166666666669
MEX-2001,MEX,98.10199999999999,119.783,286.2905,126.09166666666665
MEX-2002,MEX,100.39999999999999,127.846,302.781,134.78733333333335
MEX-2003,MEX,109.96433333333334,147.46166666666667,347.37300000000005,154.95133333333334
MEX-2004,MEX,126.59333333333335,156.40766666666667,386.952,164.70733333333334
MEX-2005,MEX,123.53266666666667,159.66233333333335,388.716,168.94500000000002
MEX-2006,MEX,132.44866666666667,166.27233333333334,413.89549999999997,176.81499999999997
MEX-2007,MEX,142.609,170.8546666666667,438.1825,182.84633333333332
MEX-2008,MEX,153.899,162.88933333333333,452.78799999999995,181.293
MEX-2009,MEX,158.38866666666667,160.715,459.087,181.00266666666667
MEX-2010,MEX,167.3166666666667,144.96066666666667,449.76349999999996,165.859
MEX-2011,MEX,179.10133333333332,138.163,458.773,160.081
MEX-2012,MEX,190.939,146.189,489.558,168.76633333333334
MEX-2013,MEX,198.58900000000003,147.3373333333333,504.19,170.871
MEX-2014,MEX,190.11733333333336,149.198,497.5555,174.9193333333333
MEX-2015,MEX,203.29033333333334,159.84,534.1569999999999,186.14733333333334
MEX-2016,MEX,206.5486666666667,166.64233333333334,554.181,196.23933333333335
MEX-2017,MEX,203.00133333333335,167.86466666666666,552.5525,198.70066666666665
MEX-2018,MEX,203.07266666666666,173.12466666666668,563.7805000000001,206.1146666666667
MEX-2019,MEX,200.38633333333334,172.32533333333333,561.3404999999999,207.174
MEX-2020,MEX,235.03633333333332,172.25133333333335,616.489,209.28966666666668
MKD-2000,MKD,53.978,42.087,,46.022
MKD-2001,MKD,55.254,42.383,,44.746
MKD-2002,MKD,53.54,42.57,,46.46
MKD-2003,MKD,55.5,43.79,,44.5
MKD-2004,MKD,56.705,42.533,,43.295
MKD-2005,MKD,57.878,41.238,,42.122
MKD-2006,MKD,60.967,37.0,,39.033
MKD-2007,MKD,62.478,37.286,,37.522
MKD-2008,MKD,66.079,32.029,,33.921
MKD-2009,MKD,64.22,34.79,,35.78
MKD-2010,MKD,33.073,20.163,6.714,20.2835
MKD-2011,MKD,33.88,19.066000000000003,6.519,19.3795
MKD-2012,MKD,34.3955,18.7875,6.615,18.912
MKD-2013,MKD,35.345,17.986,6.719,18.015
MKD-2014,MKD,34.4995,18.5885,6.29,18.645500000000002
MKD-2015,MKD,34.905,18.2175,6.342,18.266000000000002
MKD-2016,MKD,34.345,18.7865,6.379,18.8445
MKD-2017,MKD,30.518,22.6125,6.594,22.779
MKD-2018,MKD,30.6245,22.435,6.555,22.653
MKD-2019,MKD,31.683,21.6495,7.22,21.927000000000003
MLT-2003,MLT,37.604,15.541500000000001,7.904,16.348
MLT-2004,MLT,37.625,15.222999999999999,8.046,16.398
MLT-2005,MLT,37.4975,15.663,8.674,16.8395
MLT-2006,MLT,37.1935,16.104,8.817,17.215
MLT-2007,MLT,36.096999999999994,16.811,8.168,17.9865
MLT-2008,MLT,34.91,17.786,7.867,19.0235
MLT-2009,MLT,35.0305,17.515,7.924,18.9315
MLT-2010,MLT,34.8245,17.8315,7.949,19.15
MLT-2011,MLT,34.953,17.979,8.45,19.272
MLT-2012,MLT,34.1255,19.052999999999997,8.758,20.2535
MLT-2013,MLT,34.155,19.3245,9.172,20.431
MLT-2014,MLT,33.446,20.0505,9.085,21.096500000000002
MLT-2015,MLT,32.979,20.4035,8.898,21.4695
MLT-2016,MLT,34.3395,19.1435,8.966,20.1435
MLT-2017,MLT,788.913,441.8206666666667,1831.4405,465.3806666666667
MLT-2018,MLT,821.0973333333333,443.6203333333333,1890.2775,472.21066666666667
MLT-2019,MLT,888.3496666666666,485.0453333333333,2081.6865000000003,532.6533333333333
MNE-2000,MNE,61.048,38.556,,38.952
MNE-2011,MNE,32.915,20.946,7.967,21.069
MNE-2012,MNE,34.627,19.4465,8.294,19.52
MNE-2013,MNE,31.3555,22.8205,8.47,22.8795
MNE-2014,MNE,32.79,21.122500000000002,8.001,21.2105
MNE-2015,MNE,33.8425,20.564999999999998,9.023,20.669
MNE-2016,MNE,33.411,20.767,8.633,20.9055
MNE-2017,MNE,31.051000000000002,22.766,7.982,22.9405
MNE-2018,MNE,32.5105,21.458,8.343,21.660999999999998
MNE-2019,MNE,33.067,20.884,8.33,21.098499999999998
NLD-1990,NLD,357.6396666666667,,703.4895,144.68666666666667
NLD-1991,NLD,390.1756666666667,,753.966,145.80133333333333
NLD-1992,NLD,431.5,,797.6725,133.61499999999998
NLD-1993,NLD,452.8066666666666,,828.4545,132.82966666666667
NLD-1994,NLD,457.9080000000001,,848.6904999999999,141.2193333333333
NLD-1995,NLD,466.3153333333333,,877.9615,152.32566666666668
NLD-1996,NLD,449.565,,914.677,193.55300000000003
NLD-1997,NLD,472.12699999999995,,945.2255,191.34466666666665
NLD-1998,NLD,536.57,86.56299999999999,1112.2115000000001,238.26266666666666
NLD-1999,NLD,566.6850000000001,91.79866666666668,1189.9275,259.93333333333334
NLD-2000,NLD,634.036,101.31400000000001,1327.5845,284.32733333333334
NLD-2001,NLD,694.2643333333334,104.35933333333332,1445.5705,302.8086666666666
NLD-2002,NLD,794.4143333333333,111.38866666666667,1652.8094999999998,340.766
NLD-2003,NLD,799.377,109.43400000000001,1658.9615,339.9303333333333
NLD-2004,NLD,824.0540000000001,119.65066666666667,1751.9379999999999,377.21299999999997
NLD-2005,NLD,842.177,121.67933333333333,1796.266,388.6913333333334
NLD-2006,NLD,1099.5843333333332,109.33,1919.4275,213.367
NLD-2007,NLD,1173.0923333333333,110.07533333333333,2042.964,222.217
NLD-2008,NLD,1236.733,148.447,2193.8195,259.1716666666667
NLD-2009,NLD,1259.7726666666667,137.36066666666667,2221.797,254.75866666666664
NLD-2010,NLD,1274.1906666666666,139.003,2242.3424999999997,254.06133333333332
NLD-2011,NLD,1288.876,147.84933333333333,2288.806,270.32766666666663
NLD-2012,NLD,1339.2073333333335,164.57466666666667,2396.4359999999997,291.75
NLD-2013,NLD,1361.767,193.57466666666664,2467.248,316.398
NLD-2014,NLD,1363.5413333333333,194.86933333333334,2472.5675,318.1943333333333
NLD-2015,NLD,1366.4896666666666,189.51500000000001,2468.714,312.6293333333333
NLD-2016,NLD,1408.9256666666668,195.67566666666667,2553.065,326.45133333333337
NLD-2017,NLD,1460.5566666666666,197.54933333333335,2631.9410000000003,327.404
NLD-2018,NLD,1530.5193333333334,201.16066666666666,2746.1450000000004,333.57766666666663
NLD-2019,NLD,1585.3516666666667,202.63833333333332,2826.8650000000002,332.55833333333334
NLD-2020,NLD,1780.5779999999997,195.44666666666663,3095.5735000000004,316.471
NOR-1990,NOR,405.22533333333337,75.545,684.08,84.16133333333333
NOR-1991,NOR,444.8516666666667,84.74133333333333,744.3895,84.74133333333333
NOR-1992,NOR,469.0126666666666,85.72566666666667,782.1075,85.72566666666667
NOR-1993,NOR,481.50666666666666,89.42,806.3895,89.42
NOR-1994,NOR,499.9816666666666,92.47566666666667,838.6859999999999,92.47566666666667
NOR-1995,NOR,524.6356666666667,101.01266666666668,888.473,101.01266666666668
NOR-1996,NOR,568.1750000000001,110.54399999999998,968.0785000000001,110.54399999999998
NOR-1997,NOR,619.9453333333333,145.82133333333334,1103.1525,148.823
NOR-1998,NOR,671.3133333333333,150.84866666666667,1187.9655,153.99766666666667
NOR-1999,NOR,714.5133333333333,157.88866666666667,1263.6480000000001,161.25166666666667
NOR-2000,NOR,790.0023333333334,173.52433333333332,1400.7445,177.16033333333334
NOR-2001,NOR,840.7996666666667,172.18966666666665,1473.1865,174.65800000000002
NOR-2002,NOR,966.5009999999999,196.1963333333333,1699.1135000000002,199.57433333333333
NOR-2003,NOR,986.1243333333333,196.81533333333334,1728.578,199.59433333333334
NOR-2004,NOR,1041.7133333333334,210.33399999999997,1832.2235,213.10233333333335
NOR-2005,NOR,1065.602,214.45333333333335,1874.6005,217.46533333333332
NOR-2006,NOR,1131.8593333333333,223.4416666666667,1987.1445,226.237
NOR-2007,NOR,1233.1456666666666,236.787,2159.9095,240.12733333333333
NOR-2008,NOR,1321.6096666666667,245.942,2306.2325,248.36433333333335
NOR-2009,NOR,1346.6883333333333,243.29666666666665,2342.3815,247.408
NOR-2010,NOR,1379.1766666666665,245.059,2393.023,248.67233333333334
NOR-2011,NOR,1427.8680000000002,257.2476666666667,2486.9865,263.45633333333336
NOR-2012,NOR,1502.5276666666666,262.3736666666667,2609.1775000000002,270.257
NOR-2013,NOR,1585.622,272.172,2747.402,279.31233333333336
NOR-2014,NOR,1653.6736666666666,278.78666666666663,2858.3610000000003,285.234
NOR-2015,NOR,1663.8316666666667,275.1716666666667,2868.5040000000004,281.838
NOR-2016,NOR,1711.8046666666667,286.12433333333337,2957.4065,293.1333333333333
NOR-2017,NOR,1800.2156666666667,306.9123333333333,3122.3475,314.68266666666665
NOR-2018,NOR,1886.9343333333334,307.54766666666666,3252.5510000000004,314.7663333333333
NOR-2019,NOR,1882.0329999999997,305.6046666666667,3243.457,313.605
NOR-2020,NOR,1912.3693333333333,310.0746666666667,3296.5235,318.6463333333333
NZL-1990,NZL,310.2583333333334,54.409333333333336,514.713,66.217
NZL-1991,NZL,322.42633333333333,54.547,538.0595,69.61366666666667
NZL-1992,NZL,323.78766666666667,65.20766666666667,564.523,85.894
NZL-1993,NZL,326.6746666666666,76.268,589.4259999999999,99.60933333333334
NZL-1994,NZL,349.8066666666667,72.58766666666666,626.9285,101.42833333333334
NZL-1995,NZL,363.56666666666666,76.09233333333333,656.6975,107.565
NZL-1996,NZL,370.2226666666666,78.66866666666667,674.214,112.58666666666666
NZL-1997,NZL,393.27133333333336,79.524,713.2455,115.53866666666669
NZL-1998,NZL,412.5756666666666,87.106,753.3615,122.97866666666668
NZL-1999,NZL,432.04999999999995,88.76933333333334,786.4209999999999,125.56466666666667
NZL-2000,NZL,459.5036666666667,90.47800000000001,833.4785,129.482
NZL-2001,NZL,485.815,107.98033333333335,903.5464999999999,149.88266666666667
NZL-2002,NZL,526.8123333333333,108.58966666666667,964.432,149.47533333333334
NZL-2003,NZL,528.73,,962.396,146.201
NZL-2004,NZL,580.187,102.779,1042.8719999999998,148.39433333333332
NZL-2005,NZL,611.5836666666667,107.99833333333333,1101.356,155.987
NZL-2006,NZL,679.993,117.52366666666667,1223.8865,169.26466666666667
NZL-2007,NZL,727.529,101.13400000000001,1274.47,155.451
NZL-2008,NZL,792.096,129.655,1419.4444999999998,187.53333333333333
NZL-2009,NZL,826.092,125.91833333333334,1478.593,192.97000000000003
NZL-2010,NZL,852.9279999999999,125.65133333333334,1526.1444999999999,197.835
NZL-2011,NZL,873.9906666666667,130.74066666666667,1570.9145,206.61866666666666
NZL-2012,NZL,898.814,136.949,1624.843,217.74733333333333
NZL-2013,NZL,933.301,144.23166666666665,1698.804,232.56833333333336
NZL-2014,NZL,954.8286666666667,154.215,1750.1185,245.24966666666668
NZL-2015,NZL,950.506,160.82166666666666,1755.001,252.82833333333335
NZL-2016,NZL,1007.2510000000001,173.85066666666668,1870.9165,273.35966666666667
NZL-2017,NZL,1035.0703333333333,178.82299999999998,1925.646,282.027
NZL-2018,NZL,1062.1536666666668,173.10799999999998,1961.0565,278.5506666666667
NZL-2019,NZL,1156.9856666666667,,2129.321,295.895
NZL-2020,NZL,1222.5916666666665,,2239.551,303.7753333333333
PER-2000,PER,27.698999999999998,21.0295,4.415,24.5085
PER-2001,PER,27.6765,21.285,4.722,24.6845
PER-2002,PER,26.954,20.957,4.939,25.5155
PER-2003,PER,27.402500000000003,19.604499999999998,4.587,24.891
PER-2004,PER,27.752,19.159,4.43,24.462500000000002
PER-2005,PER,29.384999999999998,17.804000000000002,4.666,22.948
PER-2006,PER,26.38,21.054,4.41,25.8245
PER-2007,PER,25.416,22.212500000000002,4.426,26.7975
PER-2008,PER,25.134,22.6535,4.514,27.122999999999998
PER-2009,PER,26.9625,21.14,4.976,25.5255
PER-2010,PER,27.303500000000003,20.6885,4.715,25.054
PER-2011,PER,26.7475,21.082,4.533,25.519000000000002
PER-2012,PER,27.576,20.3535,4.74,24.794
PER-2013,PER,29.347,18.3795,4.76,23.033
PER-2014,PER,31.281,16.566,4.979,21.2085
PER-2015,PER,31.97,15.710999999999999,4.98,20.520000000000003
PER-2016,PER,32.3745,15.3965,4.973,20.1115
PER-2017,PER,32.622,15.0245,4.918,19.837
PER-2018,PER,32.3535,15.469,5.198,20.2455
PER-2019,PER,33.094,14.7995,5.215,19.5135
POL-1990,POL,123.36399999999999,12.286333333333333,153.47549999999998,12.286333333333333
POL-1991,POL,118.30266666666667,17.423333333333332,153.589,17.423333333333332
POL-1992,POL,121.65066666666667,21.632333333333335,164.925,21.632333333333335
POL-1993,POL,116.22233333333332,35.28966666666667,177.26749999999998,35.28966666666667
POL-1994,POL,114.98199999999999,43.43066666666667,187.61950000000002,43.43066666666667
POL-1995,POL,123.14366666666666,44.388,201.2975,44.388
POL-1996,POL,137.833,48.815333333333335,229.9725,48.815333333333335
POL-1997,POL,133.953,59.90566666666667,240.7875,59.90566666666667
POL-1998,POL,138.21366666666668,62.55833333333333,251.158,62.55833333333333
POL-1999,POL,158.30133333333333,67.67433333333334,288.9635,67.67433333333334
POL-2000,POL,162.88533333333334,73.592,304.716,73.592
POL-2001,POL,183.245,74.76700000000001,337.0185,74.76700000000001
POL-2002,POL,206.65966666666668,77.598,390.068,86.71866666666666
POL-2003,POL,204.593,81.59666666666668,393.76649999999995,91.19866666666667
POL-2004,POL,213.01399999999998,92.58966666666667,421.6965,101.43599999999999
POL-2005,POL,215.275,86.97466666666666,420.206,98.17966666666666
POL-2006,POL,232.92433333333335,91.18433333333333,454.6045,103.47866666666668
POL-2007,POL,270.209,101.37666666666667,528.4005000000001,115.39166666666667
POL-2008,POL,317.514,108.23566666666666,614.562,125.527
POL-2009,POL,338.9216666666667,115.22399999999999,659.516,134.08866666666665
POL-2010,POL,365.5233333333333,120.92833333333334,714.9105000000001,144.41733333333335
POL-2011,POL,378.6623333333334,127.98700000000001,751.4275,155.623
POL-2012,POL,393.35533333333336,136.26866666666666,792.4114999999999,168.25233333333333
POL-2013,POL,418.57500000000005,140.07533333333333,838.5989999999999,173.82433333333336
POL-2014,POL,422.38433333333336,138.2396666666667,846.668,175.394
POL-2015,POL,447.589,147.84433333333334,912.639,194.17033333333336
POL-2016,POL,477.3046666666667,157.11633333333333,982.8145000000001,211.23833333333332
POL-2017,POL,501.01933333333335,164.40666666666667,1034.6475,222.07899999999998
POL-2018,POL,527.3866666666667,150.633,1056.495,210.27633333333333
POL-2019,POL,559.5713333333333,156.62733333333333,1119.3970000000002,220.02633333333335
POL-2020,POL,576.3453333333333,155.798,1146.302,221.18933333333334
PRT-1990,PRT,159.24566666666666,,317.98199999999997,86.07600000000001
PRT-1991,PRT,173.89,,370.102,106.17833333333334
PRT-1992,PRT,175.287,,398.4935,123.70866666666666
PRT-1993,PRT,192.62766666666667,,415.22249999999997,117.52066666666667
PRT-1994,PRT,200.638,,434.55400000000003,122.39800000000001
PRT-1995,PRT,228.87533333333332,,508.4665,143.409
PRT-1996,PRT,254.9573333333333,,546.6845,142.80499999999998
PRT-1997,PRT,268.75466666666665,,575.8915,148.48533333333333
PRT-1998,PRT,286.46599999999995,,600.802,147.39566666666667
PRT-1999,PRT,316.3856666666666,,663.6905,159.38566666666668
PRT-2000,PRT,407.39433333333335,150.13533333333334,825.7685,176.45133333333334
PRT-2001,PRT,425.59099999999995,152.19333333333333,859.2135,180.55133333333333
PRT-2002,PRT,467.731,150.506,923.952,181.57033333333334
PRT-2003,PRT,478.308,160.39333333333335,965.547,198.72333333333333
PRT-2004,PRT,516.5646666666667,171.96733333333336,1047.4275,215.0536666666667
PRT-2005,PRT,542.327,181.02599999999998,1096.6825,222.12800000000001
PRT-2006,PRT,497.32200000000006,199.95666666666668,1125.0865,286.069
PRT-2007,PRT,504.0683333333333,208.09,1154.8535,299.1673333333334
PRT-2008,PRT,533.2456666666666,225.01700000000002,1228.809,319.29333333333335
PRT-2009,PRT,558.4106666666667,219.52733333333333,1261.7445,316.08566666666667
PRT-2010,PRT,596.8963333333332,221.56533333333334,1295.0955,299.834
PRT-2011,PRT,552.4456666666666,228.0916666666667,1233.611,303.295
PRT-2012,PRT,517.3633333333333,249.53633333333332,1215.255,326.14000000000004
PRT-2013,PRT,543.1456666666667,250.84833333333333,1256.7835,328.043
PRT-2014,PRT,545.2706666666667,258.824,1273.4675,337.041
PRT-2015,PRT,564.8023333333333,270.233,1322.4385,350.1566666666667
PRT-2016,PRT,601.1316666666668,286.91766666666666,1412.2855,373.7253333333333
PRT-2017,PRT,615.5210000000001,298.43733333333336,1457.8505,389.7126666666666
PRT-2018,PRT,661.9826666666667,323.4603333333333,1571.7705,419.1976666666667
PRT-2019,PRT,676.0716666666666,340.066,1616.595,434.9916666666666
PRT-2020,PRT,743.8893333333334,320.471,1679.376,409.02866666666665
ROU-2003,ROU,152.87833333333333,27.378,221.4775,28.099666666666664
ROU-2004,ROU,157.03566666666669,51.352666666666664,266.6415,53.047666666666665
ROU-2005,ROU,173.63133333333334,39.953333333333326,273.96250000000003,41.440666666666665
ROU-2006,ROU,180.89733333333334,45.510999999999996,291.5025,46.36233333333333
ROU-2007,ROU,215.19899999999998,46.305,344.7745,47.542
ROU-2008,ROU,255.00166666666667,56.945,419.788,58.052666666666674
ROU-2009,ROU,248.50200000000004,65.60666666666667,423.47700000000003,67.04733333333333
ROU-2010,ROU,289.01033333333334,70.99166666666666,492.44,72.32533333333333
ROU-2011,ROU,235.28133333333335,75.899,418.9745,77.368
ROU-2012,ROU,254.93166666666664,74.33033333333334,447.12199999999996,76.48266666666666
ROU-2013,ROU,301.55199999999996,76.68599999999999,520.1225,78.52966666666667
ROU-2014,ROU,303.561,78.06,526.409,80.71166666666666
ROU-2015,ROU,310.07933333333335,84.57966666666667,546.1374999999999,87.34566666666667
ROU-2016,ROU,354.0333333333333,93.81,627.982,97.95466666666668
ROU-2017,ROU,398.2436666666667,103.73866666666667,709.5045,108.09266666666666
ROU-2018,ROU,469.0523333333333,114.46766666666667,832.4385,119.23966666666666
ROU-2019,ROU,522.8986666666667,122.70233333333334,925.0045,127.10433333333333
ROU-2020,ROU,577.3766666666667,136.85266666666666,1028.93,141.91
SRB-2000,SRB,65.434,29.608,,34.566
SRB-2001,SRB,66.82,28.484,,33.18
SRB-2002,SRB,72.171,23.831,,27.829
SRB-2003,SRB,69.884,24.978,,30.116
SRB-2004,SRB,67.958,27.293,,32.042
SRB-2005,SRB,65.476,29.818,,34.524
SRB-2006,SRB,62.677,32.84,,37.323
SRB-2007,SRB,61.17,34.713,,38.83
SRB-2008,SRB,61.988,35.147,,38.012
SRB-2009,SRB,61.805,35.165,,38.195
SRB-2010,SRB,33.8555,19.935499999999998,9.527,20.908
SRB-2011,SRB,33.7245,19.8615,9.114,20.8325
SRB-2012,SRB,34.1585,19.3675,9.328,20.5055
SRB-2013,SRB,33.0375,20.6965,9.312,21.6185
SRB-2014,SRB,32.0725,21.819,9.246,22.5505
SRB-2015,SRB,31.572499999999998,22.0825,8.813,22.834
SRB-2016,SRB,31.434,21.938,8.459,22.795499999999997
SRB-2017,SRB,31.173499999999997,21.990000000000002,8.22,22.937
SRB-2018,SRB,32.563,20.79,8.532,21.703
SRB-2019,SRB,33.326,20.122500000000002,8.665,21.0065
SVK-1997,SVK,230.55033333333333,20.926333333333332,327.218,20.926333333333332
SVK-1998,SVK,234.66066666666666,21.55933333333333,334.33000000000004,21.55933333333333
SVK-1999,SVK,227.5956666666667,26.962,331.834,26.962
SVK-2000,SVK,236.50766666666667,28.751333333333335,347.8885,28.751333333333335
SVK-2001,SVK,256.64899999999994,31.411,382.1,31.411
SVK-2002,SVK,288.9386666666666,35.77333333333333,437.067,35.77333333333333
SVK-2003,SVK,287.3643333333334,39.977333333333334,441.013,39.977333333333334
SVK-2004,SVK,312.1583333333333,84.14999999999999,553.5585,90.214
SVK-2005,SVK,325.7463333333333,102.15366666666667,599.0179999999999,106.932
SVK-2006,SVK,338.136,128.46666666666667,674.758,145.03566666666666
SVK-2007,SVK,390.75600000000003,154.33133333333333,795.7974999999999,173.10866666666666
SVK-2008,SVK,450.675,125.70133333333335,847.007,147.33
SVK-2009,SVK,469.60099999999994,143.25566666666666,908.5400000000001,169.42566666666667
SVK-2010,SVK,507.897,161.045,1009.4775,198.42133333333334
SVK-2011,SVK,512.0580000000001,163.59433333333334,991.0455,181.97266666666667
SVK-2012,SVK,530.4363333333333,170.76066666666668,1052.483,204.55266666666668
SVK-2013,SVK,559.3149999999999,175.78466666666668,1080.6105,194.42533333333333
SVK-2014,SVK,566.1416666666667,127.077,1008.5089999999999,139.531
SVK-2015,SVK,575.5276666666667,133.15766666666667,1032.957,146.44400000000002
SVK-2016,SVK,575.0066666666667,130.18333333333334,1023.3025,140.52866666666668
SVK-2017,SVK,554.5733333333334,129.8166666666667,990.6205,139.17366666666666
SVK-2018,SVK,565.1236666666666,133.34266666666667,1007.8375,140.101
SVK-2019,SVK,591.1093333333333,141.93233333333333,1061.2,149.69066666666666
SVK-2020,SVK,597.459,139.56866666666667,1066.449,146.84033333333335
SVN-2000,SVN,381.94800000000004,,735.927,142.00333333333333
SVN-2001,SVN,395.89366666666666,,780.919,158.05233333333334
SVN-2002,SVN,451.09633333333335,,872.2895,163.76333333333332
SVN-2003,SVN,459.91100000000006,78.75366666666666,897.252,171.59033333333335
SVN-2004,SVN,481.1286666666667,79.65366666666667,932.874,174.11933333333334
SVN-2005,SVN,491.8766666666667,87.14299999999999,954.004,177.45933333333335
SVN-2006,SVN,510.49399999999997,85.68599999999999,997.2040000000001,187.64133333333334
SVN-2007,SVN,518.1806666666666,98.75966666666666,1036.766,206.33200000000002
SVN-2008,SVN,589.758,101.34666666666665,1152.6955,212.03833333333333
SVN-2009,SVN,578.3033333333333,101.14333333333333,1137.1370000000002,213.12133333333335
SVN-2010,SVN,594.197,102.30166666666668,1164.008,215.14133333333336
SVN-2011,SVN,608.2186666666666,101.036,1192.5865000000001,220.1726666666667
SVN-2012,SVN,609.1633333333333,105.48266666666666,1219.8590000000002,237.40900000000002
SVN-2013,SVN,619.541,108.10933333333332,1252.0095,248.46533333333332
SVN-2014,SVN,618.1233333333333,112.85233333333333,1253.805,251.07966666666667
SVN-2015,SVN,643.3376666666667,111.72966666666667,1293.899,252.59533333333334
SVN-2016,SVN,690.1183333333333,113.688,1373.3495,258.7813333333333
SVN-2017,SVN,707.7286666666668,120.794,1420.417,272.549
SVN-2018,SVN,765.4566666666666,125.94166666666666,1526.6925,285.6716666666667
SVN-2019,SVN,808.0126666666666,129.456,1615.209,302.127
SVN-2020,SVN,873.994,149.00766666666667,1741.8005,320.5396666666667
SWE-1990,SWE,423.51933333333335,,748.4645,108.79033333333332
SWE-1991,SWE,411.87433333333337,,743.8215,117.33966666666667
SWE-1992,SWE,477.992,,772.3495,70.241
SWE-1993,SWE,474.673,,765.0905,68.72066666666666
SWE-1994,SWE,472.5973333333334,,763.1669999999999,69.514
SWE-1995,SWE,491.4866666666667,,800.9665,75.82433333333334
SWE-1996,SWE,522.8470000000001,,849.265,76.66333333333334
SWE-1997,SWE,520.4796666666667,,858.5505,85.22066666666667
SWE-1998,SWE,547.721,,907.9269999999999,90.897
SWE-1999,SWE,591.453,,983.343,97.44233333333334
SWE-2000,SWE,656.7643333333334,111.044,1101.7130000000002,111.044
SWE-2001,SWE,686.6443333333333,141.08466666666666,1203.718,149.16766666666666
SWE-2002,SWE,755.715,151.09833333333333,1322.8275,159.503
SWE-2003,SWE,771.5099999999999,147.39533333333333,1342.1145,156.56633333333335
SWE-2004,SWE,794.1466666666666,156.36766666666668,1390.5665000000001,166.23066666666668
SWE-2005,SWE,800.6693333333334,161.85733333333334,1409.4279999999999,172.28266666666664
SWE-2006,SWE,856.0093333333334,171.933,1509.0875,183.38266666666664
SWE-2007,SWE,916.9789999999999,181.54733333333334,1616.914,194.297
SWE-2008,SWE,968.9090000000001,191.73133333333337,1711.622,205.50566666666666
SWE-2009,SWE,979.1236666666667,194.644,1729.924,207.49266666666665
SWE-2010,SWE,973.2176666666668,193.239,1719.7385000000002,206.60833333333335
SWE-2011,SWE,1286.9193333333335,221.71266666666668,2234.9665,236.39166666666668
SWE-2012,SWE,1344.7659999999998,236.48366666666666,2345.1924999999997,252.029
SWE-2013,SWE,1356.3316666666667,241.03333333333333,2371.444,257.9643333333333
SWE-2014,SWE,1393.8783333333333,247.47866666666667,2438.232,264.943
SWE-2015,SWE,1431.5166666666667,254.08966666666666,2507.467,273.4616666666667
SWE-2016,SWE,1471.3406666666667,253.04933333333335,2569.2145,274.80233333333337
SWE-2017,SWE,1505.012,250.28133333333335,2615.098,271.71999999999997
SWE-2018,SWE,1562.9236666666666,257.31766666666664,2715.107,280.481
SWE-2019,SWE,1560.2020000000002,251.34466666666665,2699.2825000000003,272.6526666666667
SWE-2020,SWE,1680.61,254.933,2884.3940000000002,275.6526666666667
TUR-1990,TUR,50.883,34.092999999999996,77.465,34.092999999999996
TUR-1991,TUR,58.314,34.297666666666665,89.08999999999999,34.41266666666667
TUR-1992,TUR,63.72299999999999,29.917,92.7385,31.435999999999996
TUR-1993,TUR,66.33466666666666,31.468666666666667,99.864,33.574666666666666
TUR-1994,TUR,64.78433333333334,28.291666666666668,91.10900000000001,29.28833333333333
TUR-1995,TUR,65.14133333333332,27.494333333333334,88.959,27.494333333333334
TUR-1996,TUR,76.96733333333334,34.32933333333333,116.94449999999999,34.32933333333333
TUR-1997,TUR,88.21566666666666,,134.7775,34.96933333333333
TUR-1998,TUR,96.69633333333333,,151.654,37.73966666666667
TUR-1999,TUR,94.71366666666667,47.817,186.779,63.13966666666667
TUR-2000,TUR,110.31833333333333,51.70733333333333,218.32150000000001,68.56333333333333
TUR-2001,TUR,129.51000000000002,45.12433333333333,238.8645,63.066333333333326
TUR-2002,TUR,145.78933333333333,42.338,262.52,62.55766666666667
TUR-2003,TUR,145.91233333333332,38.791666666666664,257.37,59.001
TUR-2004,TUR,158.58200000000002,44.63666666666666,281.7485,62.583
TUR-2005,TUR,156.49833333333333,55.853,296.511,74.50866666666666
TUR-2006,TUR,179.77433333333332,61.74533333333334,341.65349999999995,81.328
TUR-2007,TUR,192.27200000000002,66.766,369.2995,87.259
TUR-2008,TUR,221.05466666666666,58.32999999999999,406.135,83.03533333333333
TUR-2009,TUR,247.01233333333334,44.51866666666667,410.2825,59.842999999999996
TUR-2010,TUR,246.64866666666663,53.35166666666667,424.327,69.56966666666666
TUR-2011,TUR,261.9066666666667,52.611,446.481,69.08066666666667
TUR-2012,TUR,263.6906666666667,53.06333333333333,449.5925,69.37133333333334
TUR-2013,TUR,274.7776666666667,59.36266666666666,476.0555,75.926
TUR-2014,TUR,287.423,65.64766666666667,505.54850000000005,82.943
TUR-2015,TUR,298.00933333333336,64.64233333333334,522.1125,83.39933333333333
TUR-2016,TUR,322.4073333333333,67.678,566.5195,88.60566666666666
TUR-2017,TUR,331.5226666666667,74.16266666666667,589.9175,95.089
TUR-2018,TUR,337.755,76.34566666666666,604.7145,98.72133333333333
TUR-2019,TUR,345.95700000000005,75.91833333333334,617.997,99.37433333333333
TUR-2020,TUR,370.39633333333336,77.18733333333334,654.6635,99.37933333333332
USA-1990,USA,376.74333333333334,185.99866666666665,1348.1119999999999,555.3316666666667
USA-1991,USA,421.4183333333333,187.119,1456.7545,583.0849999999999
USA-1992,USA,463.8566666666666,187.28700000000003,1556.27,606.9903333333333
USA-1993,USA,503.16900000000004,185.94000000000003,1649.5065,629.8353333333333
USA-1994,USA,542.37,180.7993333333333,1722.247,639.128
USA-1995,USA,571.878,181.69733333333332,1799.623,661.2043333333334
USA-1996,USA,640.6,217.25433333333334,2086.403,783.6683333333334
USA-1997,USA,616.876,196.27533333333335,1953.3300000000002,718.6773333333334
USA-1998,USA,625.7713333333334,212.2253333333333,2036.9495,765.5279999999999
USA-1999,USA,649.657,221.678,2137.172,808.4580000000001
USA-2000,USA,687.9030000000001,234.2303333333333,2274.524,861.7796666666667
USA-2001,USA,755.8553333333334,240.30533333333332,2450.8415,911.372
USA-2002,USA,818.4519999999999,259.30333333333334,2665.257,991.719
USA-2003,USA,875.8636666666666,275.47266666666667,2870.5195,1071.1493333333333
USA-2004,USA,936.4666666666667,288.045,3042.0384999999997,1124.892
USA-2005,USA,992.2436666666666,303.568,3222.6654999999996,1189.5333333333333
USA-2006,USA,1064.2013333333332,315.6843333333333,3411.379,1243.3846666666666
USA-2007,USA,1120.577,329.9956666666667,3590.714,1306.566
USA-2008,USA,1183.5936666666666,333.8693333333333,3700.1155,1316.4833333333333
USA-2009,USA,1250.9626666666666,327.0756666666667,3830.6005,1336.1043333333334
USA-2010,USA,1298.186,329.4773333333333,3947.7245,1366.9636666666665
USA-2011,USA,1333.3173333333332,336.41966666666667,4047.8025,1398.5506666666668
USA-2012,USA,1374.4260000000002,347.815,4181.0905,1446.3009999999997
USA-2013,USA,1423.6913333333332,353.4493333333333,4267.8035,1454.8443333333335
USA-2014,USA,2489.0703333333336,360.9113333333333,4471.0355,524.9533333333334
USA-2015,USA,2617.538,371.34100000000007,4685.7995,539.6616666666667
USA-2016,USA,2715.63,381.75533333333334,4867.221,562.5173333333333
USA-2017,USA,2806.235666666667,386.4166666666667,5031.62,581.511
USA-2018,USA,2920.383,398.61733333333336,5234.0135,602.2926666666666
USA-2019,USA,3029.489666666667,414.23933333333326,5436.0965,627.908
USA-2020,USA,3384.347333333333,394.7093333333334,5938.9975,608.3176666666667
ZAF-2000,ZAF,19.7915,7.8215,8.165,34.291
ZAF-2001,ZAF,18.205499999999997,7.6235,7.939,35.763999999999996
ZAF-2002,ZAF,18.5525,7.285,7.464,35.1795
ZAF-2003,ZAF,21.3865,6.651,7.915,32.571
ZAF-2004,ZAF,21.213,6.383,7.765,32.6695
ZAF-2005,ZAF,21.539,6.0915,7.69,32.306
ZAF-2006,ZAF,22.2165,5.6985,7.692,31.63
ZAF-2007,ZAF,22.7595,5.223999999999999,7.681,31.081
ZAF-2008,ZAF,22.6225,4.77,7.88,31.317500000000003
ZAF-2009,ZAF,23.98,4.4005,8.524,30.282
ZAF-2010,ZAF,24.9025,4.344,8.666,29.430500000000002
ZAF-2011,ZAF,25.2685,4.2145,8.741,29.102500000000003
ZAF-2012,ZAF,25.1155,4.1995000000000005,8.773,29.271
ZAF-2013,ZAF,24.8475,4.142,8.856,29.5805
ZAF-2014,ZAF,25.096,3.074,8.551,29.1795
ZAF-2015,ZAF,25.353,3.1205,8.79,29.041999999999998
ZAF-2016,ZAF,25.261499999999998,3.1479999999999997,8.821,29.1495
ZAF-2017,ZAF,25.4685,3.178,8.723,28.893
ZAF-2018,ZAF,25.58,3.17,8.858,28.849
ZAF-2019,ZAF,26.2935,3.106,9.109,28.261
