LocationTime,LOCATION,TIME,Value_PRIV_PC_GDP,Value_PUB_PC_GDP,Value_PUB_USD_CAP,Value_PUBNET_PC_GDP,Value_TOTNET_PC_GDP
AUS-1990,AUS,1990,1.096,13.141,3928.253,,
AUS-1991,AUS,1991,1.204,14.306,4239.755,,
AUS-1992,AUS,1992,1.236,15.285,4659.895,,
AUS-1993,AUS,1993,1.397,15.545,4884.162,,
AUS-1994,AUS,1994,1.419,15.271,4934.387,,
AUS-1995,AUS,1995,3.295,16.913,5614.113,15.995,19.071
AUS-1996,AUS,1996,3.526,17.028,5805.342,,
AUS-1997,AUS,1997,3.858,16.786,5920.537,15.924,19.517
AUS-1998,AUS,1998,3.538,17.61,6461.523,,
AUS-1999,AUS,1999,4.025,17.239,6502.822,16.492,20.23
AUS-2000,AUS,2000,3.717,18.244,6934.889,,
AUS-2001,AUS,2001,4.01,17.539,6845.28,16.946,20.479
AUS-2002,AUS,2002,3.96,17.348,6893.75,,
AUS-2003,AUS,2003,3.486,17.546,7172.538,16.887,19.933
AUS-2004,AUS,2004,2.743,17.238,7194.949,,
AUS-2005,AUS,2005,2.846,16.694,7075.806,16.275,18.723
AUS-2006,AUS,2006,2.878,15.713,6823.445,,
AUS-2007,AUS,2007,5.18,15.873,7015.665,15.611,20.122
AUS-2008,AUS,2008,4.437,17.051,7529.935,,
AUS-2009,AUS,2009,4.324,16.869,7448.41,16.622,20.378
AUS-2010,AUS,2010,4.336,16.561,7377.086,,
AUS-2011,AUS,2011,4.624,17.015,7767.754,16.805,20.852
AUS-2012,AUS,2012,4.843,17.302,7962.334,,
AUS-2013,AUS,2013,5.42,17.247,7999.652,16.999,21.81
AUS-2014,AUS,2014,5.999,17.78,8302.617,,
AUS-2015,AUS,2015,6.193,18.148,8584.749,18.003,23.496
AUS-2016,AUS,2016,6.361,17.408,8298.928,,
AUS-2017,AUS,2017,6.565,16.71,8063.4,16.624,22.48
AUT-1990,AUT,1990,2.188,23.149,8187.938,,
AUT-1991,AUT,1991,2.179,23.47,8502.015,,
AUT-1992,AUT,1992,2.189,24.158,8836.443,,
AUT-1993,AUT,1993,2.174,25.471,9289.024,,
AUT-1994,AUT,1994,2.114,26.324,9793.055,,
AUT-1995,AUT,1995,2.056,26.276,10020.406,21.487,22.992
AUT-1996,AUT,1996,1.988,26.399,10290.137,,
AUT-1997,AUT,1997,1.951,25.854,10277.127,20.845,22.257
AUT-1998,AUT,1998,1.915,25.632,10542.137,,
AUT-1999,AUT,1999,2.016,25.954,11032.558,20.915,22.338
AUT-2000,AUT,2000,2.103,25.688,11260.88,,
AUT-2001,AUT,2001,2.031,25.751,11387.954,20.59,22.076
AUT-2002,AUT,2002,1.991,26.047,11651.415,,
AUT-2003,AUT,2003,1.996,26.584,11950.259,21.403,22.9
AUT-2004,AUT,2004,1.992,26.329,12083.068,,
AUT-2005,AUT,2005,1.979,25.952,12094.734,21.073,22.559
AUT-2006,AUT,2006,1.976,25.665,12310.184,,
AUT-2007,AUT,2007,2.043,25.086,12440.156,20.55,22.092
AUT-2008,AUT,2008,2.122,25.516,12797.534,,
AUT-2009,AUT,2009,2.21,27.467,13225.518,22.674,24.402
AUT-2010,AUT,2010,2.167,27.563,13484.027,,
AUT-2011,AUT,2011,2.16,26.744,13421.883,22.054,23.643
AUT-2012,AUT,2012,2.157,27.11,13636.438,,
AUT-2013,AUT,2013,2.211,27.517,13761.584,22.454,24.175
AUT-2014,AUT,2014,2.193,27.731,13851.207,,
AUT-2015,AUT,2015,2.227,27.735,13855.019,22.57,24.3
AUT-2016,AUT,2016,2.192,27.718,13931.845,,
AUT-2017,AUT,2017,2.206,27.263,13991.987,22.531,24.26
AUT-2018,AUT,2018,,26.914,,,
AUT-2019,AUT,2019,,26.945,,,
BEL-1990,BEL,1990,1.563,24.57,8152.31,,
BEL-1991,BEL,1991,1.546,25.335,8527.694,,
BEL-1992,BEL,1992,1.922,24.346,8286.208,,
BEL-1993,BEL,1993,2.348,25.4,8528.693,,
BEL-1994,BEL,1994,2.27,24.801,8570.798,,
BEL-1995,BEL,1995,2.083,25.304,8934.611,21.936,23.563
BEL-1996,BEL,1996,2.014,25.935,9260.21,,
BEL-1997,BEL,1997,1.935,24.929,9216.831,21.43,22.923
BEL-1998,BEL,1998,1.88,24.929,9377.167,,
BEL-1999,BEL,1999,1.845,24.73,9610.42,21.307,22.712
BEL-2000,BEL,2000,1.686,23.654,9510.458,,
BEL-2001,BEL,2001,1.899,24.121,9770.68,19.738,21.195
BEL-2002,BEL,2002,2.013,24.502,10049.672,,
BEL-2003,BEL,2003,2.487,25.65,10585.438,21.281,23.301
BEL-2004,BEL,2004,2.477,25.444,10828.741,,
BEL-2005,BEL,2005,2.406,25.311,10961.024,21.071,23.033
BEL-2006,BEL,2006,2.39,25.238,11134.942,,
BEL-2007,BEL,2007,2.136,24.984,11344.214,20.968,22.731
BEL-2008,BEL,2008,2.079,26.466,11976.39,,
BEL-2009,BEL,2009,2.221,28.761,12650.094,24.642,26.469
BEL-2010,BEL,2010,1.933,28.448,12753.099,,
BEL-2011,BEL,2011,2.027,28.893,13002.645,24.844,26.522
BEL-2012,BEL,2012,2.016,28.804,12977.034,,
BEL-2013,BEL,2013,1.858,29.198,13153.542,25.234,26.78
BEL-2014,BEL,2014,1.793,29.105,13258.903,,
BEL-2015,BEL,2015,1.886,29.517,13640.871,25.627,27.194
BEL-2016,BEL,2016,1.907,28.845,13459.599,,
BEL-2017,BEL,2017,1.869,28.718,13602.448,25.046,26.595
BEL-2018,BEL,2018,,28.77,,,
BEL-2019,BEL,2019,,28.902,,,
CAN-1990,CAN,1990,3.398,17.483,5679.156,,
CAN-1991,CAN,1991,3.742,19.714,6241.063,,
CAN-1992,CAN,1992,4.079,20.358,6456.219,,
CAN-1993,CAN,1993,4.28,20.288,6563.265,,
CAN-1994,CAN,1994,4.343,19.196,6390.864,,
CAN-1995,CAN,1995,4.435,18.295,6173.405,17.047,20.292
CAN-1996,CAN,1996,4.605,17.494,5976.587,,
CAN-1997,CAN,1997,4.751,16.885,5952.396,15.79,19.219
CAN-1998,CAN,1998,5.079,16.975,6186.466,,
CAN-1999,CAN,1999,4.929,15.992,6079.305,14.987,18.585
CAN-2000,CAN,2000,4.974,15.709,6166.271,,
CAN-2001,CAN,2001,5.248,16.141,6399.034,15.416,19.412
CAN-2002,CAN,2002,5.359,16.152,6508.876,,
CAN-2003,CAN,2003,5.308,16.233,6620.774,15.485,19.58
CAN-2004,CAN,2004,5.427,16.232,6763.097,,
CAN-2005,CAN,2005,5.455,16.087,6841.155,15.407,19.596
CAN-2006,CAN,2006,5.478,16.347,7053.877,,
CAN-2007,CAN,2007,5.305,16.261,7071.795,15.759,19.95
CAN-2008,CAN,2008,4.576,16.349,7033.773,,
CAN-2009,CAN,2009,5.023,18.08,7579.26,17.678,21.661
CAN-2010,CAN,2010,5.263,17.594,7522.871,,
CAN-2011,CAN,2011,5.223,17.078,7430.225,16.719,20.823
CAN-2012,CAN,2012,5.396,17.219,7552.47,,
CAN-2013,CAN,2013,5.544,16.978,7551.404,16.615,20.998
CAN-2014,CAN,2014,5.698,16.903,7618.761,,
CAN-2015,CAN,2015,6.179,17.931,8073.993,17.466,22.419
CAN-2016,CAN,2016,6.162,18.279,8263.794,,
CAN-2017,CAN,2017,7.07,18.022,8277.611,17.51,23.123
CAN-2018,CAN,2018,7.069,17.985,8301.633,,
CHE-1990,CHE,1990,3.504,12.985,6895.623,,
CHE-1991,CHE,1991,3.73,13.813,7179.454,,
CHE-1992,CHE,1992,4.051,15.247,7849.246,,
CHE-1993,CHE,1993,4.329,16.604,8481.14,,
CHE-1994,CHE,1994,4.582,16.552,8503.662,,
CHE-1995,CHE,1995,7.69,14.824,7584.821,,
CHE-1996,CHE,1996,8.287,15.103,7733.739,,
CHE-1997,CHE,1997,8.503,15.544,8122.428,,
CHE-1998,CHE,1998,8.806,15.52,8324.268,,
CHE-1999,CHE,1999,8.979,15.318,8311.309,,
CHE-2000,CHE,2000,9.155,14.481,8124.099,,
CHE-2001,CHE,2001,9.466,14.796,8368.296,,
CHE-2002,CHE,2002,9.776,15.79,8881.715,,
CHE-2003,CHE,2003,10.115,16.407,9165.657,,
CHE-2004,CHE,2004,10.44,16.297,9294.31,,
CHE-2005,CHE,2005,10.368,16.134,9432.402,,
CHE-2006,CHE,2006,10.074,15.388,9296.996,,
CHE-2007,CHE,2007,9.933,14.776,9211.688,,
CHE-2008,CHE,2008,9.909,14.453,9096.74,,
CHE-2009,CHE,2009,10.503,16.036,9758.394,13.735,22.77
CHE-2010,CHE,2010,10.417,15.716,9776.991,,
CHE-2011,CHE,2011,10.456,15.648,9806.28,13.418,22.384
CHE-2012,CHE,2012,10.584,15.934,9979.412,,
CHE-2013,CHE,2013,10.868,16.222,10229.156,14.037,23.401
CHE-2014,CHE,2014,11.027,16.133,10295.97,,
CHE-2015,CHE,2015,11.364,16.608,10618.968,14.408,24.186
CHE-2016,CHE,2016,11.65,16.824,10823.877,,
CHE-2017,CHE,2017,11.829,17.028,11048.273,14.754,24.89
CHE-2018,CHE,2018,11.732,16.654,11021.116,,
CHL-1990,CHL,1990,0.546,9.792,864.103,,
CHL-1991,CHL,1991,0.653,9.773,914.282,,
CHL-1992,CHL,1992,0.771,9.336,963.108,,
CHL-1993,CHL,1993,0.885,9.452,1024.989,,
CHL-1994,CHL,1994,1.069,9.191,1035.525,,
CHL-1995,CHL,1995,1.186,10.971,1344.299,,
CHL-1996,CHL,1996,1.263,11.864,1540.071,,
CHL-1997,CHL,1997,1.33,11.582,1593.221,,
CHL-1998,CHL,1998,1.349,11.906,1685.723,,
CHL-1999,CHL,1999,1.485,12.706,1767.971,,
CHL-2000,CHL,2000,2.673,10.397,1503.942,,
CHL-2001,CHL,2001,2.767,10.117,1494.898,,
CHL-2002,CHL,2002,2.741,10.155,1530.021,,
CHL-2003,CHL,2003,2.695,10.036,1556.66,,
CHL-2004,CHL,2004,2.732,9.289,1528.398,,
CHL-2005,CHL,2005,2.663,8.871,1525.131,,
CHL-2006,CHL,2006,2.519,8.258,1496.151,,
CHL-2007,CHL,2007,2.612,8.431,1585.906,,
CHL-2008,CHL,2008,2.947,9.62,1854.974,,
CHL-2009,CHL,2009,3.236,11.489,2159.573,11.146,13.565
CHL-2010,CHL,2010,2.968,10.574,2083.275,,
CHL-2011,CHL,2011,3.052,10.112,2092.767,9.743,12.066
CHL-2012,CHL,2012,3.173,10.21,2202.058,,
CHL-2013,CHL,2013,3.341,10.117,2245.982,9.823,12.373
CHL-2014,CHL,2014,3.398,10.385,2320.217,,
CHL-2015,CHL,2015,3.511,10.899,2462.389,10.537,13.266
CHL-2016,CHL,2016,3.502,11.139,2527.187,,
CHL-2017,CHL,2017,3.654,11.45,2593.727,11.103,13.958
CHL-2018,CHL,2018,3.699,11.348,2636.8,,
CHL-2019,CHL,2019,3.927,11.397,2638.656,,
COL-2010,COL,2010,1.571,12.992,1473.491,,
COL-2011,COL,2011,1.588,12.677,1519.853,,
COL-2012,COL,2012,1.674,12.62,1554.268,,
COL-2013,COL,2013,1.985,13.608,1741.874,,
COL-2014,COL,2014,2.061,13.903,1838.802,,
COL-2015,COL,2015,2.167,14.164,1907.076,,
COL-2016,COL,2016,2.278,13.576,1845.458,,
COL-2017,COL,2017,2.4,13.315,1814.404,,
COL-2018,COL,2018,2.493,13.076,1807.024,,
CRI-1991,CRI,1991,,0.0,0.0,,
CRI-1992,CRI,1992,,0.0,0.0,,
CRI-1993,CRI,1993,,0.0,0.0,,
CRI-1994,CRI,1994,,0.0,0.0,,
CRI-2011,CRI,2011,1.733,12.125,1847.654,,
CRI-2012,CRI,2012,1.691,11.863,1869.66,,
CRI-2013,CRI,2013,1.651,12.368,1968.063,,
CRI-2014,CRI,2014,1.594,12.207,1985.321,,
CRI-2015,CRI,2015,1.648,12.532,2086.366,,
CRI-2016,CRI,2016,0.284,12.214,2094.488,,
CRI-2017,CRI,2017,0.453,11.94,,,
CRI-2018,CRI,2018,0.466,12.229,,,
CZE-1990,CZE,1990,,14.025,3111.648,,
CZE-1991,CZE,1991,,15.077,2971.86,,
CZE-1992,CZE,1992,,15.349,3007.53,,
CZE-1993,CZE,1993,,15.616,3058.042,,
CZE-1994,CZE,1994,,15.699,3161.974,,
CZE-1995,CZE,1995,0.069,15.965,3405.302,,
CZE-1996,CZE,1996,0.087,15.982,3559.603,,
CZE-1997,CZE,1997,0.145,16.724,3709.705,,
CZE-1998,CZE,1998,0.228,17.055,3772.736,,
CZE-1999,CZE,1999,0.277,17.698,3973.888,,
CZE-2000,CZE,2000,0.325,17.859,4174.684,,
CZE-2001,CZE,2001,0.269,17.807,4309.412,16.76,16.841
CZE-2002,CZE,2002,0.298,18.545,4569.105,,
CZE-2003,CZE,2003,0.332,18.679,4766.576,17.485,17.729
CZE-2004,CZE,2004,0.335,17.842,4769.768,,
CZE-2005,CZE,2005,0.469,17.96,5104.545,16.555,16.928
CZE-2006,CZE,2006,0.507,17.646,5337.684,,
CZE-2007,CZE,2007,0.509,17.432,5536.709,15.994,16.399
CZE-2008,CZE,2008,0.592,17.719,5719.509,,
CZE-2009,CZE,2009,0.772,19.996,6117.82,18.555,19.197
CZE-2010,CZE,2010,0.774,19.572,6118.863,,
CZE-2011,CZE,2011,0.806,19.619,6253.627,18.146,18.807
CZE-2012,CZE,2012,0.962,19.827,6262.787,,
CZE-2013,CZE,2013,0.746,20.677,6527.376,19.109,19.756
CZE-2014,CZE,2014,0.807,20.07,6470.469,,
CZE-2015,CZE,2015,0.769,19.273,6537.184,17.813,18.468
CZE-2016,CZE,2016,0.822,18.888,6555.336,,
CZE-2017,CZE,2017,0.85,18.547,6754.051,17.186,17.914
CZE-2018,CZE,2018,,18.759,,,
CZE-2019,CZE,2019,,19.159,,,
DEU-1990,DEU,1990,3.455,21.35,8177.169,,
DEU-1991,DEU,1991,3.108,22.303,7954.287,,
DEU-1992,DEU,1992,3.121,24.011,8671.244,,
DEU-1993,DEU,1993,3.11,24.718,8790.498,,
DEU-1994,DEU,1994,3.026,24.899,9044.132,,
DEU-1995,DEU,1995,3.161,25.248,9294.275,22.166,24.921
DEU-1996,DEU,1996,2.958,25.854,9575.268,,
DEU-1997,DEU,1997,2.83,25.443,9586.837,,
DEU-1998,DEU,1998,2.808,25.388,9766.48,,
DEU-1999,DEU,1999,2.977,25.519,10004.991,24.276,26.872
DEU-2000,DEU,2000,3.059,25.467,10271.102,,
DEU-2001,DEU,2001,3.117,25.484,10443.072,24.083,25.961
DEU-2002,DEU,2002,3.099,26.163,10691.859,,
DEU-2003,DEU,2003,3.116,26.624,10808.243,25.181,27.091
DEU-2004,DEU,2004,3.054,26.02,10699.217,,
DEU-2005,DEU,2005,2.94,26.38,10942.477,24.66,26.459
DEU-2006,DEU,2006,2.79,25.106,10833.281,,
DEU-2007,DEU,2007,2.944,24.208,10780.939,22.403,24.169
DEU-2008,DEU,2008,3.217,24.353,10980.436,,
DEU-2009,DEU,2009,3.465,26.8,11435.405,24.47,26.603
DEU-2010,DEU,2010,3.406,26.046,11607.201,,
DEU-2011,DEU,2011,3.421,24.745,11461.518,22.914,24.7
DEU-2012,DEU,2012,3.559,24.652,11444.532,,
DEU-2013,DEU,2013,3.658,24.834,11547.716,23.181,24.904
DEU-2014,DEU,2014,3.557,24.773,11725.214,,
DEU-2015,DEU,2015,3.595,24.997,11919.518,23.402,24.963
DEU-2016,DEU,2016,3.637,25.254,12193.222,,
DEU-2017,DEU,2017,3.607,25.37,12466.523,23.757,25.226
DEU-2018,DEU,2018,,25.342,,,
DEU-2019,DEU,2019,,25.881,,,
DNK-1990,DNK,1990,4.661,21.949,7946.749,,
DNK-1991,DNK,1991,4.943,22.404,8202.206,,
DNK-1992,DNK,1992,5.157,22.6,8408.1,,
DNK-1993,DNK,1993,5.732,23.791,8821.559,,
DNK-1994,DNK,1994,5.641,25.424,9897.243,,
DNK-1995,DNK,1995,5.098,25.513,10185.465,19.29,22.986
DNK-1996,DNK,1996,4.876,24.946,10185.744,,
DNK-1997,DNK,1997,4.614,24.156,10140.639,18.322,21.598
DNK-1998,DNK,1998,4.206,23.741,10152.704,,
DNK-1999,DNK,1999,3.977,24.547,10770.49,18.88,21.636
DNK-2000,DNK,2000,3.866,23.765,10783.385,,
DNK-2001,DNK,2001,3.849,24.29,11072.939,18.597,20.877
DNK-2002,DNK,2002,3.927,24.804,11319.996,,
DNK-2003,DNK,2003,4.356,25.328,11573.89,19.511,22.148
DNK-2004,DNK,2004,4.361,25.119,11756.602,,
DNK-2005,DNK,2005,3.935,25.195,12031.897,19.456,21.821
DNK-2006,DNK,2006,3.255,24.961,12345.391,,
DNK-2007,DNK,2007,4.502,25.912,12877.764,20.28,22.861
DNK-2008,DNK,2008,4.11,26.324,12937.728,,
DNK-2009,DNK,2009,5.081,29.282,13611.076,23.383,26.413
DNK-2010,DNK,2010,4.633,29.637,13972.907,,
DNK-2011,DNK,2011,4.465,29.776,14167.161,23.506,26.166
DNK-2012,DNK,2012,4.366,29.927,14217.996,,
DNK-2013,DNK,2013,5.075,29.892,14277.778,23.543,26.593
DNK-2014,DNK,2014,5.213,29.877,14424.687,,
DNK-2015,DNK,2015,4.657,29.869,14657.153,23.492,26.311
DNK-2016,DNK,2016,3.952,29.31,14727.797,,
DNK-2017,DNK,2017,3.805,29.164,14854.304,22.869,25.201
DNK-2018,DNK,2018,,28.684,,,
DNK-2019,DNK,2019,,28.299,,,
ESP-1990,ESP,1990,0.235,19.144,4865.739,,
ESP-1991,ESP,1991,0.213,19.876,5171.343,,
ESP-1992,ESP,1992,0.234,21.011,5504.719,,
ESP-1993,ESP,1993,0.261,22.256,5758.06,,
ESP-1994,ESP,1994,0.255,21.265,5622.673,,
ESP-1995,ESP,1995,0.264,20.631,5597.432,,
ESP-1996,ESP,1996,0.285,20.533,5695.225,,
ESP-1997,ESP,1997,0.284,19.964,5718.804,,
ESP-1998,ESP,1998,0.285,19.863,5915.51,,
ESP-1999,ESP,1999,0.291,19.737,6118.264,,
ESP-2000,ESP,2000,0.294,19.464,6321.21,,
ESP-2001,ESP,2001,0.279,19.091,6410.418,16.442,16.721
ESP-2002,ESP,2002,0.297,19.35,6568.842,,
ESP-2003,ESP,2003,0.487,19.989,6860.32,17.308,17.795
ESP-2004,ESP,2004,0.497,20.214,7043.526,,
ESP-2005,ESP,2005,0.517,20.475,7258.966,17.727,18.243
ESP-2006,ESP,2006,0.538,20.516,7452.696,,
ESP-2007,ESP,2007,0.551,20.897,7712.448,18.179,18.731
ESP-2008,ESP,2008,0.509,22.326,8177.795,,
ESP-2009,ESP,2009,0.538,25.613,8954.043,23.788,24.326
ESP-2010,ESP,2010,1.227,24.895,8680.651,,
ESP-2011,ESP,2011,1.253,25.534,8798.387,23.115,24.299
ESP-2012,ESP,2012,1.273,25.545,8536.133,,
ESP-2013,ESP,2013,1.267,25.698,8495.327,22.811,24.001
ESP-2014,ESP,2014,1.277,25.367,8527.204,,
ESP-2015,ESP,2015,1.232,24.702,8630.387,21.923,23.079
ESP-2016,ESP,2016,1.238,24.236,8716.86,,
ESP-2017,ESP,2017,1.282,23.943,8851.808,21.261,22.47
ESP-2018,ESP,2018,,24.17,,,
ESP-2019,ESP,2019,,24.669,,,
EST-1999,EST,1999,0.282,15.19,2344.17,,
EST-2000,EST,2000,0.137,13.914,2326.936,,
EST-2001,EST,2001,0.114,13.057,2328.435,,
EST-2002,EST,2002,0.135,12.758,2446.029,,
EST-2003,EST,2003,0.138,12.888,2673.936,,
EST-2004,EST,2004,0.138,13.306,2966.725,,
EST-2005,EST,2005,0.13,12.84,3151.628,,
EST-2006,EST,2006,0.054,12.455,3374.603,,
EST-2007,EST,2007,0.071,12.367,3625.345,,
EST-2008,EST,2008,0.131,15.121,4221.299,,
EST-2009,EST,2009,0.117,19.313,4622.856,16.026,16.095
EST-2010,EST,2010,0.11,17.994,4430.825,,
EST-2011,EST,2011,0.098,16.038,4254.821,13.428,13.489
EST-2012,EST,2012,0.104,15.636,4292.208,,
EST-2013,EST,2013,0.106,15.575,4349.441,13.194,13.266
EST-2014,EST,2014,0.101,15.949,4602.201,,
EST-2015,EST,2015,0.102,17.154,5050.811,14.379,14.448
EST-2016,EST,2016,0.108,17.505,5250.526,,
EST-2017,EST,2017,0.106,17.242,5498.002,14.464,14.514
EST-2018,EST,2018,,17.511,,,
EST-2019,EST,2019,,17.688,,,
FIN-1990,FIN,1990,1.161,23.331,7248.181,,
FIN-1991,FIN,1991,1.192,28.248,8214.149,,
FIN-1992,FIN,1992,1.103,32.199,9003.654,,
FIN-1993,FIN,1993,1.602,32.206,8902.828,,
FIN-1994,FIN,1994,1.469,31.503,9014.596,,
FIN-1995,FIN,1995,1.457,28.843,8568.84,21.428,22.44
FIN-1996,FIN,1996,1.48,28.669,8800.346,,
FIN-1997,FIN,1997,1.42,26.557,8642.791,19.764,20.757
FIN-1998,FIN,1998,1.369,24.465,8374.072,,
FIN-1999,FIN,1999,1.337,23.808,8486.292,18.022,18.883
FIN-2000,FIN,2000,1.305,22.618,8510.169,,
FIN-2001,FIN,2001,1.295,22.441,8644.33,17.309,18.217
FIN-2002,FIN,2002,1.323,23.192,9063.966,,
FIN-2003,FIN,2003,1.352,23.839,9480.781,18.451,19.415
FIN-2004,FIN,2004,1.347,23.951,9876.956,,
FIN-2005,FIN,2005,1.286,23.926,10106.309,18.68,19.619
FIN-2006,FIN,2006,1.278,23.74,10391.758,,
FIN-2007,FIN,2007,1.249,22.81,10469.172,18.014,18.94
FIN-2008,FIN,2008,1.397,23.323,10738.22,,
FIN-2009,FIN,2009,1.581,26.902,11331.512,21.641,22.868
FIN-2010,FIN,2010,1.436,27.36,11837.52,,
FIN-2011,FIN,2011,1.458,27.024,11934.631,21.507,22.61
FIN-2012,FIN,2012,1.481,28.285,12258.114,,
FIN-2013,FIN,2013,1.477,29.398,12567.665,23.26,24.384
FIN-2014,FIN,2014,1.477,30.121,12774.642,,
FIN-2015,FIN,2015,1.531,30.506,12965.501,24.218,25.375
FIN-2016,FIN,2016,1.49,30.449,13269.114,,
FIN-2017,FIN,2017,1.341,29.626,13301.726,23.47,24.503
FIN-2018,FIN,2018,0.096,29.275,,,
FIN-2019,FIN,2019,,29.132,,,
FRA-1990,FRA,1990,1.975,24.397,7755.037,,
FRA-1991,FRA,1991,2.003,25.034,8000.778,,
FRA-1992,FRA,1992,2.053,25.772,8327.162,,
FRA-1993,FRA,1993,2.143,27.172,8686.598,,
FRA-1994,FRA,1994,2.167,27.212,8871.519,,
FRA-1995,FRA,1995,2.297,28.488,9448.71,,
FRA-1996,FRA,1996,2.396,28.777,9645.085,,
FRA-1997,FRA,1997,2.328,28.645,9790.368,,
FRA-1998,FRA,1998,2.336,28.855,10178.59,,
FRA-1999,FRA,1999,2.326,28.828,10462.66,,
FRA-2000,FRA,2000,2.653,27.705,10378.418,,
FRA-2001,FRA,2001,2.695,27.691,10502.365,24.896,27.396
FRA-2002,FRA,2002,2.799,28.409,10818.015,,
FRA-2003,FRA,2003,2.796,28.788,10974.641,25.887,28.483
FRA-2004,FRA,2004,2.829,28.862,11231.11,,
FRA-2005,FRA,2005,2.961,28.825,11317.579,25.897,28.635
FRA-2006,FRA,2006,3.276,28.431,11357.324,,
FRA-2007,FRA,2007,3.228,28.279,11499.153,25.553,28.594
FRA-2008,FRA,2008,3.248,28.52,11561.866,,
FRA-2009,FRA,2009,3.434,31.021,12152.258,28.215,31.358
FRA-2010,FRA,2010,3.444,31.084,12353.279,,
FRA-2011,FRA,2011,3.472,30.776,12437.83,27.663,30.933
FRA-2012,FRA,2012,3.534,31.211,12591.526,,
FRA-2013,FRA,2013,3.579,31.705,12798.343,28.188,31.551
FRA-2014,FRA,2014,3.595,32.027,12988.71,,
FRA-2015,FRA,2015,3.58,31.791,12983.549,28.247,31.613
FRA-2016,FRA,2016,3.601,31.847,13100.009,,
FRA-2017,FRA,2017,3.562,31.5,13208.095,27.809,31.152
FRA-2018,FRA,2018,3.574,31.077,13224.562,,
FRA-2019,FRA,2019,,30.987,,,
GBR-1990,GBR,1990,4.73,14.903,4317.599,,
GBR-1991,GBR,1991,5.634,16.385,4697.828,,
GBR-1992,GBR,1992,6.192,17.821,5144.436,,
GBR-1993,GBR,1993,6.34,18.423,5456.402,,
GBR-1994,GBR,1994,6.321,17.737,5425.354,,
GBR-1995,GBR,1995,5.753,16.638,5201.686,,
GBR-1996,GBR,1996,5.774,16.447,5274.554,,
GBR-1997,GBR,1997,6.239,16.605,5513.148,15.522,20.892
GBR-1998,GBR,1998,6.067,17.027,5838.589,,
GBR-1999,GBR,1999,6.205,16.843,5952.951,15.638,20.966
GBR-2000,GBR,2000,7.084,16.924,6157.935,,
GBR-2001,GBR,2001,6.606,17.713,6600.307,16.586,22.318
GBR-2002,GBR,2002,5.979,17.955,6832.989,,
GBR-2003,GBR,2003,5.965,18.746,7316.784,17.797,22.979
GBR-2004,GBR,2004,5.758,19.323,7691.42,,
GBR-2005,GBR,2005,5.895,19.276,7850.247,18.338,23.441
GBR-2006,GBR,2006,5.914,19.187,7967.287,,
GBR-2007,GBR,2007,5.228,19.723,8264.431,18.786,23.308
GBR-2008,GBR,2008,5.467,21.052,8639.637,,
GBR-2009,GBR,2009,5.942,23.185,9187.745,21.868,27.073
GBR-2010,GBR,2010,6.28,23.332,9341.001,,
GBR-2011,GBR,2011,6.313,23.09,9311.393,21.784,26.656
GBR-2012,GBR,2012,6.42,23.194,9445.708,,
GBR-2013,GBR,2013,6.274,22.37,9254.28,21.002,25.852
GBR-2014,GBR,2014,6.119,21.864,9203.252,,
GBR-2015,GBR,2015,6.134,21.509,9183.817,19.806,24.334
GBR-2016,GBR,2016,5.844,20.845,9001.392,,
GBR-2017,GBR,2017,6.412,20.473,8942.152,18.604,23.333
GBR-2018,GBR,2018,,20.291,,,
GBR-2019,GBR,2019,,20.616,,,
GRC-1990,GRC,1990,1.987,15.721,3600.576,,
GRC-1991,GRC,1991,1.823,15.178,3553.818,,
GRC-1992,GRC,1992,1.799,15.389,3602.068,,
GRC-1993,GRC,1993,1.792,16.233,3718.39,,
GRC-1994,GRC,1994,1.831,16.259,3781.475,,
GRC-1995,GRC,1995,1.83,16.6,3931.434,,
GRC-1996,GRC,1996,1.811,17.011,4125.903,,
GRC-1997,GRC,1997,1.78,16.912,4264.805,,
GRC-1998,GRC,1998,1.833,17.461,4549.259,,
GRC-1999,GRC,1999,1.854,17.973,4808.085,,
GRC-2000,GRC,2000,0.045,17.768,4919.568,,
GRC-2001,GRC,2001,0.061,18.637,5345.316,,
GRC-2002,GRC,2002,0.059,18.359,5452.391,,
GRC-2003,GRC,2003,0.086,18.178,5697.748,,
GRC-2004,GRC,2004,0.088,18.309,6014.444,,
GRC-2005,GRC,2005,0.119,19.534,6436.351,,
GRC-2006,GRC,2006,0.607,19.379,6725.913,,
GRC-2007,GRC,2007,0.599,20.135,7198.502,,
GRC-2008,GRC,2008,0.858,21.571,7665.843,,
GRC-2009,GRC,2009,0.88,23.912,8110.871,21.91,22.717
GRC-2010,GRC,2010,1.113,24.806,7943.089,,
GRC-2011,GRC,2011,1.144,25.988,7572.777,21.904,22.919
GRC-2012,GRC,2012,1.098,27.021,7338.539,,
GRC-2013,GRC,2013,1.222,25.249,6683.317,21.366,22.464
GRC-2014,GRC,2014,1.137,25.309,6793.834,,
GRC-2015,GRC,2015,1.071,25.382,6828.481,21.38,22.352
GRC-2016,GRC,2016,1.002,25.58,6897.197,,
GRC-2017,GRC,2017,0.979,24.658,6762.01,20.254,21.143
GRC-2018,GRC,2018,,24.13,,,
GRC-2019,GRC,2019,,24.021,,,
HUN-1999,HUN,1999,0.19,20.854,3767.998,,
HUN-2000,HUN,2000,0.205,20.092,3802.89,,
HUN-2001,HUN,2001,0.206,19.771,3903.547,,
HUN-2002,HUN,2002,0.208,20.8,4313.675,,
HUN-2003,HUN,2003,0.252,21.79,4716.956,,
HUN-2004,HUN,2004,0.293,21.086,4795.474,,
HUN-2005,HUN,2005,0.284,21.864,5193.759,,
HUN-2006,HUN,2006,0.368,22.148,5481.787,,
HUN-2007,HUN,2007,0.385,22.419,5570.751,,
HUN-2008,HUN,2008,0.371,22.659,5700.029,,
HUN-2009,HUN,2009,0.427,23.25,5465.366,19.791,20.218
HUN-2010,HUN,2010,0.445,22.998,5454.227,,
HUN-2011,HUN,2011,0.426,22.305,5401.486,20.234,20.59
HUN-2012,HUN,2012,0.404,22.604,5421.197,,
HUN-2013,HUN,2013,0.388,22.224,5449.723,19.65,19.481
HUN-2014,HUN,2014,0.347,21.46,5497.814,,
HUN-2015,HUN,2015,0.333,20.439,5450.572,17.828,17.757
HUN-2016,HUN,2016,0.325,20.296,5547.896,,
HUN-2017,HUN,2017,0.285,19.677,5626.186,17.375,17.358
HUN-2018,HUN,2018,0.268,18.81,5659.478,,
HUN-2019,HUN,2019,,18.098,,,
IRL-1990,IRL,1990,1.396,16.838,4330.678,,
IRL-1991,IRL,1991,1.447,17.741,4624.646,,
IRL-1992,IRL,1992,1.467,18.504,4944.095,,
IRL-1993,IRL,1993,1.462,18.474,5042.154,,
IRL-1994,IRL,1994,1.463,18.078,5200.387,,
IRL-1995,IRL,1995,1.611,17.542,5508.828,15.374,16.508
IRL-1996,IRL,1996,1.579,16.571,5551.702,,
IRL-1997,IRL,1997,1.511,15.514,5704.017,13.638,14.728
IRL-1998,IRL,1998,1.458,14.561,5740.854,,
IRL-1999,IRL,1999,1.338,13.705,5906.633,12.286,13.251
IRL-2000,IRL,2000,3.399,12.755,5938.225,,
IRL-2001,IRL,2001,3.574,13.506,6517.548,12.388,15.218
IRL-2002,IRL,2002,2.044,14.399,7232.434,,
IRL-2003,IRL,2003,1.722,14.879,7573.932,13.251,14.72
IRL-2004,IRL,2004,2.114,15.151,8088.409,,
IRL-2005,IRL,2005,2.129,15.38,8485.216,13.629,15.403
IRL-2006,IRL,2006,2.133,15.371,8680.928,,
IRL-2007,IRL,2007,2.158,16.226,9365.564,14.843,16.467
IRL-2008,IRL,2008,2.336,19.2,10360.108,,
IRL-2009,IRL,2009,2.789,23.106,11722.194,21.597,23.64
IRL-2010,IRL,2010,2.818,23.781,12227.664,,
IRL-2011,IRL,2011,2.982,22.959,11796.611,21.479,23.664
IRL-2012,IRL,2012,3.145,22.566,11573.51,,
IRL-2013,IRL,2013,3.103,21.454,11097.12,19.874,22.259
IRL-2014,IRL,2014,2.931,19.647,10955.077,,
IRL-2015,IRL,2015,2.177,14.874,10284.677,13.619,15.385
IRL-2016,IRL,2016,2.171,15.069,10681.723,,
IRL-2017,IRL,2017,2.028,14.224,10783.391,13.014,14.661
IRL-2018,IRL,2018,,13.59,,,
IRL-2019,IRL,2019,,13.363,,,
ISL-1990,ISL,1990,2.962,13.268,4305.509,,
ISL-1991,ISL,1991,3.21,13.718,4386.901,,
ISL-1992,ISL,1992,3.367,14.25,4350.201,,
ISL-1993,ISL,1993,3.462,14.578,4462.977,,
ISL-1994,ISL,1994,3.358,14.427,4537.996,,
ISL-1995,ISL,1995,3.476,14.732,4615.231,,
ISL-1996,ISL,1996,3.485,14.526,4732.303,,
ISL-1997,ISL,1997,3.634,14.084,4816.677,,
ISL-1998,ISL,1998,3.637,14.184,5140.16,,
ISL-1999,ISL,1999,3.811,14.438,5376.735,,
ISL-2000,ISL,2000,4.051,14.501,5583.94,,
ISL-2001,ISL,2001,4.189,14.548,5740.909,13.641,17.059
ISL-2002,ISL,2002,4.471,15.901,6262.724,,
ISL-2003,ISL,2003,4.902,16.983,6800.084,15.805,19.8
ISL-2004,ISL,2004,4.775,16.619,7108.655,,
ISL-2005,ISL,2005,4.869,15.832,7120.07,14.648,17.601
ISL-2006,ISL,2006,4.89,15.347,7063.643,,
ISL-2007,ISL,2007,5.007,14.488,7126.694,12.505,15.61
ISL-2008,ISL,2008,5.085,14.852,7264.611,,
ISL-2009,ISL,2009,5.643,16.994,7754.068,14.943,18.708
ISL-2010,ISL,2010,5.41,16.44,7270.774,,
ISL-2011,ISL,2011,5.63,16.549,7433.521,14.405,17.931
ISL-2012,ISL,2012,5.86,16.179,7322.111,,
ISL-2013,ISL,2013,6.039,15.714,7335.17,13.643,18.681
ISL-2014,ISL,2014,6.324,15.915,7500.262,,
ISL-2015,ISL,2015,6.296,15.083,7369.174,13.12,18.317
ISL-2016,ISL,2016,6.479,14.952,7682.506,,
ISL-2017,ISL,2017,6.487,16.012,8400.698,13.718,18.993
ISL-2018,ISL,2018,,16.433,,,
ISL-2019,ISL,2019,,17.406,,,
ISR-1995,ISR,1995,0.14,16.306,4197.223,,
ISR-1996,ISR,1996,0.169,16.722,4407.716,,
ISR-1997,ISR,1997,0.214,16.837,4501.895,,
ISR-1998,ISR,1998,0.263,16.488,4482.793,,
ISR-1999,ISR,1999,0.3,16.411,4503.322,,
ISR-2000,ISR,2000,2.282,16.154,4697.074,,
ISR-2001,ISR,2001,2.229,17.409,4949.024,,
ISR-2002,ISR,2002,2.362,17.388,4834.334,,
ISR-2003,ISR,2003,2.437,16.85,4649.082,,
ISR-2004,ISR,2004,2.277,15.868,4510.262,,
ISR-2005,ISR,2005,2.402,15.386,4472.367,,
ISR-2006,ISR,2006,2.409,15.183,4584.721,,
ISR-2007,ISR,2007,2.353,14.679,4616.483,,
ISR-2008,ISR,2008,2.726,14.805,4716.827,,
ISR-2009,ISR,2009,2.487,15.365,4859.241,14.174,16.285
ISR-2010,ISR,2010,2.487,15.459,5067.271,,
ISR-2011,ISR,2011,2.438,15.236,5141.638,13.991,16.057
ISR-2012,ISR,2012,2.413,15.525,5265.303,,
ISR-2013,ISR,2013,2.387,15.482,5374.611,14.358,16.403
ISR-2014,ISR,2014,2.411,15.429,5453.642,,
ISR-2015,ISR,2015,2.441,15.411,5463.071,14.202,16.282
ISR-2016,ISR,2016,2.439,15.398,5568.468,,
ISR-2017,ISR,2017,2.509,16.241,5971.296,15.181,17.331
ISR-2018,ISR,2018,2.478,16.269,6062.709,,
ISR-2019,ISR,2019,,16.292,6167.615,,
ITA-1990,ITA,1990,1.974,20.635,6923.33,,
ITA-1991,ITA,1991,2.132,21.007,7149.283,,
ITA-1992,ITA,1992,2.375,21.733,7455.256,,
ITA-1993,ITA,1993,2.208,21.999,7477.71,,
ITA-1994,ITA,1994,2.005,21.981,7630.824,,
ITA-1995,ITA,1995,1.875,21.05,7518.427,17.481,19.086
ITA-1996,ITA,1996,1.673,21.459,7759.481,,
ITA-1997,ITA,1997,1.741,22.169,8158.335,18.45,19.959
ITA-1998,ITA,1998,1.695,22.312,8357.363,,
ITA-1999,ITA,1999,1.684,22.745,8656.774,18.992,20.431
ITA-2000,ITA,2000,1.576,22.636,8937.401,,
ITA-2001,ITA,2001,1.574,22.843,9188.994,19.42,20.716
ITA-2002,ITA,2002,1.601,23.272,9365.662,,
ITA-2003,ITA,2003,1.764,23.611,9463.444,20.196,21.649
ITA-2004,ITA,2004,1.614,23.868,9630.057,,
ITA-2005,ITA,2005,1.597,24.107,9747.564,20.588,21.902
ITA-2006,ITA,2006,1.721,24.23,9932.313,,
ITA-2007,ITA,2007,1.71,24.054,9945.803,20.414,21.887
ITA-2008,ITA,2008,1.769,24.993,10156.038,,
ITA-2009,ITA,2009,1.805,27.023,10342.289,23.328,24.884
ITA-2010,ITA,2010,1.852,27.004,10467.899,,
ITA-2011,ITA,2011,1.85,26.614,10349.942,22.558,24.12
ITA-2012,ITA,2012,1.958,27.288,10248.037,,
ITA-2013,ITA,2013,1.933,27.894,10230.463,23.536,25.176
ITA-2014,ITA,2014,1.852,28.157,10302.343,,
ITA-2015,ITA,2015,1.901,28.333,10457.562,23.608,25.209
ITA-2016,ITA,2016,1.905,27.907,10451.295,,
ITA-2017,ITA,2017,1.901,27.645,10541.606,23.088,24.693
ITA-2018,ITA,2018,,27.768,,,
ITA-2019,ITA,2019,,28.195,,,
JPN-1990,JPN,1990,0.159,10.911,3570.522,,
JPN-1991,JPN,1991,0.172,11.041,3697.592,,
JPN-1992,JPN,1992,0.182,11.637,3902.968,,
JPN-1993,JPN,1993,0.2,12.356,4127.389,,
JPN-1994,JPN,1994,0.22,12.884,4357.984,,
JPN-1995,JPN,1995,0.482,13.232,4591.386,,
JPN-1996,JPN,1996,0.501,13.22,4695.109,,
JPN-1997,JPN,1997,3.279,13.63,4853.946,,
JPN-1998,JPN,1998,3.512,14.275,5025.078,,
JPN-1999,JPN,1999,3.618,15.117,5337.82,,
JPN-2000,JPN,2000,3.504,15.354,5528.36,,
JPN-2001,JPN,2001,3.785,16.097,5801.82,15.856,19.313
JPN-2002,JPN,2002,3.934,16.441,5941.466,,
JPN-2003,JPN,2003,3.237,16.642,6106.728,16.322,19.268
JPN-2004,JPN,2004,3.099,16.845,6304.737,,
JPN-2005,JPN,2005,2.781,17.103,6502.011,16.617,19.141
JPN-2006,JPN,2006,2.729,17.23,6642.422,,
JPN-2007,JPN,2007,3.229,17.635,6857.349,17.171,20.115
JPN-2008,JPN,2008,3.283,18.641,7089.4,,
JPN-2009,JPN,2009,3.665,20.809,7666.244,20.074,23.42
JPN-2010,JPN,2010,3.476,21.161,8040.041,,
JPN-2011,JPN,2011,3.599,22.196,8472.518,21.391,24.677
JPN-2012,JPN,2012,3.702,22.135,8604.382,,
JPN-2013,JPN,2013,3.497,22.064,8725.478,21.167,24.357
JPN-2014,JPN,2014,3.235,21.831,8690.432,,
JPN-2015,JPN,2015,3.08,22.231,8953.295,21.127,23.878
JPN-2016,JPN,2016,2.971,22.284,9071.806,,
JPN-2017,JPN,2017,2.903,22.324,9259.887,21.173,23.759
KOR-1990,KOR,1990,0.308,2.613,328.317,,
KOR-1991,KOR,1991,0.298,2.519,345.843,,
KOR-1992,KOR,1992,0.306,2.738,394.969,,
KOR-1993,KOR,1993,0.35,2.813,429.215,,
KOR-1994,KOR,1994,0.426,2.811,463.693,,
KOR-1995,KOR,1995,2.097,2.992,535.439,2.88,4.944
KOR-1996,KOR,1996,2.174,3.144,599.556,,
KOR-1997,KOR,1997,2.321,3.389,678.175,3.312,5.581
KOR-1998,KOR,1998,2.566,4.71,884.424,,
KOR-1999,KOR,1999,2.496,5.619,1166.18,5.369,7.796
KOR-2000,KOR,2000,2.537,4.412,989.186,,
KOR-2001,KOR,2001,2.344,4.788,1116.904,4.854,7.127
KOR-2002,KOR,2002,2.274,4.654,1162.692,,
KOR-2003,KOR,2003,2.485,4.945,1267.679,5.0,7.42
KOR-2004,KOR,2004,1.998,5.536,1487.01,,
KOR-2005,KOR,2005,2.059,5.881,1644.294,5.97,7.966
KOR-2006,KOR,2006,2.239,6.699,1961.475,,
KOR-2007,KOR,2007,2.311,6.782,2090.228,6.915,9.16
KOR-2008,KOR,2008,2.056,7.264,2288.886,,
KOR-2009,KOR,2009,2.23,8.069,2549.577,8.241,10.397
KOR-2010,KOR,2010,2.046,7.86,2639.403,,
KOR-2011,KOR,2011,2.368,7.814,2699.545,7.947,10.244
KOR-2012,KOR,2012,2.411,8.329,2931.462,,
KOR-2013,KOR,2013,2.476,8.825,3189.734,8.922,11.313
KOR-2014,KOR,2014,2.6,9.19,3406.541,,
KOR-2015,KOR,2015,2.808,9.636,3652.776,9.631,12.3
KOR-2016,KOR,2016,2.758,9.87,3836.389,,
KOR-2017,KOR,2017,2.714,10.107,4041.236,10.065,12.645
KOR-2018,KOR,2018,2.92,10.836,4427.046,,
KOR-2019,KOR,2019,,12.2,,,
LTU-1996,LTU,1996,0.0,13.11,1387.118,,
LTU-1997,LTU,1997,0.0,13.752,1587.325,,
LTU-1998,LTU,1998,0.0,14.969,1870.44,,
LTU-1999,LTU,1999,0.0,16.15,2009.26,,
LTU-2000,LTU,2000,0.288,15.384,2001.338,,
LTU-2001,LTU,2001,0.121,14.542,2031.977,,
LTU-2002,LTU,2002,0.049,14.338,2156.09,,
LTU-2003,LTU,2003,0.055,14.271,2391.479,,
LTU-2004,LTU,2004,0.204,13.221,2387.396,,
LTU-2005,LTU,2005,0.211,13.679,2704.682,,
LTU-2006,LTU,2006,0.231,13.743,2965.436,,
LTU-2007,LTU,2007,0.219,14.823,3595.552,,
LTU-2008,LTU,2008,0.229,16.555,4163.82,,
LTU-2009,LTU,2009,0.305,21.817,4726.668,,
LTU-2010,LTU,2010,0.272,19.466,4370.403,,
LTU-2011,LTU,2011,0.287,17.419,4241.359,,
LTU-2012,LTU,2012,0.31,16.503,4228.741,,
LTU-2013,LTU,2013,0.274,15.491,4152.488,,
LTU-2014,LTU,2014,0.262,15.629,4373.735,,
LTU-2015,LTU,2015,0.389,15.939,4594.165,,
LTU-2016,LTU,2016,0.437,15.59,4667.297,,
LTU-2017,LTU,2017,0.457,15.333,4852.934,14.041,14.425
LTU-2018,LTU,2018,,16.205,,,
LTU-2019,LTU,2019,,16.698,,,
LUX-1990,LUX,1990,0.073,18.328,11157.627,,
LUX-1991,LUX,1991,0.076,18.631,12157.027,,
LUX-1992,LUX,1992,0.083,18.971,12434.189,,
LUX-1993,LUX,1993,0.08,19.284,12985.018,,
LUX-1994,LUX,1994,0.076,19.105,13164.055,,
LUX-1995,LUX,1995,0.073,19.882,14298.914,,
LUX-1996,LUX,1996,,19.729,14214.291,,
LUX-1997,LUX,1997,,19.863,14933.554,,
LUX-1998,LUX,1998,,20.154,15866.802,,
LUX-1999,LUX,1999,0.158,19.499,16415.194,,
LUX-2000,LUX,2000,0.223,18.699,16819.002,,
LUX-2001,LUX,2001,0.415,20.391,18597.837,,
LUX-2002,LUX,2002,0.4,21.428,20072.422,,
LUX-2003,LUX,2003,0.481,22.809,21444.864,18.382,18.8
LUX-2004,LUX,2004,0.601,23.077,22174.192,,
LUX-2005,LUX,2005,0.55,22.833,22286.346,18.076,18.536
LUX-2006,LUX,2006,0.537,21.397,21630.682,,
LUX-2007,LUX,2007,0.64,20.211,21780.939,15.795,16.33
LUX-2008,LUX,2008,0.498,21.937,22931.072,,
LUX-2009,LUX,2009,1.121,24.037,23597.964,18.938,19.754
LUX-2010,LUX,2010,1.153,23.139,23384.181,,
LUX-2011,LUX,2011,1.181,21.19,21455.152,16.305,17.157
LUX-2012,LUX,2012,1.289,22.067,21758.628,,
LUX-2013,LUX,2013,1.109,22.267,22181.754,16.747,17.502
LUX-2014,LUX,2014,1.042,21.852,22175.043,,
LUX-2015,LUX,2015,1.068,21.62,22439.255,16.437,17.171
LUX-2016,LUX,2016,1.062,21.02,22239.15,,
LUX-2017,LUX,2017,1.068,21.505,22663.646,16.652,17.396
LUX-2018,LUX,2018,,21.46,,,
LUX-2019,LUX,2019,,21.637,,,
LVA-1995,LVA,1995,,0.0,0.0,,
LVA-1996,LVA,1996,,0.0,0.0,,
LVA-1997,LVA,1997,0.038,14.296,1450.862,,
LVA-1998,LVA,1998,0.047,15.037,1638.512,,
LVA-1999,LVA,1999,0.051,16.417,1854.482,,
LVA-2000,LVA,2000,0.087,15.359,1849.393,,
LVA-2001,LVA,2001,0.14,14.367,1862.685,,
LVA-2002,LVA,2002,0.164,13.838,1944.717,,
LVA-2003,LVA,2003,0.088,12.908,1986.397,,
LVA-2004,LVA,2004,0.171,13.069,2202.474,,
LVA-2005,LVA,2005,0.135,12.266,2314.207,,
LVA-2006,LVA,2006,0.165,12.161,2590.589,,
LVA-2007,LVA,2007,0.125,11.079,2618.374,,
LVA-2008,LVA,2008,0.127,12.993,3002.493,,
LVA-2009,LVA,2009,0.067,18.086,3644.108,,
LVA-2010,LVA,2010,0.161,19.466,3826.981,,
LVA-2011,LVA,2011,0.123,16.579,3529.993,14.752,14.874
LVA-2012,LVA,2012,0.099,15.359,3448.351,,
LVA-2013,LVA,2013,0.082,15.529,3604.679,13.645,13.726
LVA-2014,LVA,2014,0.067,15.354,3661.18,,
LVA-2015,LVA,2015,0.051,15.767,3915.539,13.765,13.814
LVA-2016,LVA,2016,0.05,16.14,4116.504,,
LVA-2017,LVA,2017,0.053,15.907,4250.77,13.627,13.679
LVA-2018,LVA,2018,,15.847,,,
LVA-2019,LVA,2019,,16.436,,,
MEX-1990,MEX,1990,0.052,3.139,422.407,,
MEX-1991,MEX,1991,0.076,3.523,485.46,,
MEX-1992,MEX,1992,0.084,3.85,540.599,,
MEX-1993,MEX,1993,0.083,3.786,541.648,,
MEX-1994,MEX,1994,0.083,4.105,606.665,,
MEX-1995,MEX,1995,0.077,3.68,501.912,,
MEX-1996,MEX,1996,0.082,3.367,483.286,,
MEX-1997,MEX,1997,0.094,3.396,513.682,,
MEX-1998,MEX,1998,0.094,3.809,597.999,,
MEX-1999,MEX,1999,0.097,4.286,682.934,4.286,4.383
MEX-2000,MEX,2000,0.114,4.391,725.601,,
MEX-2001,MEX,2001,0.136,4.992,811.785,5.927,5.891
MEX-2002,MEX,2002,0.15,5.346,858.01,,
MEX-2003,MEX,2003,0.164,6.02,967.979,6.682,6.652
MEX-2004,MEX,2004,0.17,5.954,983.269,,
MEX-2005,MEX,2005,0.185,6.145,1028.21,6.911,6.984
MEX-2006,MEX,2006,0.193,6.26,1081.901,,
MEX-2007,MEX,2007,0.212,6.255,1092.116,7.113,7.17
MEX-2008,MEX,2008,0.313,6.704,1167.824,,
MEX-2009,MEX,2009,0.366,7.262,1181.637,7.28,7.572
MEX-2010,MEX,2010,0.34,7.368,1244.196,,
MEX-2011,MEX,2011,0.339,7.222,1248.947,7.005,7.274
MEX-2012,MEX,2012,0.339,7.235,1281.485,,
MEX-2013,MEX,2013,0.352,7.566,1342.786,7.383,7.661
MEX-2014,MEX,2014,0.376,7.566,1365.332,,
MEX-2015,MEX,2015,0.372,7.676,1415.322,7.396,7.69
MEX-2016,MEX,2016,0.398,7.501,1408.476,,
MEX-2017,MEX,2017,0.398,7.496,1422.897,7.242,7.555
MEX-2018,MEX,2018,0.422,7.237,1389.284,,
MEX-2019,MEX,2019,,7.481,1420.475,,
NLD-1990,NLD,1990,5.628,23.683,8202.494,,
NLD-1991,NLD,1991,5.779,23.634,8317.797,,
NLD-1992,NLD,1992,5.814,24.065,8549.386,,
NLD-1993,NLD,1993,6.071,24.172,8633.96,,
NLD-1994,NLD,1994,6.229,22.841,8350.217,,
NLD-1995,NLD,1995,6.98,22.082,8282.163,17.186,
NLD-1996,NLD,1996,6.887,21.001,8114.736,,
NLD-1997,NLD,1997,6.786,20.319,8148.856,15.831,20.545
NLD-1998,NLD,1998,7.453,20.301,8469.305,,
NLD-1999,NLD,1999,7.504,19.603,8532.655,15.816,21.29
NLD-2000,NLD,2000,7.511,19.002,8556.586,,
NLD-2001,NLD,2001,7.303,19.098,8734.042,16.42,21.815
NLD-2002,NLD,2002,7.8,19.878,9052.416,,
NLD-2003,NLD,2003,8.076,20.555,9331.189,17.436,23.266
NLD-2004,NLD,2004,8.158,20.397,9410.427,,
NLD-2005,NLD,2005,8.201,19.921,9357.383,17.1,23.006
NLD-2006,NLD,2006,11.423,16.434,7973.844,,
NLD-2007,NLD,2007,11.423,15.742,7909.04,13.56,22.908
NLD-2008,NLD,2008,11.61,15.479,7914.292,,
NLD-2009,NLD,2009,12.617,17.072,8366.452,14.612,25.1
NLD-2010,NLD,2010,12.799,17.467,8630.224,,
NLD-2011,NLD,2011,13.062,17.54,8759.799,14.978,25.823
NLD-2012,NLD,2012,13.142,17.926,8827.41,,
NLD-2013,NLD,2013,13.105,18.134,8892.393,14.875,25.824
NLD-2014,NLD,2014,13.073,17.932,8886.12,,
NLD-2015,NLD,2015,13.314,17.598,8852.128,14.587,25.712
NLD-2016,NLD,2016,13.284,17.473,8934.371,,
NLD-2017,NLD,2017,13.464,16.609,8688.169,13.53,24.669
NLD-2018,NLD,2018,,16.221,,,
NLD-2019,NLD,2019,,16.08,,,
NOR-1990,NOR,1990,1.944,21.55,8706.426,,
NOR-1991,NOR,1991,1.898,22.458,9307.073,,
NOR-1992,NOR,1992,1.837,23.346,9964.526,,
NOR-1993,NOR,1993,1.736,23.261,10149.414,,
NOR-1994,NOR,1994,1.681,23.081,10518.819,,
NOR-1995,NOR,1995,1.691,22.474,10613.781,17.787,18.741
NOR-1996,NOR,1996,1.916,21.681,10700.075,,
NOR-1997,NOR,1997,1.842,21.183,10946.893,16.711,17.747
NOR-1998,NOR,1998,2.032,22.634,11933.539,,
NOR-1999,NOR,1999,2.251,22.552,12045.009,17.849,19.126
NOR-2000,NOR,2000,2.04,20.411,11178.17,,
NOR-2001,NOR,2001,2.116,21.234,11810.165,17.07,18.307
NOR-2002,NOR,2002,2.408,22.71,12745.615,,
NOR-2003,NOR,2003,2.557,23.644,13311.668,19.247,20.789
NOR-2004,NOR,2004,2.315,22.283,12966.727,,
NOR-2005,NOR,2005,2.025,20.737,12300.969,16.996,18.199
NOR-2006,NOR,2006,1.966,19.479,11735.347,,
NOR-2007,NOR,2007,1.962,19.603,12039.696,16.054,17.196
NOR-2008,NOR,2008,1.929,19.273,11746.484,,
NOR-2009,NOR,2009,2.334,22.509,13311.27,18.615,20.016
NOR-2010,NOR,2010,2.04,22.099,12998.713,,
NOR-2011,NOR,2011,2.153,21.58,12652.561,18.069,19.421
NOR-2012,NOR,2012,2.088,21.504,12778.501,,
NOR-2013,NOR,2013,2.225,21.969,13031.704,18.395,19.793
NOR-2014,NOR,2014,2.361,22.909,13703.231,,
NOR-2015,NOR,2015,2.535,24.788,14964.391,20.618,22.221
NOR-2016,NOR,2016,2.651,26.027,15740.849,,
NOR-2017,NOR,2017,2.59,25.212,15481.452,20.98,22.623
NOR-2018,NOR,2018,,24.38,,,
NOR-2019,NOR,2019,,25.316,,,
NZL-1990,NZL,1990,0.208,20.442,5076.691,,
NZL-1991,NZL,1991,0.273,20.847,4900.558,,
NZL-1992,NZL,1992,0.366,20.508,4831.884,,
NZL-1993,NZL,1993,0.38,19.042,4722.081,,
NZL-1994,NZL,1994,0.444,18.401,4737.276,,
NZL-1995,NZL,1995,0.464,17.845,4730.733,,
NZL-1996,NZL,1996,0.484,17.784,4798.948,,
NZL-1997,NZL,1997,0.502,18.74,5146.835,15.506,15.936
NZL-1998,NZL,1998,0.504,19.261,5304.922,,
NZL-1999,NZL,1999,0.488,18.628,5367.636,15.724,16.146
NZL-2000,NZL,2000,0.495,18.406,5392.997,,
NZL-2001,NZL,2001,0.5,17.777,5360.838,15.035,15.47
NZL-2002,NZL,2002,0.477,18.249,5678.774,,
NZL-2003,NZL,2003,0.444,17.73,5661.849,15.091,15.468
NZL-2004,NZL,2004,0.495,17.422,5665.974,,
NZL-2005,NZL,2005,0.517,18.009,5984.669,15.61,16.063
NZL-2006,NZL,2006,0.526,18.707,6302.523,,
NZL-2007,NZL,2007,0.512,18.453,6397.918,16.231,16.68
NZL-2008,NZL,2008,0.538,19.843,6709.899,,
NZL-2009,NZL,2009,0.633,20.892,7123.222,18.532,19.063
NZL-2010,NZL,2010,0.659,20.625,7029.782,,
NZL-2011,NZL,2011,0.668,20.241,7038.144,17.964,18.521
NZL-2012,NZL,2012,0.698,20.401,7227.852,,
NZL-2013,NZL,2013,0.709,19.718,7064.177,17.37,17.977
NZL-2014,NZL,2014,0.715,19.748,7212.157,,
NZL-2015,NZL,2015,0.712,19.36,7241.224,16.993,17.605
NZL-2016,NZL,2016,0.721,19.04,7245.844,,
NZL-2017,NZL,2017,0.707,18.555,7216.112,16.301,16.913
NZL-2018,NZL,2018,0.724,19.389,7632.527,,
OECD-1990,OECD,1990,2.246,16.529,4654.016,,
OECD-1991,OECD,1991,2.359,17.355,4888.189,,
OECD-1992,OECD,1992,2.465,18.16,5140.929,,
OECD-1993,OECD,1993,2.564,18.658,5299.582,,
OECD-1994,OECD,1994,2.553,18.447,5392.981,,
OECD-1995,OECD,1995,2.842,18.168,5467.188,,
OECD-1996,OECD,1996,2.954,18.136,5554.455,,
OECD-1997,OECD,1997,3.078,17.844,5651.297,,
OECD-1998,OECD,1998,3.127,17.905,5854.349,,
OECD-1999,OECD,1999,3.062,17.814,6008.394,,
OECD-2000,OECD,2000,2.992,17.513,6085.876,,
OECD-2001,OECD,2001,2.976,17.726,6307.922,,
OECD-2002,OECD,2002,2.963,18.168,6592.674,,
OECD-2003,OECD,2003,2.986,18.531,6852.347,,
OECD-2004,OECD,2004,2.946,18.344,7003.41,,
OECD-2005,OECD,2005,2.921,18.279,7133.071,,
OECD-2006,OECD,2006,3.032,17.95,7195.08,,
OECD-2007,OECD,2007,3.14,17.781,7349.027,,
OECD-2008,OECD,2008,3.161,18.54,7611.67,,
OECD-2009,OECD,2009,3.432,20.756,8079.049,18.745,21.206
OECD-2010,OECD,2010,3.412,20.574,8146.117,,
OECD-2011,OECD,2011,3.474,20.162,8093.219,18.237,20.72
OECD-2012,OECD,2012,3.556,20.308,8147.346,,
OECD-2013,OECD,2013,3.57,20.392,8223.793,18.412,20.998
OECD-2014,OECD,2014,3.662,20.327,8328.192,,
OECD-2015,OECD,2015,3.707,20.234,8475.888,18.199,20.827
OECD-2016,OECD,2016,3.097,20.207,8595.78,,
OECD-2017,OECD,2017,3.151,19.938,8685.953,17.963,20.631
OECD-2018,OECD,2018,,19.809,,,
OECD-2019,OECD,2019,,20.031,,,
POL-1990,POL,1990,,14.209,1552.816,,
POL-1991,POL,1991,,20.508,2079.669,,
POL-1992,POL,1992,,24.068,2497.912,,
POL-1993,POL,1993,,23.562,2533.556,,
POL-1994,POL,1994,,22.487,2543.875,,
POL-1995,POL,1995,,21.832,2640.001,,
POL-1996,POL,1996,,22.022,2823.258,,
POL-1997,POL,1997,,21.512,2935.777,,
POL-1998,POL,1998,,20.812,2971.886,,
POL-1999,POL,1999,,21.153,3162.001,,
POL-2000,POL,2000,,20.217,3161.068,,
POL-2001,POL,2001,,21.749,3443.372,,
POL-2002,POL,2002,0.189,21.854,3532.362,,
POL-2003,POL,2003,0.194,21.993,3685.169,,
POL-2004,POL,2004,0.165,21.248,3744.623,,
POL-2005,POL,2005,0.208,20.896,3813.149,17.014,17.222
POL-2006,POL,2006,0.212,20.625,3999.176,,
POL-2007,POL,2007,0.213,19.525,4053.949,15.799,16.012
POL-2008,POL,2008,0.249,20.211,4374.877,,
POL-2009,POL,2009,0.263,21.304,4696.251,18.116,18.379
POL-2010,POL,2010,0.296,20.746,4734.039,,
POL-2011,POL,2011,0.322,19.556,4685.172,16.26,16.583
POL-2012,POL,2012,0.353,19.78,4814.173,,
POL-2013,POL,2013,0.387,20.476,5057.009,17.012,17.4
POL-2014,POL,2014,0.413,20.176,5150.798,,
POL-2015,POL,2015,0.488,20.23,5366.836,16.495,16.983
POL-2016,POL,2016,0.546,21.217,5805.48,,
POL-2017,POL,2017,0.534,20.8,5972.922,16.714,17.248
POL-2018,POL,2018,,20.601,,,
POL-2019,POL,2019,,21.336,,,
PRT-1990,PRT,1990,0.845,12.225,2742.453,,
PRT-1991,PRT,1991,0.893,13.104,3076.634,,
PRT-1992,PRT,1992,0.904,13.758,3266.745,,
PRT-1993,PRT,1993,1.061,15.12,3512.867,,
PRT-1994,PRT,1994,1.164,15.238,3565.891,,
PRT-1995,PRT,1995,1.114,16.019,3898.024,,
PRT-1996,PRT,1996,1.134,16.597,4164.627,,
PRT-1997,PRT,1997,1.145,16.443,4288.385,,
PRT-1998,PRT,1998,1.351,16.836,4578.676,,
PRT-1999,PRT,1999,1.407,17.243,4845.279,,
PRT-2000,PRT,2000,1.6,18.478,5352.581,,
PRT-2001,PRT,2001,1.702,18.957,5558.801,,
PRT-2002,PRT,2002,1.801,20.294,5963.927,,
PRT-2003,PRT,2003,1.813,21.339,6189.548,19.341,20.957
PRT-2004,PRT,2004,1.943,21.675,6383.872,,
PRT-2005,PRT,2005,1.984,22.303,6608.198,20.235,21.986
PRT-2006,PRT,2006,1.998,22.02,6618.255,,
PRT-2007,PRT,2007,1.927,21.73,6681.627,19.674,21.375
PRT-2008,PRT,2008,1.971,22.161,6826.173,,
PRT-2009,PRT,2009,1.94,24.55,7319.046,22.644,24.381
PRT-2010,PRT,2010,1.859,24.521,7434.031,,
PRT-2011,PRT,2011,1.99,24.402,7282.903,21.952,23.758
PRT-2012,PRT,2012,1.98,24.544,7056.727,,
PRT-2013,PRT,2013,2.001,25.543,7316.18,22.128,23.915
PRT-2014,PRT,2014,2.02,25.076,7278.472,,
PRT-2015,PRT,2015,2.32,24.049,7135.045,21.057,23.101
PRT-2016,PRT,2016,2.304,23.375,7097.541,,
PRT-2017,PRT,2017,2.529,22.662,7139.64,20.014,22.267
PRT-2018,PRT,2018,,22.521,,,
PRT-2019,PRT,2019,,22.606,,,
SVK-1995,SVK,1995,0.607,18.239,2521.234,,
SVK-1996,SVK,1996,0.572,17.859,2627.173,,
SVK-1997,SVK,1997,0.679,17.519,2724.928,,
SVK-1998,SVK,1998,0.948,17.635,2850.852,,
SVK-1999,SVK,1999,1.001,18.114,2922.499,,
SVK-2000,SVK,2000,0.799,17.462,2847.46,,
SVK-2001,SVK,2001,0.803,17.175,2903.171,15.876,16.537
SVK-2002,SVK,2002,0.892,17.321,3060.508,,
SVK-2003,SVK,2003,1.174,16.563,3087.11,15.518,16.417
SVK-2004,SVK,2004,1.343,15.848,3107.913,,
SVK-2005,SVK,2005,1.057,15.334,3203.511,13.832,14.704
SVK-2006,SVK,2006,1.131,15.009,3399.461,,
SVK-2007,SVK,2007,1.186,14.808,3713.501,13.86,14.874
SVK-2008,SVK,2008,1.288,14.889,3935.091,,
SVK-2009,SVK,2009,1.305,17.722,4418.518,16.759,17.885
SVK-2010,SVK,2010,1.348,17.423,4582.228,,
SVK-2011,SVK,2011,1.089,17.137,4663.638,16.02,16.959
SVK-2012,SVK,2012,1.226,17.244,4774.359,,
SVK-2013,SVK,2013,1.075,17.576,4892.75,16.465,17.394
SVK-2014,SVK,2014,0.994,17.654,5044.699,,
SVK-2015,SVK,2015,1.028,17.228,5156.678,16.02,16.89
SVK-2016,SVK,2016,1.013,17.566,5361.014,,
SVK-2017,SVK,2017,1.003,17.453,5481.433,16.207,17.05
SVK-2018,SVK,2018,,17.168,,,
SVK-2019,SVK,2019,,17.67,,,
SVN-1995,SVN,1995,,5.681,1142.886,,
SVN-1996,SVN,1996,0.032,21.925,4549.421,,
SVN-1997,SVN,1997,0.03,22.267,4862.374,,
SVN-1998,SVN,1998,0.028,22.342,5048.721,,
SVN-1999,SVN,1999,0.027,22.316,5308.144,,
SVN-2000,SVN,2000,0.026,22.095,5433.171,,
SVN-2001,SVN,2001,0.025,21.95,5563.835,,
SVN-2002,SVN,2002,0.024,22.32,5846.904,,
SVN-2003,SVN,2003,1.213,21.935,5912.54,,
SVN-2004,SVN,2004,1.167,21.551,6059.257,,
SVN-2005,SVN,2005,1.101,21.524,6270.431,,
SVN-2006,SVN,2006,1.164,21.126,6485.397,,
SVN-2007,SVN,2007,1.135,19.763,6455.005,,
SVN-2008,SVN,2008,1.104,19.88,6710.719,,
SVN-2009,SVN,2009,1.213,22.428,6931.711,19.695,20.782
SVN-2010,SVN,2010,1.194,23.355,7289.83,,
SVN-2011,SVN,2011,1.228,23.441,7365.265,20.113,21.221
SVN-2012,SVN,2012,1.358,23.473,7166.748,,
SVN-2013,SVN,2013,1.413,23.802,7182.696,20.259,21.587
SVN-2014,SVN,2014,1.352,23.094,7154.285,,
SVN-2015,SVN,2015,1.339,22.651,7166.974,19.323,20.57
SVN-2016,SVN,2016,1.299,22.291,7268.346,,
SVN-2017,SVN,2017,1.268,21.497,7344.125,18.452,19.618
SVN-2018,SVN,2018,,21.018,,,
SVN-2019,SVN,2019,,21.112,,,
SWE-1990,SWE,1990,1.14,26.853,8845.594,,
SWE-1991,SWE,1991,1.552,28.66,9269.985,,
SWE-1992,SWE,1992,1.412,32.205,10235.248,,
SWE-1993,SWE,1993,2.907,33.696,10426.914,,
SWE-1994,SWE,1994,2.611,32.517,10383.611,,
SWE-1995,SWE,1995,2.423,30.189,9966.988,23.461,24.994
SWE-1996,SWE,1996,2.352,29.717,9950.366,,
SWE-1997,SWE,1997,2.454,28.472,9820.432,22.305,23.859
SWE-1998,SWE,1998,2.484,28.172,10130.468,,
SWE-1999,SWE,1999,2.497,27.65,10356.895,21.74,23.323
SWE-2000,SWE,2000,2.426,26.464,10368.334,,
SWE-2001,SWE,2001,2.554,26.582,10537.295,21.244,22.845
SWE-2002,SWE,2002,2.683,27.253,11004.869,,
SWE-2003,SWE,2003,2.654,27.962,11508.909,22.031,23.724
SWE-2004,SWE,2004,2.576,27.458,11745.51,,
SWE-2005,SWE,2005,2.706,27.131,11889.679,21.396,23.113
SWE-2006,SWE,2006,2.661,26.456,12066.256,,
SWE-2007,SWE,2007,2.66,25.369,11880.065,20.365,22.064
SWE-2008,SWE,2008,3.038,25.409,11753.552,,
SWE-2009,SWE,2009,3.303,27.249,11955.008,22.143,24.31
SWE-2010,SWE,2010,3.217,25.907,11940.811,,
SWE-2011,SWE,2011,3.516,25.321,11952.946,21.038,23.424
SWE-2012,SWE,2012,3.674,26.33,12265.126,,
SWE-2013,SWE,2013,3.844,27.003,12620.519,22.437,25.074
SWE-2014,SWE,2014,3.784,26.638,12654.804,,
SWE-2015,SWE,2015,3.804,26.173,12855.064,21.917,24.536
SWE-2016,SWE,2016,3.766,26.59,13163.953,,
SWE-2017,SWE,2017,3.77,26.047,13049.199,21.781,24.354
SWE-2018,SWE,2018,,25.79,,,
SWE-2019,SWE,2019,,25.452,,,
TUR-1990,TUR,1990,,3.795,463.685,,
TUR-1991,TUR,1991,,4.057,491.998,,
TUR-1992,TUR,1992,,4.166,526.685,,
TUR-1993,TUR,1993,,3.973,533.969,,
TUR-1994,TUR,1994,,3.64,455.297,,
TUR-1995,TUR,1995,,3.365,444.182,,
TUR-1996,TUR,1996,,4.59,638.52,,
TUR-1997,TUR,1997,,4.845,714.05,,
TUR-1998,TUR,1998,,5.022,752.292,,
TUR-1999,TUR,1999,0.433,5.731,817.564,,
TUR-2000,TUR,2000,0.436,7.549,1132.208,,
TUR-2001,TUR,2001,0.459,8.228,1144.012,,
TUR-2002,TUR,2002,0.495,8.801,1285.873,,
TUR-2003,TUR,2003,0.499,9.76,1488.492,,
TUR-2004,TUR,2004,0.402,10.053,1661.349,,
TUR-2005,TUR,2005,0.399,10.087,1795.259,9.142,9.484
TUR-2006,TUR,2006,0.389,10.358,1950.056,,
TUR-2007,TUR,2007,0.387,10.907,2130.395,9.956,10.29
TUR-2008,TUR,2008,0.427,11.106,2159.876,,
TUR-2009,TUR,2009,0.276,13.022,2379.374,11.96,12.201
TUR-2010,TUR,2010,0.259,12.336,2408.468,,
TUR-2011,TUR,2011,0.233,11.858,2534.728,10.72,10.918
TUR-2012,TUR,2012,0.219,12.004,2654.714,,
TUR-2013,TUR,2013,0.208,11.804,2795.544,10.631,10.807
TUR-2014,TUR,2014,0.203,11.696,2875.029,,
TUR-2015,TUR,2015,0.204,11.572,2977.187,11.084,11.256
TUR-2016,TUR,2016,0.22,12.642,3310.179,,
TUR-2017,TUR,2017,0.207,12.105,3361.713,11.731,11.907
TUR-2018,TUR,2018,0.213,12.201,,,
TUR-2019,TUR,2019,,11.991,,,
USA-1990,USA,1990,7.897,13.197,5159.782,,
USA-1991,USA,1991,8.23,14.166,5488.554,,
USA-1992,USA,1992,8.497,14.847,5825.583,,
USA-1993,USA,1993,8.468,15.114,6025.612,15.496,22.542
USA-1994,USA,1994,8.475,15.06,6150.81,,
USA-1995,USA,1995,8.607,14.94,6210.851,15.491,22.473
USA-1996,USA,1996,8.914,14.748,6272.66,,
USA-1997,USA,1997,8.981,14.333,6281.912,14.855,22.204
USA-1998,USA,1998,8.892,14.381,6508.019,,
USA-1999,USA,1999,9.076,14.116,6611.523,14.567,22.034
USA-2000,USA,2000,9.222,14.119,6820.476,,
USA-2001,USA,2001,9.418,14.689,7146.109,15.739,23.335
USA-2002,USA,2002,9.815,15.529,7599.02,,
USA-2003,USA,2003,10.035,15.8,7858.194,17.019,25.21
USA-2004,USA,2004,10.077,15.665,7997.146,,
USA-2005,USA,2005,10.074,15.494,8118.163,16.693,24.896
USA-2006,USA,2006,10.312,15.543,8309.881,,
USA-2007,USA,2007,10.636,15.691,8484.736,16.785,25.384
USA-2008,USA,2008,10.488,16.3,8761.727,,
USA-2009,USA,2009,10.486,18.358,9590.195,19.547,28.105
USA-2010,USA,2010,11.224,19.095,10018.103,,
USA-2011,USA,2011,11.292,18.801,9966.236,20.076,29.256
USA-2012,USA,2012,11.612,18.533,9957.415,,
USA-2013,USA,2013,11.736,18.484,10053.486,20.346,29.027
USA-2014,USA,2014,11.903,18.47,10209.755,,
USA-2015,USA,2015,12.123,18.539,10467.368,20.424,29.446
USA-2016,USA,2016,12.18,18.646,10657.46,,
USA-2017,USA,2017,12.482,18.439,10699.625,20.269,29.643
USA-2018,USA,2018,12.595,18.19,10785.328,,
USA-2019,USA,2019,,18.71,,,
