LocationTime,LOCATION,TIME,Suicide_val_MEN,Suicide_val_TOT,Suicide_val_WOMEN
ARG-1990,ARG,1990,15.3,9.3,4.6
ARG-1991,ARG,1991,13.8,8.2,3.8
ARG-1992,ARG,1992,15.8,9.0,3.7
ARG-1993,ARG,1993,16.8,9.3,3.6
ARG-1994,ARG,1994,15.4,8.7,3.5
ARG-1995,ARG,1995,14.8,8.4,3.4
ARG-1996,ARG,1996,14.6,8.4,3.6
ARG-1997,ARG,1997,14.0,8.1,3.6
ARG-1998,ARG,1998,14.7,8.4,3.4
ARG-1999,ARG,1999,15.2,8.4,3.1
ARG-2000,ARG,2000,17.2,9.4,3.4
ARG-2001,ARG,2001,18.3,10.3,4.0
ARG-2002,ARG,2002,17.3,10.1,4.2
ARG-2003,ARG,2003,18.2,10.3,4.0
ARG-2004,ARG,2004,16.5,9.4,3.7
ARG-2005,ARG,2005,15.7,9.1,3.7
ARG-2006,ARG,2006,16.1,8.9,3.2
ARG-2007,ARG,2007,14.8,8.3,3.1
ARG-2008,ARG,2008,15.1,8.5,3.2
ARG-2009,ARG,2009,13.9,7.9,3.0
ARG-2010,ARG,2010,14.1,7.9,2.9
ARG-2011,ARG,2011,13.3,7.6,2.8
ARG-2012,ARG,2012,14.8,8.4,3.1
ARG-2013,ARG,2013,13.1,7.6,2.8
ARG-2014,ARG,2014,14.0,8.1,3.2
ARG-2015,ARG,2015,14.0,7.9,2.9
ARG-2016,ARG,2016,13.6,7.6,2.6
ARG-2017,ARG,2017,13.7,7.8,2.9
ARG-2018,ARG,2018,14.2,8.0,2.7
ARG-2019,ARG,2019,14.0,7.8,2.6
AUS-1990,AUS,1990,22.3,13.6,5.5
AUS-1991,AUS,1991,22.6,13.9,5.9
AUS-1992,AUS,1992,21.7,13.5,5.7
AUS-1993,AUS,1993,20.0,12.1,4.7
AUS-1994,AUS,1994,22.3,13.3,4.9
AUS-1995,AUS,1995,19.9,12.3,5.2
AUS-1996,AUS,1996,22.7,13.6,5.1
AUS-1997,AUS,1997,23.5,14.6,6.2
AUS-1998,AUS,1998,23.2,14.2,5.7
AUS-1999,AUS,1999,22.2,13.4,5.2
AUS-2000,AUS,2000,20.6,12.7,5.3
AUS-2001,AUS,2001,20.8,12.9,5.4
AUS-2002,AUS,2002,19.1,12.0,5.2
AUS-2003,AUS,2003,17.6,11.0,4.8
AUS-2004,AUS,2004,17.5,10.7,4.4
AUS-2006,AUS,2006,16.7,10.6,4.9
AUS-2007,AUS,2007,16.7,10.7,5.1
AUS-2008,AUS,2008,17.7,11.1,4.7
AUS-2009,AUS,2009,16.9,10.8,5.1
AUS-2010,AUS,2010,17.3,11.0,4.9
AUS-2011,AUS,2011,16.8,10.9,5.2
AUS-2012,AUS,2012,17.7,11.5,5.7
AUS-2013,AUS,2013,17.5,11.5,5.8
AUS-2014,AUS,2014,19.5,12.6,6.1
AUS-2015,AUS,2015,20.3,13.2,6.4
AUS-2016,AUS,2016,18.6,12.2,6.1
AUS-2017,AUS,2017,20.6,13.6,6.8
AUS-2018,AUS,2018,20.1,13.0,6.1
AUS-2019,AUS,2019,20.4,13.3,6.4
AUS-2020,AUS,2020,19.2,12.4,5.9
AUT-1990,AUT,1990,39.6,24.7,13.4
AUT-1991,AUT,1991,39.8,23.6,11.6
AUT-1992,AUT,1992,38.9,23.4,11.8
AUT-1993,AUT,1993,38.0,22.4,11.0
AUT-1994,AUT,1994,38.2,23.2,11.8
AUT-1995,AUT,1995,39.0,23.1,10.8
AUT-1996,AUT,1996,39.7,23.1,10.5
AUT-1997,AUT,1997,34.1,20.4,9.8
AUT-1998,AUT,1998,34.6,20.1,9.0
AUT-1999,AUT,1999,32.3,19.9,10.1
AUT-2000,AUT,2000,33.1,20.1,10.1
AUT-2001,AUT,2001,30.2,18.6,9.3
AUT-2002,AUT,2002,33.4,19.2,8.3
AUT-2003,AUT,2003,30.1,18.0,8.8
AUT-2004,AUT,2004,29.9,17.3,7.7
AUT-2005,AUT,2005,28.2,16.8,7.7
AUT-2006,AUT,2006,26.0,15.2,6.4
AUT-2007,AUT,2007,25.2,15.1,6.8
AUT-2008,AUT,2008,24.7,14.6,6.5
AUT-2009,AUT,2009,24.6,14.6,6.5
AUT-2010,AUT,2010,24.2,14.4,6.3
AUT-2011,AUT,2011,24.2,14.6,6.7
AUT-2012,AUT,2012,24.0,14.2,6.0
AUT-2013,AUT,2013,23.3,14.2,6.7
AUT-2014,AUT,2014,23.5,14.3,6.6
AUT-2015,AUT,2015,22.3,13.4,5.9
AUT-2016,AUT,2016,20.8,12.7,6.0
AUT-2017,AUT,2017,21.8,12.8,5.2
AUT-2018,AUT,2018,21.4,12.5,5.1
AUT-2019,AUT,2019,19.2,11.4,4.8
AUT-2020,AUT,2020,18.2,10.8,4.6
BEL-1990,BEL,1990,30.3,19.8,11.7
BEL-1991,BEL,1991,29.4,18.6,10.4
BEL-1992,BEL,1992,29.3,19.2,11.1
BEL-1993,BEL,1993,34.4,21.8,11.5
BEL-1994,BEL,1994,34.3,21.5,11.4
BEL-1995,BEL,1995,33.6,21.6,11.5
BEL-1996,BEL,1996,31.5,20.0,10.6
BEL-1997,BEL,1997,33.4,21.4,11.5
BEL-1998,BEL,1998,31.4,20.0,10.6
BEL-1999,BEL,1999,28.5,18.2,9.3
BEL-2000,BEL,2000,31.8,20.9,11.7
BEL-2001,BEL,2001,32.6,21.0,10.8
BEL-2002,BEL,2002,30.6,20.0,10.8
BEL-2003,BEL,2003,31.4,20.1,10.4
BEL-2004,BEL,2004,29.0,18.8,9.8
BEL-2005,BEL,2005,29.3,19.1,10.0
BEL-2006,BEL,2006,27.2,18.1,9.8
BEL-2007,BEL,2007,25.6,17.1,9.6
BEL-2008,BEL,2008,27.9,18.3,9.8
BEL-2009,BEL,2009,27.6,18.3,9.8
BEL-2010,BEL,2010,27.4,18.2,9.9
BEL-2011,BEL,2011,27.7,18.6,10.5
BEL-2012,BEL,2012,27.4,17.9,9.3
BEL-2013,BEL,2013,24.8,16.6,9.1
BEL-2014,BEL,2014,24.3,16.5,9.4
BEL-2015,BEL,2015,23.6,16.2,9.2
BEL-2016,BEL,2016,24.3,16.3,9.1
BEL-2017,BEL,2017,22.0,14.8,8.2
BEL-2018,BEL,2018,22.6,15.2,8.4
BGR-1990,BGR,1990,25.7,17.2,9.9
BGR-1991,BGR,1991,28.4,17.7,8.8
BGR-1992,BGR,1992,31.6,20.2,10.3
BGR-1993,BGR,1993,28.2,18.9,10.8
BGR-1994,BGR,1994,29.6,19.0,10.1
BGR-1995,BGR,1995,28.3,18.4,9.9
BGR-1996,BGR,1996,31.8,19.9,10.0
BGR-1997,BGR,1997,28.8,19.0,11.0
BGR-1998,BGR,1998,31.5,20.2,11.0
BGR-1999,BGR,1999,27.8,17.0,8.1
BGR-2000,BGR,2000,28.6,18.0,9.2
BGR-2001,BGR,2001,26.8,16.9,8.6
BGR-2002,BGR,2002,28.1,17.1,8.0
BGR-2003,BGR,2003,23.2,14.3,7.1
BGR-2004,BGR,2004,21.3,13.0,6.1
BGR-2005,BGR,2005,20.2,12.6,6.2
BGR-2006,BGR,2006,21.5,12.5,5.2
BGR-2007,BGR,2007,18.7,11.4,5.5
BGR-2008,BGR,2008,19.5,11.9,5.6
BGR-2009,BGR,2009,18.4,11.0,4.8
BGR-2010,BGR,2010,18.4,10.9,4.8
BGR-2011,BGR,2011,16.7,9.8,3.7
BGR-2012,BGR,2012,18.8,11.1,4.7
BGR-2013,BGR,2013,15.9,9.2,3.5
BGR-2014,BGR,2014,15.5,9.2,3.9
BGR-2015,BGR,2015,14.5,8.7,3.7
BGR-2016,BGR,2016,14.6,8.6,3.7
BGR-2017,BGR,2017,15.3,8.9,3.8
BGR-2018,BGR,2018,13.9,8.3,3.6
BGR-2019,BGR,2019,12.8,7.4,2.9
BRA-1990,BRA,1990,7.7,4.8,2.2
BRA-1991,BRA,1991,8.3,5.1,2.2
BRA-1992,BRA,1992,8.2,4.9,2.0
BRA-1993,BRA,1993,8.1,4.9,1.9
BRA-1994,BRA,1994,8.5,5.1,2.0
BRA-1995,BRA,1995,9.3,5.5,2.2
BRA-1996,BRA,1996,9.4,5.6,2.2
BRA-1997,BRA,1997,9.4,5.5,2.1
BRA-1998,BRA,1998,9.3,5.5,2.1
BRA-1999,BRA,1999,8.5,4.9,1.7
BRA-2000,BRA,2000,8.7,5.1,1.9
BRA-2001,BRA,2001,9.4,5.5,2.0
BRA-2002,BRA,2002,8.8,5.3,2.1
BRA-2003,BRA,2003,8.9,5.2,1.9
BRA-2004,BRA,2004,8.9,5.3,2.0
BRA-2005,BRA,2005,9.5,5.6,2.1
BRA-2006,BRA,2006,9.2,5.4,2.1
BRA-2007,BRA,2007,9.3,5.5,2.1
BRA-2008,BRA,2008,9.4,5.6,2.2
BRA-2009,BRA,2009,9.5,5.6,2.1
BRA-2010,BRA,2010,9.2,5.6,2.3
BRA-2011,BRA,2011,9.5,5.7,2.3
BRA-2012,BRA,2012,9.7,5.9,2.4
BRA-2013,BRA,2013,9.8,5.9,2.4
BRA-2014,BRA,2014,9.8,5.8,2.3
BRA-2015,BRA,2015,10.2,6.1,2.5
BRA-2016,BRA,2016,10.3,6.1,2.4
BRA-2017,BRA,2017,10.9,6.5,2.6
BRA-2018,BRA,2018,10.8,6.5,2.6
BRA-2019,BRA,2019,11.1,6.7,2.7
CAN-1990,CAN,1990,21.3,12.9,5.3
CAN-1991,CAN,1991,22.3,13.4,5.3
CAN-1992,CAN,1992,21.5,13.3,5.7
CAN-1993,CAN,1993,21.7,13.4,5.6
CAN-1994,CAN,1994,21.3,13.1,5.4
CAN-1995,CAN,1995,22.0,13.5,5.6
CAN-1996,CAN,1996,21.8,13.4,5.7
CAN-1997,CAN,1997,20.3,12.4,5.1
CAN-1998,CAN,1998,20.1,12.3,5.1
CAN-1999,CAN,1999,21.6,13.3,5.5
CAN-2000,CAN,2000,18.5,11.6,5.1
CAN-2001,CAN,2001,18.8,11.8,5.2
CAN-2002,CAN,2002,18.7,11.6,5.0
CAN-2003,CAN,2003,18.7,11.8,5.3
CAN-2004,CAN,2004,17.3,11.2,5.4
CAN-2005,CAN,2005,17.7,11.3,5.3
CAN-2006,CAN,2006,17.5,11.0,5.0
CAN-2007,CAN,2007,16.5,10.7,5.1
CAN-2008,CAN,2008,16.7,10.9,5.3
CAN-2009,CAN,2009,17.7,11.2,5.1
CAN-2010,CAN,2010,17.4,11.3,5.5
CAN-2011,CAN,2011,16.9,10.9,5.4
CAN-2012,CAN,2012,16.9,11.0,5.3
CAN-2013,CAN,2013,17.2,11.2,5.6
CAN-2014,CAN,2014,17.7,11.7,6.0
CAN-2015,CAN,2015,18.1,12.0,6.2
CAN-2016,CAN,2016,16.1,10.7,5.6
CAN-2017,CAN,2017,16.9,11.1,5.5
CAN-2018,CAN,2018,15.4,10.1,4.9
CAN-2019,CAN,2019,16.2,10.5,5.0
CHE-1990,CHE,1990,34.2,22.4,12.7
CHE-1991,CHE,1991,37.1,23.2,11.7
CHE-1992,CHE,1992,33.4,21.2,10.8
CHE-1993,CHE,1993,32.1,20.8,11.4
CHE-1994,CHE,1994,33.8,21.9,12.2
CHE-1995,CHE,1995,32.3,20.7,11.2
CHE-1996,CHE,1996,31.5,20.7,11.6
CHE-1997,CHE,1997,29.7,19.2,10.1
CHE-1998,CHE,1998,31.3,19.6,9.7
CHE-1999,CHE,1999,28.4,18.3,9.8
CHE-2000,CHE,2000,29.5,19.2,10.6
CHE-2001,CHE,2001,28.5,18.6,10.2
CHE-2002,CHE,2002,29.0,19.7,11.9
CHE-2003,CHE,2003,25.0,17.2,10.6
CHE-2004,CHE,2004,25.0,17.2,10.8
CHE-2005,CHE,2005,25.9,17.2,9.9
CHE-2006,CHE,2006,24.4,17.1,10.9
CHE-2007,CHE,2007,25.9,17.5,10.6
CHE-2008,CHE,2008,23.6,16.7,10.8
CHE-2009,CHE,2009,21.8,13.8,6.7
CHE-2010,CHE,2010,18.7,12.3,6.8
CHE-2011,CHE,2011,19.4,12.5,6.5
CHE-2012,CHE,2012,19.0,12.4,6.6
CHE-2013,CHE,2013,19.6,12.6,6.5
CHE-2014,CHE,2014,18.4,11.9,6.2
CHE-2015,CHE,2015,19.1,12.3,6.2
CHE-2016,CHE,2016,17.9,11.5,5.7
CHE-2017,CHE,2017,18.0,11.6,6.0
CHE-2018,CHE,2018,16.5,11.1,6.3
CHE-2019,CHE,2019,16.9,11.1,5.9
CHL-1990,CHL,1990,13.3,7.2,1.9
CHL-1991,CHL,1991,13.4,7.3,2.2
CHL-1992,CHL,1992,11.2,6.0,1.5
CHL-1993,CHL,1993,13.2,6.9,1.8
CHL-1994,CHL,1994,13.5,7.1,1.6
CHL-1995,CHL,1995,15.1,8.1,2.1
CHL-1996,CHL,1996,14.2,7.6,1.9
CHL-1997,CHL,1997,13.9,7.4,1.9
CHL-1998,CHL,1998,15.7,8.3,1.9
CHL-1999,CHL,1999,15.6,8.3,2.0
CHL-2000,CHL,2000,21.0,11.3,2.9
CHL-2001,CHL,2001,21.9,11.9,2.9
CHL-2002,CHL,2002,20.8,11.6,3.5
CHL-2003,CHL,2003,21.3,11.9,3.4
CHL-2004,CHL,2004,21.6,11.9,3.3
CHL-2005,CHL,2005,20.1,11.4,3.5
CHL-2006,CHL,2006,21.3,11.9,3.6
CHL-2007,CHL,2007,20.5,11.9,4.2
CHL-2008,CHL,2008,22.3,13.2,4.9
CHL-2009,CHL,2009,22.8,13.4,5.0
CHL-2010,CHL,2010,21.2,12.3,4.4
CHL-2011,CHL,2011,21.5,12.5,4.3
CHL-2012,CHL,2012,19.4,11.2,3.8
CHL-2013,CHL,2013,18.0,10.5,3.6
CHL-2014,CHL,2014,18.4,10.6,3.5
CHL-2015,CHL,2015,18.2,10.9,4.3
CHL-2016,CHL,2016,18.6,10.6,3.4
CHL-2017,CHL,2017,18.5,10.5,3.3
CHL-2018,CHL,2018,17.3,10.0,3.3
COL-1990,COL,1990,6.5,3.6,1.2
COL-1991,COL,1991,6.4,3.7,1.3
COL-1992,COL,1992,7.2,4.1,1.3
COL-1993,COL,1993,7.4,4.2,1.3
COL-1994,COL,1994,8.1,4.5,1.5
COL-1995,COL,1995,7.4,4.2,1.5
COL-1996,COL,1996,7.7,4.3,1.4
COL-1997,COL,1997,7.3,4.1,1.4
COL-1998,COL,1998,12.5,6.9,2.4
COL-1999,COL,1999,11.7,6.5,2.2
COL-2000,COL,2000,11.9,6.8,2.4
COL-2001,COL,2001,11.9,6.8,2.3
COL-2002,COL,2002,10.7,6.3,2.4
COL-2003,COL,2003,10.5,6.1,2.4
COL-2004,COL,2004,11.2,6.3,2.1
COL-2005,COL,2005,10.1,5.8,2.0
COL-2006,COL,2006,10.0,5.7,1.9
COL-2007,COL,2007,9.8,5.5,1.7
COL-2008,COL,2008,9.8,5.5,1.8
COL-2009,COL,2009,9.7,5.5,1.8
COL-2010,COL,2010,8.9,5.0,1.5
COL-2011,COL,2011,8.5,4.8,1.5
COL-2012,COL,2012,8.7,4.9,1.5
COL-2013,COL,2013,8.3,4.7,1.6
COL-2014,COL,2014,8.7,4.9,1.4
COL-2015,COL,2015,9.2,5.3,1.9
COL-2016,COL,2016,9.6,5.4,1.6
COL-2017,COL,2017,10.0,5.7,1.9
COL-2018,COL,2018,10.7,6.0,1.8
COL-2019,COL,2019,10.2,5.9,2.1
CRI-1990,CRI,1990,14.2,7.6,1.5
CRI-1991,CRI,1991,12.7,6.6,1.1
CRI-1992,CRI,1992,13.3,7.1,1.6
CRI-1993,CRI,1993,13.5,7.5,2.0
CRI-1994,CRI,1994,12.2,6.9,1.9
CRI-1995,CRI,1995,12.2,7.4,2.7
CRI-1996,CRI,1996,13.1,7.0,1.3
CRI-1997,CRI,1997,11.3,6.3,1.6
CRI-1998,CRI,1998,13.1,7.1,1.3
CRI-1999,CRI,1999,13.3,7.1,1.2
CRI-2000,CRI,2000,13.8,7.5,1.6
CRI-2001,CRI,2001,12.6,6.7,1.5
CRI-2002,CRI,2002,15.0,8.2,1.9
CRI-2003,CRI,2003,16.4,9.0,2.2
CRI-2004,CRI,2004,15.9,8.9,2.2
CRI-2005,CRI,2005,13.0,7.3,1.8
CRI-2006,CRI,2006,15.0,8.7,2.5
CRI-2007,CRI,2007,11.1,6.4,1.8
CRI-2008,CRI,2008,11.2,6.4,1.6
CRI-2009,CRI,2009,11.7,6.6,1.8
CRI-2010,CRI,2010,12.6,7.2,1.9
CRI-2011,CRI,2011,12.2,7.2,2.3
CRI-2012,CRI,2012,11.9,6.8,1.8
CRI-2013,CRI,2013,12.8,7.1,1.6
CRI-2014,CRI,2014,10.0,5.9,1.9
CRI-2015,CRI,2015,11.6,6.7,2.1
CRI-2016,CRI,2016,12.0,7.0,2.1
CRI-2017,CRI,2017,9.3,5.7,2.2
CRI-2018,CRI,2018,13.0,7.9,3.0
CRI-2019,CRI,2019,13.8,7.8,2.0
CRI-2020,CRI,2020,11.3,7.0,2.8
CZE-1990,CZE,1990,36.8,22.3,11.5
CZE-1991,CZE,1991,34.2,20.8,10.4
CZE-1992,CZE,1992,36.0,21.4,10.1
CZE-1993,CZE,1993,33.8,20.6,10.1
CZE-1994,CZE,1994,32.0,19.8,10.4
CZE-1995,CZE,1995,29.6,18.2,8.9
CZE-1996,CZE,1996,28.1,16.3,7.0
CZE-1997,CZE,1997,29.4,17.0,6.9
CZE-1998,CZE,1998,28.0,16.4,6.7
CZE-1999,CZE,1999,29.2,16.4,6.3
CZE-2000,CZE,2000,28.3,16.5,6.6
CZE-2001,CZE,2001,28.5,16.1,6.1
CZE-2002,CZE,2002,26.6,15.3,6.1
CZE-2003,CZE,2003,30.1,17.1,6.6
CZE-2004,CZE,2004,27.3,15.4,5.4
CZE-2005,CZE,2005,26.6,15.2,5.4
CZE-2006,CZE,2006,23.7,13.4,4.7
CZE-2007,CZE,2007,23.1,13.1,4.2
CZE-2008,CZE,2008,22.9,13.0,4.6
CZE-2009,CZE,2009,24.5,13.6,4.2
CZE-2010,CZE,2010,24.6,13.9,4.6
CZE-2011,CZE,2011,26.0,14.7,4.5
CZE-2012,CZE,2012,26.8,15.2,4.9
CZE-2013,CZE,2013,25.3,14.5,5.0
CZE-2014,CZE,2014,23.3,13.7,5.1
CZE-2015,CZE,2015,21.8,12.6,4.6
CZE-2016,CZE,2016,20.5,12.0,4.6
CZE-2017,CZE,2017,21.3,12.8,5.1
CZE-2018,CZE,2018,21.1,12.3,4.4
CZE-2019,CZE,2019,17.9,10.7,4.2
CZE-2020,CZE,2020,19.2,10.9,3.7
DEU-1990,DEU,1990,27.8,17.7,10.0
DEU-1991,DEU,1991,27.8,17.7,10.0
DEU-1992,DEU,1992,26.6,16.8,9.3
DEU-1993,DEU,1993,25.4,15.8,8.4
DEU-1994,DEU,1994,25.3,15.7,8.1
DEU-1995,DEU,1995,25.5,15.8,8.2
DEU-1996,DEU,1996,23.9,14.9,7.8
DEU-1997,DEU,1997,23.9,14.8,7.6
DEU-1998,DEU,1998,23.2,14.1,6.8
DEU-1999,DEU,1999,21.5,13.4,6.8
DEU-2000,DEU,2000,21.6,13.2,6.5
DEU-2001,DEU,2001,21.4,13.2,6.5
DEU-2002,DEU,2002,21.1,13.1,6.6
DEU-2003,DEU,2003,21.1,13.0,6.4
DEU-2004,DEU,2004,20.2,12.4,5.9
DEU-2005,DEU,2005,19.0,11.8,5.8
DEU-2006,DEU,2006,17.9,11.1,5.4
DEU-2007,DEU,2007,17.1,10.6,5.0
DEU-2008,DEU,2008,17.1,10.6,5.1
DEU-2009,DEU,2009,17.3,10.7,5.0
DEU-2010,DEU,2010,17.9,11.2,5.3
DEU-2011,DEU,2011,18.1,11.2,5.2
DEU-2012,DEU,2012,17.1,10.8,5.4
DEU-2013,DEU,2013,17.8,11.2,5.5
DEU-2014,DEU,2014,17.9,11.2,5.4
DEU-2015,DEU,2015,17.2,10.9,5.6
DEU-2016,DEU,2016,16.9,10.6,5.1
DEU-2017,DEU,2017,15.9,9.9,4.6
DEU-2018,DEU,2018,16.0,10.0,4.6
DEU-2019,DEU,2019,15.3,9.6,4.4
DEU-2020,DEU,2020,15.4,9.7,4.6
DNK-1990,DNK,1990,34.6,25.0,16.6
DNK-1991,DNK,1991,32.2,23.2,15.3
DNK-1992,DNK,1992,31.5,22.8,15.3
DNK-1993,DNK,1993,31.3,23.0,15.6
DNK-1994,DNK,1994,28.3,19.6,11.8
DNK-1995,DNK,1995,26.1,18.1,11.2
DNK-1996,DNK,1996,26.3,17.4,9.7
DNK-1997,DNK,1997,23.5,15.9,9.6
DNK-1998,DNK,1998,22.0,14.6,8.1
DNK-1999,DNK,1999,22.7,14.6,7.4
DNK-2000,DNK,2000,21.7,13.9,7.0
DNK-2001,DNK,2001,20.5,13.8,8.0
DNK-2002,DNK,2002,20.3,13.0,6.6
DNK-2003,DNK,2003,19.2,11.9,5.6
DNK-2004,DNK,2004,18.6,12.3,7.0
DNK-2005,DNK,2005,18.3,11.8,6.2
DNK-2006,DNK,2006,18.8,12.0,6.3
DNK-2007,DNK,2007,15.6,10.6,6.3
DNK-2008,DNK,2008,16.2,11.0,6.5
DNK-2009,DNK,2009,17.9,11.2,4.9
DNK-2010,DNK,2010,15.3,10.1,5.5
DNK-2011,DNK,2011,16.1,10.5,5.2
DNK-2012,DNK,2012,18.1,11.6,5.6
DNK-2013,DNK,2013,16.4,10.6,5.5
DNK-2014,DNK,2014,16.8,11.0,5.4
DNK-2015,DNK,2015,13.9,9.7,5.8
DNK-2016,DNK,2016,15.3,9.9,4.8
DNK-2017,DNK,2017,14.6,9.8,5.4
DNK-2018,DNK,2018,14.6,9.7,5.1
ESP-1990,ESP,1990,13.5,8.4,4.3
ESP-1991,ESP,1991,13.1,8.1,4.1
ESP-1992,ESP,1992,12.9,7.7,3.5
ESP-1993,ESP,1993,13.7,8.3,3.8
ESP-1994,ESP,1994,14.3,8.5,3.7
ESP-1995,ESP,1995,13.9,8.3,3.8
ESP-1996,ESP,1996,14.1,8.7,4.3
ESP-1997,ESP,1997,14.4,8.8,4.1
ESP-1998,ESP,1998,14.0,8.3,3.7
ESP-1999,ESP,1999,13.4,8.1,3.8
ESP-2000,ESP,2000,13.8,8.3,3.8
ESP-2001,ESP,2001,12.8,7.7,3.5
ESP-2002,ESP,2002,13.1,8.0,3.7
ESP-2003,ESP,2003,13.3,8.1,3.7
ESP-2004,ESP,2004,12.9,8.0,3.8
ESP-2005,ESP,2005,12.3,7.6,3.5
ESP-2006,ESP,2006,11.8,7.1,3.1
ESP-2007,ESP,2007,11.4,7.0,3.3
ESP-2008,ESP,2008,12.0,7.3,3.2
ESP-2009,ESP,2009,11.9,7.2,3.1
ESP-2010,ESP,2010,10.9,6.5,2.8
ESP-2011,ESP,2011,10.6,6.5,2.9
ESP-2012,ESP,2012,11.6,7.1,3.2
ESP-2013,ESP,2013,12.3,7.8,3.8
ESP-2014,ESP,2014,12.4,7.8,3.8
ESP-2015,ESP,2015,11.3,7.2,3.6
ESP-2016,ESP,2016,11.1,7.1,3.5
ESP-2017,ESP,2017,11.2,7.2,3.7
ESP-2018,ESP,2018,10.8,6.9,3.5
ESP-2019,ESP,2019,11.3,7.1,3.4
ESP-2020,ESP,2020,11.8,7.5,3.7
EST-1990,EST,1990,49.5,30.3,15.2
EST-1991,EST,1991,53.0,30.2,13.6
EST-1992,EST,1992,61.1,35.3,15.6
EST-1993,EST,1993,75.4,41.7,16.0
EST-1994,EST,1994,81.0,44.5,15.4
EST-1995,EST,1995,78.1,43.7,16.6
EST-1996,EST,1996,77.9,41.9,15.0
EST-1997,EST,1997,75.7,39.4,12.1
EST-1998,EST,1998,68.9,36.0,10.9
EST-1999,EST,1999,66.7,35.5,12.3
EST-2000,EST,2000,48.4,27.5,11.2
EST-2001,EST,2001,51.2,29.8,11.3
EST-2002,EST,2002,49.5,27.3,9.7
EST-2003,EST,2003,45.6,25.0,8.6
EST-2004,EST,2004,44.0,24.0,8.0
EST-2005,EST,2005,36.3,20.1,6.8
EST-2006,EST,2006,30.9,17.8,6.9
EST-2007,EST,2007,36.6,18.8,5.8
EST-2008,EST,2008,31.5,17.7,6.9
EST-2009,EST,2009,36.4,19.8,6.3
EST-2010,EST,2010,29.6,16.2,5.3
EST-2011,EST,2011,29.5,15.7,5.2
EST-2012,EST,2012,31.8,17.2,5.5
EST-2013,EST,2013,29.3,15.9,5.6
EST-2014,EST,2014,32.6,17.7,6.2
EST-2015,EST,2015,27.0,14.5,4.6
EST-2016,EST,2016,24.4,13.3,4.7
EST-2017,EST,2017,28.4,16.5,6.9
EST-2018,EST,2018,25.1,14.0,5.5
EST-2019,EST,2019,24.5,14.1,5.3
EST-2020,EST,2020,26.9,15.2,6.2
FIN-1990,FIN,1990,51.6,30.6,12.5
FIN-1991,FIN,1991,51.0,30.2,12.0
FIN-1992,FIN,1992,48.2,28.9,11.5
FIN-1993,FIN,1993,46.6,27.8,11.4
FIN-1994,FIN,1994,44.9,27.4,11.9
FIN-1995,FIN,1995,44.4,27.3,11.9
FIN-1996,FIN,1996,39.3,24.3,10.8
FIN-1997,FIN,1997,42.4,25.8,10.7
FIN-1998,FIN,1998,39.7,23.9,10.1
FIN-1999,FIN,1999,38.9,23.4,9.6
FIN-2000,FIN,2000,34.9,22.4,11.0
FIN-2001,FIN,2001,37.1,23.1,10.0
FIN-2002,FIN,2002,33.4,21.0,10.1
FIN-2003,FIN,2003,32.3,20.4,9.6
FIN-2004,FIN,2004,32.3,20.3,9.4
FIN-2005,FIN,2005,28.6,18.6,9.9
FIN-2006,FIN,2006,31.1,19.9,9.4
FIN-2007,FIN,2007,29.0,18.5,8.9
FIN-2008,FIN,2008,30.7,19.3,8.6
FIN-2009,FIN,2009,29.1,19.1,9.9
FIN-2010,FIN,2010,27.2,17.6,8.5
FIN-2011,FIN,2011,26.8,16.6,7.2
FIN-2012,FIN,2012,24.6,15.9,7.7
FIN-2013,FIN,2013,24.9,16.1,7.9
FIN-2014,FIN,2014,22.3,14.3,6.8
FIN-2016,FIN,2016,22.6,14.1,6.1
FIN-2017,FIN,2017,22.3,14.8,7.5
FIN-2018,FIN,2018,22.4,14.4,6.9
FIN-2019,FIN,2019,20.6,13.4,6.4
FRA-1990,FRA,1990,34.1,21.5,11.5
FRA-1991,FRA,1991,33.5,21.4,11.6
FRA-1992,FRA,1992,34.0,21.4,11.2
FRA-1993,FRA,1993,35.0,22.2,11.8
FRA-1994,FRA,1994,34.6,21.6,10.9
FRA-1995,FRA,1995,33.3,21.0,10.9
FRA-1996,FRA,1996,31.3,19.9,10.5
FRA-1997,FRA,1997,30.9,19.5,10.2
FRA-1998,FRA,1998,30.0,18.6,9.3
FRA-1999,FRA,1999,28.5,18.0,9.5
FRA-2000,FRA,2000,30.3,18.8,9.4
FRA-2001,FRA,2001,28.8,18.0,9.1
FRA-2002,FRA,2002,28.7,18.1,9.4
FRA-2003,FRA,2003,29.5,18.3,9.1
FRA-2004,FRA,2004,28.4,18.0,9.4
FRA-2005,FRA,2005,28.0,17.7,9.1
FRA-2006,FRA,2006,26.9,17.0,8.7
FRA-2007,FRA,2007,26.0,16.3,8.3
FRA-2008,FRA,2008,26.4,16.5,8.3
FRA-2009,FRA,2009,26.6,16.7,8.2
FRA-2010,FRA,2010,26.0,16.3,8.2
FRA-2011,FRA,2011,26.2,16.2,7.7
FRA-2012,FRA,2012,24.4,15.1,7.1
FRA-2013,FRA,2013,23.9,14.8,6.9
FRA-2014,FRA,2014,21.9,13.5,6.4
FRA-2015,FRA,2015,22.6,13.6,6.0
FRA-2016,FRA,2016,20.9,12.7,5.6
FRA-2017,FRA,2017,17.6,12.3,6.5
GBR-1990,GBR,1990,13.2,8.3,3.9
GBR-1991,GBR,1991,12.9,8.1,3.6
GBR-1992,GBR,1992,13.0,8.2,3.6
GBR-1993,GBR,1993,12.5,7.8,3.5
GBR-1994,GBR,1994,12.2,7.6,3.3
GBR-1995,GBR,1995,12.0,7.5,3.2
GBR-1996,GBR,1996,11.3,7.2,3.3
GBR-1997,GBR,1997,11.3,7.1,3.2
GBR-1998,GBR,1998,11.9,7.5,3.3
GBR-1999,GBR,1999,12.0,7.6,3.3
GBR-2001,GBR,2001,11.3,7.1,3.1
GBR-2002,GBR,2002,11.1,7.0,3.1
GBR-2003,GBR,2003,10.7,6.7,3.0
GBR-2004,GBR,2004,11.0,7.0,3.3
GBR-2005,GBR,2005,10.5,6.7,3.2
GBR-2006,GBR,2006,10.8,6.8,3.0
GBR-2007,GBR,2007,10.2,6.4,2.8
GBR-2008,GBR,2008,11.1,7.0,3.1
GBR-2009,GBR,2009,11.0,6.9,2.9
GBR-2010,GBR,2010,10.6,6.7,3.0
GBR-2011,GBR,2011,11.2,7.0,3.0
GBR-2012,GBR,2012,11.4,7.0,2.9
GBR-2013,GBR,2013,12.3,7.6,3.0
GBR-2014,GBR,2014,11.8,7.5,3.3
GBR-2015,GBR,2015,11.8,7.6,3.6
GBR-2016,GBR,2016,11.5,7.4,3.3
GBR-2017,GBR,2017,11.2,7.1,3.2
GBR-2018,GBR,2018,12.6,8.1,3.8
GBR-2019,GBR,2019,13.5,8.6,4.0
GBR-2020,GBR,2020,12.9,8.4,4.0
GRC-1990,GRC,1990,5.9,3.6,1.6
GRC-1991,GRC,1991,6.5,3.9,1.7
GRC-1992,GRC,1992,6.0,3.6,1.4
GRC-1993,GRC,1993,6.4,4.1,2.0
GRC-1994,GRC,1994,5.8,3.5,1.4
GRC-1995,GRC,1995,6.3,3.6,1.2
GRC-1996,GRC,1996,5.8,3.4,1.2
GRC-1997,GRC,1997,6.2,3.5,1.0
GRC-1998,GRC,1998,6.2,3.8,1.6
GRC-1999,GRC,1999,5.8,3.5,1.5
GRC-2000,GRC,2000,5.6,3.5,1.5
GRC-2001,GRC,2001,5.3,3.0,0.9
GRC-2002,GRC,2002,4.8,2.9,1.1
GRC-2003,GRC,2003,5.7,3.3,1.2
GRC-2004,GRC,2004,5.3,3.1,1.1
GRC-2005,GRC,2005,5.9,3.5,1.4
GRC-2006,GRC,2006,5.8,3.4,1.2
GRC-2007,GRC,2007,4.7,2.8,1.0
GRC-2008,GRC,2008,5.4,3.1,1.1
GRC-2009,GRC,2009,5.8,3.3,0.9
GRC-2010,GRC,2010,5.8,3.2,0.7
GRC-2011,GRC,2011,6.7,4.0,1.4
GRC-2012,GRC,2012,7.3,4.3,1.5
GRC-2013,GRC,2013,7.7,4.6,1.8
GRC-2014,GRC,2014,8.1,4.9,1.9
GRC-2015,GRC,2015,7.6,4.6,1.8
GRC-2016,GRC,2016,7.2,4.1,1.4
GRC-2017,GRC,2017,7.6,4.5,1.7
GRC-2018,GRC,2018,8.0,4.9,2.0
GRC-2019,GRC,2019,7.9,4.6,1.6
HRV-1990,HRV,1990,44.1,27.0,14.3
HRV-1991,HRV,1991,39.9,25.2,13.7
HRV-1992,HRV,1992,42.6,26.1,12.5
HRV-1993,HRV,1993,40.1,24.8,13.0
HRV-1994,HRV,1994,42.3,25.1,12.1
HRV-1995,HRV,1995,35.4,21.3,10.3
HRV-1996,HRV,1996,42.7,24.9,11.9
HRV-1997,HRV,1997,39.2,23.3,11.4
HRV-1998,HRV,1998,43.5,25.7,12.8
HRV-1999,HRV,1999,40.7,24.2,11.9
HRV-2000,HRV,2000,41.3,24.0,10.9
HRV-2001,HRV,2001,33.1,19.9,9.1
HRV-2002,HRV,2002,34.4,20.2,9.6
HRV-2003,HRV,2003,34.3,19.5,7.8
HRV-2004,HRV,2004,34.0,19.7,9.3
HRV-2005,HRV,2005,32.4,19.3,9.0
HRV-2006,HRV,2006,28.5,17.6,8.9
HRV-2007,HRV,2007,28.9,17.1,7.9
HRV-2008,HRV,2008,31.1,17.6,7.4
HRV-2009,HRV,2009,30.6,17.3,6.7
HRV-2010,HRV,2010,28.7,16.9,7.6
HRV-2011,HRV,2011,25.4,15.1,7.2
HRV-2012,HRV,2012,29.3,17.0,7.1
HRV-2013,HRV,2013,26.5,15.3,5.9
HRV-2014,HRV,2014,26.3,15.9,7.6
HRV-2015,HRV,2015,26.8,16.3,7.8
HRV-2016,HRV,2016,25.5,15.1,6.7
HRV-2017,HRV,2017,23.4,14.0,6.4
HRV-2019,HRV,2019,22.9,13.0,4.9
HUN-1990,HUN,1990,71.4,43.9,22.3
HUN-1991,HUN,1991,67.5,42.1,21.6
HUN-1992,HUN,1992,68.7,41.8,20.3
HUN-1993,HUN,1993,63.9,38.6,18.6
HUN-1994,HUN,1994,63.9,37.9,17.2
HUN-1995,HUN,1995,58.4,35.0,16.8
HUN-1996,HUN,1996,58.3,35.5,17.2
HUN-1997,HUN,1997,56.8,33.4,15.4
HUN-1998,HUN,1998,56.1,33.1,14.6
HUN-1999,HUN,1999,60.9,35.0,15.0
HUN-2000,HUN,2000,57.9,34.1,15.2
HUN-2001,HUN,2001,52.5,30.1,12.7
HUN-2002,HUN,2002,50.2,28.6,11.8
HUN-2003,HUN,2003,49.0,28.1,11.5
HUN-2004,HUN,2004,47.4,27.3,11.7
HUN-2005,HUN,2005,46.1,26.1,10.5
HUN-2006,HUN,2006,41.2,24.3,10.7
HUN-2007,HUN,2007,42.3,24.2,10.0
HUN-2008,HUN,2008,42.9,24.3,9.9
HUN-2009,HUN,2009,41.9,24.1,9.9
HUN-2010,HUN,2010,42.8,24.3,9.6
HUN-2011,HUN,2011,40.2,23.6,10.0
HUN-2012,HUN,2012,39.6,22.8,9.5
HUN-2013,HUN,2013,34.5,20.2,8.8
HUN-2014,HUN,2014,32.0,18.5,7.8
HUN-2015,HUN,2015,30.7,18.0,8.1
HUN-2016,HUN,2016,28.7,16.9,7.7
HUN-2017,HUN,2017,27.3,15.7,6.7
HUN-2018,HUN,2018,28.3,15.9,6.5
HUN-2019,HUN,2019,25.2,14.8,6.8
IRL-1990,IRL,1990,16.8,11.1,5.5
IRL-1991,IRL,1991,17.8,11.0,4.3
IRL-1992,IRL,1992,19.2,11.4,3.9
IRL-1993,IRL,1993,16.1,10.1,4.3
IRL-1994,IRL,1994,18.5,12.1,5.8
IRL-1995,IRL,1995,19.4,11.9,5.0
IRL-1996,IRL,1996,20.1,11.6,3.6
IRL-1997,IRL,1997,21.0,13.1,5.3
IRL-1998,IRL,1998,23.6,13.7,4.1
IRL-1999,IRL,1999,19.1,11.7,4.7
IRL-2000,IRL,2000,20.3,12.3,4.4
IRL-2001,IRL,2001,21.6,12.9,4.3
IRL-2002,IRL,2002,18.8,11.4,4.2
IRL-2003,IRL,2003,18.1,11.5,5.1
IRL-2004,IRL,2004,19.3,11.6,3.9
IRL-2005,IRL,2005,17.3,10.9,4.3
IRL-2006,IRL,2006,17.5,10.7,3.9
IRL-2007,IRL,2007,16.5,10.5,4.5
IRL-2008,IRL,2008,17.4,11.5,5.7
IRL-2009,IRL,2009,18.9,11.8,4.8
IRL-2010,IRL,2010,17.2,10.8,4.6
IRL-2011,IRL,2011,20.5,12.2,4.1
IRL-2012,IRL,2012,20.4,12.2,4.2
IRL-2013,IRL,2013,18.0,11.1,4.2
IRL-2014,IRL,2014,18.0,10.8,3.8
IRL-2015,IRL,2015,15.1,9.5,4.0
IRL-2018,IRL,2018,14.3,9.4,4.7
ISL-1990,ISL,1990,27.8,16.3,4.7
ISL-1991,ISL,1991,24.0,15.4,7.1
ISL-1992,ISL,1992,18.1,11.6,5.0
ISL-1993,ISL,1993,15.2,11.0,6.6
ISL-1994,ISL,1994,16.7,10.4,3.7
ISL-1995,ISL,1995,17.5,11.0,4.2
ISL-1996,ISL,1996,22.6,13.5,4.5
ISL-1997,ISL,1997,23.1,14.0,5.3
ISL-1998,ISL,1998,18.3,11.5,5.0
ISL-1999,ISL,1999,17.0,11.3,5.6
ISL-2000,ISL,2000,29.5,18.1,6.5
ISL-2001,ISL,2001,19.9,12.8,6.0
ISL-2002,ISL,2002,14.0,10.4,6.7
ISL-2003,ISL,2003,14.7,9.9,5.1
ISL-2004,ISL,2004,19.0,12.6,6.6
ISL-2005,ISL,2005,16.1,11.6,6.8
ISL-2006,ISL,2006,14.1,10.9,7.5
ISL-2007,ISL,2007,19.3,12.0,4.7
ISL-2008,ISL,2008,17.2,12.8,8.0
ISL-2009,ISL,2009,19.3,12.0,4.6
ISL-2010,ISL,2010,23.4,15.0,6.8
ISL-2011,ISL,2011,14.3,8.9,3.3
ISL-2012,ISL,2012,16.9,11.9,7.3
ISL-2013,ISL,2013,23.5,16.3,9.2
ISL-2014,ISL,2014,21.7,14.1,7.0
ISL-2015,ISL,2015,17.5,12.4,6.9
ISL-2016,ISL,2016,21.7,12.2,2.4
ISL-2017,ISL,2017,17.9,9.8,1.3
ISL-2018,ISL,2018,16.4,9.8,2.8
ISL-2019,ISL,2019,17.8,11.2,4.1
ISL-2020,ISL,2020,16.4,12.7,8.4
ISR-1990,ISR,1990,13.8,9.1,4.9
ISR-1991,ISR,1991,15.1,10.3,5.8
ISR-1992,ISR,1992,14.9,9.9,5.3
ISR-1993,ISR,1993,14.5,9.5,5.0
ISR-1994,ISR,1994,15.6,10.5,5.9
ISR-1995,ISR,1995,12.9,8.7,4.9
ISR-1996,ISR,1996,11.2,7.0,3.5
ISR-1997,ISR,1997,13.7,8.3,3.5
ISR-1998,ISR,1998,10.9,6.8,3.3
ISR-1999,ISR,1999,12.2,7.4,3.0
ISR-2000,ISR,2000,12.2,7.5,3.4
ISR-2001,ISR,2001,12.8,7.5,2.9
ISR-2002,ISR,2002,11.1,7.0,3.3
ISR-2003,ISR,2003,13.3,7.8,2.8
ISR-2004,ISR,2004,11.8,7.3,3.2
ISR-2005,ISR,2005,11.1,7.5,4.2
ISR-2006,ISR,2006,9.7,6.1,2.9
ISR-2007,ISR,2007,9.3,5.5,2.1
ISR-2008,ISR,2008,10.3,5.8,1.9
ISR-2009,ISR,2009,10.2,6.3,2.8
ISR-2010,ISR,2010,13.0,7.5,2.7
ISR-2011,ISR,2011,10.8,6.4,2.5
ISR-2012,ISR,2012,11.3,6.6,2.4
ISR-2013,ISR,2013,9.3,5.6,2.4
ISR-2014,ISR,2014,9.0,5.6,2.4
ISR-2015,ISR,2015,8.1,5.0,2.1
ISR-2016,ISR,2016,9.7,5.6,1.8
ISR-2017,ISR,2017,9.1,5.6,2.5
ISR-2018,ISR,2018,10.2,6.2,2.5
ISR-2019,ISR,2019,9.2,5.7,2.4
ISR-2020,ISR,2020,9.4,5.7,2.4
ITA-1990,ITA,1990,13.1,7.9,4.1
ITA-1991,ITA,1991,12.9,8.0,4.2
ITA-1992,ITA,1992,13.2,8.1,4.0
ITA-1993,ITA,1993,13.9,8.3,3.9
ITA-1994,ITA,1994,13.2,7.9,3.7
ITA-1995,ITA,1995,13.2,8.0,3.7
ITA-1996,ITA,1996,13.1,8.1,4.0
ITA-1997,ITA,1997,13.3,8.0,3.7
ITA-1998,ITA,1998,12.9,7.6,3.3
ITA-1999,ITA,1999,11.5,6.9,3.2
ITA-2000,ITA,2000,11.4,6.9,3.3
ITA-2001,ITA,2001,11.2,6.7,3.1
ITA-2002,ITA,2002,11.3,6.7,2.9
ITA-2003,ITA,2003,11.0,6.6,3.0
ITA-2004,ITA,2004,10.8,6.4,2.9
ITA-2005,ITA,2005,9.8,6.0,2.8
ITA-2006,ITA,2006,9.7,5.8,2.6
ITA-2007,ITA,2007,9.8,5.8,2.5
ITA-2008,ITA,2008,9.9,6.0,2.7
ITA-2009,ITA,2009,10.1,6.1,2.6
ITA-2010,ITA,2010,10.2,6.0,2.5
ITA-2011,ITA,2011,10.8,6.4,2.5
ITA-2012,ITA,2012,10.9,6.5,2.7
ITA-2013,ITA,2013,10.7,6.5,2.8
ITA-2014,ITA,2014,10.2,6.2,2.7
ITA-2015,ITA,2015,9.7,5.9,2.5
ITA-2016,ITA,2016,9.5,5.7,2.3
ITA-2017,ITA,2017,9.6,5.8,2.4
JPN-1990,JPN,1990,23.8,18.2,13.3
JPN-1991,JPN,1991,23.4,17.6,12.4
JPN-1992,JPN,1992,25.0,18.1,12.1
JPN-1993,JPN,1993,24.5,17.4,11.2
JPN-1994,JPN,1994,25.0,17.4,10.8
JPN-1995,JPN,1995,24.9,17.5,11.1
JPN-1996,JPN,1996,25.5,17.8,11.0
JPN-1997,JPN,1997,27.0,18.7,11.3
JPN-1998,JPN,1998,36.9,24.7,13.8
JPN-1999,JPN,1999,36.6,24.2,13.1
JPN-2000,JPN,2000,34.8,23.0,12.3
JPN-2001,JPN,2001,33.6,22.2,11.8
JPN-2002,JPN,2002,34.2,22.4,11.6
JPN-2003,JPN,2003,36.7,24.0,12.2
JPN-2004,JPN,2004,34.4,22.5,11.6
JPN-2005,JPN,2005,34.6,22.7,11.7
JPN-2006,JPN,2006,33.2,22.2,11.9
JPN-2007,JPN,2007,33.9,22.7,12.3
JPN-2008,JPN,2008,33.3,22.3,12.2
JPN-2009,JPN,2009,34.3,22.8,12.0
JPN-2010,JPN,2010,32.3,21.7,11.8
JPN-2011,JPN,2011,30.6,21.4,12.6
JPN-2012,JPN,2012,28.4,19.5,11.0
JPN-2013,JPN,2013,27.9,19.2,10.9
JPN-2014,JPN,2014,26.0,18.0,10.5
JPN-2015,JPN,2015,24.8,17.0,9.6
JPN-2016,JPN,2016,22.6,15.6,8.8
JPN-2017,JPN,2017,22.1,15.2,8.6
JPN-2018,JPN,2018,21.4,15.0,8.8
JPN-2019,JPN,2019,21.2,14.6,8.3
KOR-1990,KOR,1990,13.7,9.0,5.3
KOR-1991,KOR,1991,12.8,8.6,5.1
KOR-1992,KOR,1992,14.6,9.7,5.7
KOR-1993,KOR,1993,17.6,11.6,6.9
KOR-1994,KOR,1994,18.2,11.9,7.3
KOR-1995,KOR,1995,19.2,12.7,7.6
KOR-1996,KOR,1996,23.0,15.2,9.0
KOR-1997,KOR,1997,25.1,16.3,9.5
KOR-1998,KOR,1998,35.7,22.7,12.1
KOR-1999,KOR,1999,29.1,18.9,10.7
KOR-2000,KOR,2000,26.8,17.5,10.2
KOR-2001,KOR,2001,29.5,18.9,10.8
KOR-2002,KOR,2002,36.7,23.9,14.3
KOR-2003,KOR,2003,46.8,29.7,17.4
KOR-2004,KOR,2004,47.7,31.2,18.6
KOR-2005,KOR,2005,48.0,31.6,19.5
KOR-2006,KOR,2006,42.3,27.8,16.9
KOR-2007,KOR,2007,44.6,30.3,20.2
KOR-2008,KOR,2008,44.1,30.3,20.1
KOR-2009,KOR,2009,50.7,35.3,23.5
KOR-2010,KOR,2010,52.2,35.0,22.1
KOR-2011,KOR,2011,52.5,34.7,20.9
KOR-2012,KOR,2012,45.3,30.3,18.5
KOR-2013,KOR,2013,45.4,29.8,17.3
KOR-2014,KOR,2014,41.8,27.6,15.8
KOR-2015,KOR,2015,41.3,26.8,15.1
KOR-2016,KOR,2016,39.1,25.5,14.5
KOR-2017,KOR,2017,36.5,23.8,13.1
KOR-2018,KOR,2018,39.1,25.5,14.0
KOR-2019,KOR,2019,38.0,25.4,14.9
KOR-2020,KOR,2020,34.9,24.1,14.9
LTU-1990,LTU,1990,52.3,29.3,10.6
LTU-1991,LTU,1991,60.6,33.9,12.1
LTU-1992,LTU,1992,67.8,38.9,15.0
LTU-1993,LTU,1993,86.5,47.0,15.1
LTU-1994,LTU,1994,95.2,50.8,14.4
LTU-1995,LTU,1995,93.5,51.1,17.0
LTU-1996,LTU,1996,92.1,52.0,18.6
LTU-1997,LTU,1997,89.0,48.8,15.6
LTU-1998,LTU,1998,87.0,47.3,15.1
LTU-1999,LTU,1999,85.7,46.8,14.7
LTU-2000,LTU,2000,88.5,49.3,17.1
LTU-2001,LTU,2001,85.3,46.7,15.4
LTU-2002,LTU,2002,87.1,46.8,13.2
LTU-2003,LTU,2003,80.7,43.8,13.8
LTU-2004,LTU,2004,76.0,41.9,14.2
LTU-2005,LTU,2005,73.6,40.3,12.9
LTU-2006,LTU,2006,58.6,32.0,10.6
LTU-2007,LTU,2007,58.7,31.6,9.6
LTU-2008,LTU,2008,62.8,34.3,10.6
LTU-2009,LTU,2009,65.8,35.1,10.1
LTU-2010,LTU,2010,58.2,32.2,10.5
LTU-2011,LTU,2011,59.4,32.9,11.3
LTU-2012,LTU,2012,55.2,30.1,9.7
LTU-2013,LTU,2013,64.5,35.4,11.4
LTU-2014,LTU,2014,56.7,30.4,8.9
LTU-2015,LTU,2015,54.3,29.6,9.7
LTU-2016,LTU,2016,52.2,27.3,7.3
LTU-2017,LTU,2017,45.2,25.0,8.7
LTU-2018,LTU,2018,41.9,22.9,7.8
LTU-2019,LTU,2019,41.2,22.2,6.8
LTU-2020,LTU,2020,35.9,20.3,7.5
LUX-1990,LUX,1990,26.9,18.4,11.0
LUX-1991,LUX,1991,31.1,20.5,11.7
LUX-1992,LUX,1992,16.8,15.6,15.4
LUX-1993,LUX,1993,26.3,16.3,8.0
LUX-1994,LUX,1994,35.7,19.3,6.7
LUX-1995,LUX,1995,24.6,15.6,8.7
LUX-1996,LUX,1996,28.2,18.1,9.3
LUX-1997,LUX,1997,34.1,20.0,9.9
LUX-1998,LUX,1998,25.0,15.2,7.2
LUX-1999,LUX,1999,24.7,16.6,9.8
LUX-2000,LUX,2000,25.0,15.0,7.3
LUX-2001,LUX,2001,25.1,17.4,10.4
LUX-2002,LUX,2002,31.6,20.1,10.3
LUX-2003,LUX,2003,20.1,11.0,3.6
LUX-2004,LUX,2004,21.9,13.8,7.1
LUX-2005,LUX,2005,19.6,10.7,4.2
LUX-2006,LUX,2006,21.9,13.8,7.6
LUX-2007,LUX,2007,24.0,16.6,10.5
LUX-2008,LUX,2008,15.2,8.7,3.2
LUX-2009,LUX,2009,14.7,9.6,4.7
LUX-2010,LUX,2010,17.6,10.5,4.3
LUX-2011,LUX,2011,14.7,10.7,6.8
LUX-2012,LUX,2012,15.2,9.6,4.4
LUX-2013,LUX,2013,9.5,7.6,5.8
LUX-2014,LUX,2014,19.0,12.2,5.5
LUX-2015,LUX,2015,16.5,11.5,7.0
LUX-2016,LUX,2016,11.5,7.5,3.7
LUX-2017,LUX,2017,12.6,8.7,4.8
LUX-2018,LUX,2018,11.5,8.2,5.2
LUX-2019,LUX,2019,15.8,10.9,6.7
LVA-1990,LVA,1990,50.9,28.4,11.3
LVA-1991,LVA,1991,54.2,30.7,13.0
LVA-1992,LVA,1992,65.7,37.6,15.4
LVA-1993,LVA,1993,82.1,45.2,17.1
LVA-1994,LVA,1994,79.2,42.9,14.5
LVA-1995,LVA,1995,78.8,43.1,15.2
LVA-1996,LVA,1996,71.6,38.9,13.8
LVA-1997,LVA,1997,68.9,37.6,13.6
LVA-1998,LVA,1998,64.9,35.6,12.4
LVA-1999,LVA,1999,58.2,32.7,13.1
LVA-2000,LVA,2000,63.6,33.8,11.6
LVA-2001,LVA,2001,56.5,30.9,10.5
LVA-2002,LVA,2002,52.7,29.7,11.6
LVA-2003,LVA,2003,49.9,26.7,9.5
LVA-2004,LVA,2004,46.6,24.8,8.2
LVA-2005,LVA,2005,44.3,25.1,9.1
LVA-2006,LVA,2006,41.6,21.6,6.2
LVA-2007,LVA,2007,38.7,20.4,7.3
LVA-2008,LVA,2008,44.3,23.7,7.8
LVA-2009,LVA,2009,43.6,23.6,8.0
LVA-2010,LVA,2010,40.1,20.1,4.7
LVA-2011,LVA,2011,40.0,20.5,5.9
LVA-2012,LVA,2012,39.9,20.9,5.8
LVA-2013,LVA,2013,35.0,18.2,5.1
LVA-2014,LVA,2014,34.3,18.4,5.9
LVA-2015,LVA,2015,34.0,18.6,6.5
LVA-2016,LVA,2016,32.0,17.7,6.1
LVA-2017,LVA,2017,31.8,17.3,5.5
LVA-2018,LVA,2018,29.0,14.7,3.1
LVA-2019,LVA,2019,25.0,14.4,5.3
LVA-2020,LVA,2020,28.5,14.9,4.4
MEX-1990,MEX,1990,6.6,3.6,0.8
MEX-1991,MEX,1991,6.6,3.6,0.9
MEX-1992,MEX,1992,7.0,3.8,1.0
MEX-1993,MEX,1993,7.5,3.9,0.9
MEX-1994,MEX,1994,8.0,4.3,1.0
MEX-1995,MEX,1995,8.4,4.4,1.0
MEX-1996,MEX,1996,7.6,4.1,1.0
MEX-1997,MEX,1997,7.8,4.3,1.1
MEX-1998,MEX,1998,7.8,4.2,1.0
MEX-1999,MEX,1999,7.5,4.1,1.0
MEX-2000,MEX,2000,8.1,4.4,1.1
MEX-2001,MEX,2001,8.3,4.6,1.4
MEX-2002,MEX,2002,8.0,4.4,1.3
MEX-2003,MEX,2003,8.4,4.7,1.4
MEX-2004,MEX,2004,8.4,4.7,1.3
MEX-2005,MEX,2005,9.0,5.0,1.4
MEX-2006,MEX,2006,8.3,4.6,1.3
MEX-2007,MEX,2007,8.1,4.5,1.4
MEX-2008,MEX,2008,8.4,4.7,1.5
MEX-2009,MEX,2009,8.8,5.0,1.6
MEX-2010,MEX,2010,8.8,4.9,1.5
MEX-2011,MEX,2011,9.0,5.2,1.6
MEX-2012,MEX,2012,8.4,4.9,1.6
MEX-2013,MEX,2013,8.9,5.2,1.7
MEX-2014,MEX,2014,9.7,5.6,1.9
MEX-2015,MEX,2015,9.6,5.5,1.8
MEX-2016,MEX,2016,9.6,5.4,1.7
MEX-2017,MEX,2017,9.6,5.5,1.8
MEX-2018,MEX,2018,9.7,5.5,1.8
MEX-2019,MEX,2019,10.0,5.7,1.9
MEX-2020,MEX,2020,11.0,6.3,2.0
NLD-1990,NLD,1990,13.7,10.3,7.5
NLD-1991,NLD,1991,15.7,11.3,7.8
NLD-1992,NLD,1992,15.4,11.0,7.4
NLD-1993,NLD,1993,14.6,10.5,7.1
NLD-1994,NLD,1994,15.6,10.6,6.5
NLD-1995,NLD,1995,13.8,10.0,6.7
NLD-1996,NLD,1996,14.6,10.4,6.9
NLD-1997,NLD,1997,14.6,10.3,6.8
NLD-1998,NLD,1998,13.9,9.9,6.6
NLD-1999,NLD,1999,13.8,9.8,6.4
NLD-2000,NLD,2000,13.6,9.6,6.3
NLD-2001,NLD,2001,13.4,9.3,5.7
NLD-2002,NLD,2002,13.8,9.8,6.2
NLD-2003,NLD,2003,13.1,9.4,5.9
NLD-2004,NLD,2004,13.2,9.3,5.9
NLD-2005,NLD,2005,13.6,9.6,6.0
NLD-2006,NLD,2006,13.4,9.3,5.7
NLD-2007,NLD,2007,11.8,8.2,4.9
NLD-2008,NLD,2008,12.4,8.6,5.3
NLD-2009,NLD,2009,13.1,9.1,5.4
NLD-2010,NLD,2010,13.6,9.4,5.5
NLD-2011,NLD,2011,13.7,9.7,5.9
NLD-2012,NLD,2012,14.3,10.3,6.5
NLD-2013,NLD,2013,15.6,10.8,6.2
NLD-2014,NLD,2014,14.8,10.6,6.7
NLD-2015,NLD,2015,15.1,10.7,6.7
NLD-2016,NLD,2016,15.0,10.8,6.8
NLD-2017,NLD,2017,15.1,10.8,6.8
NLD-2018,NLD,2018,13.5,10.2,7.2
NLD-2019,NLD,2019,13.9,10.0,6.3
NLD-2020,NLD,2020,13.8,10.0,6.4
NOR-1990,NOR,1990,24.1,16.0,8.3
NOR-1991,NOR,1991,24.6,16.5,8.6
NOR-1992,NOR,1992,21.9,14.7,8.0
NOR-1993,NOR,1993,21.8,13.9,6.5
NOR-1994,NOR,1994,18.1,12.6,7.3
NOR-1995,NOR,1995,19.6,12.9,6.4
NOR-1996,NOR,1996,18.7,12.0,6.0
NOR-1997,NOR,1997,19.1,12.6,6.7
NOR-1998,NOR,1998,18.8,12.7,6.9
NOR-1999,NOR,1999,20.4,13.5,7.0
NOR-2000,NOR,2000,19.2,12.4,6.0
NOR-2001,NOR,2001,19.3,12.6,6.3
NOR-2002,NOR,2002,16.9,11.2,6.0
NOR-2003,NOR,2003,17.1,11.3,5.7
NOR-2004,NOR,2004,16.7,11.9,7.6
NOR-2005,NOR,2005,16.0,11.7,7.6
NOR-2006,NOR,2006,17.5,11.7,6.2
NOR-2007,NOR,2007,15.0,10.6,6.4
NOR-2008,NOR,2008,15.0,10.7,6.6
NOR-2009,NOR,2009,17.8,12.1,6.6
NOR-2010,NOR,2010,16.2,11.4,6.8
NOR-2011,NOR,2011,18.0,12.2,6.8
NOR-2012,NOR,2012,15.0,10.4,5.9
NOR-2013,NOR,2013,15.0,11.0,7.1
NOR-2014,NOR,2014,15.9,10.8,5.8
NOR-2015,NOR,2015,15.6,11.4,7.4
NOR-2016,NOR,2016,16.0,11.8,7.5
NZL-1990,NZL,1990,23.5,14.1,5.6
NZL-1991,NZL,1991,22.6,13.8,5.6
NZL-1992,NZL,1992,23.9,14.6,6.0
NZL-1993,NZL,1993,20.1,12.6,5.5
NZL-1994,NZL,1994,24.7,14.8,5.8
NZL-1995,NZL,1995,24.6,15.2,6.4
NZL-1996,NZL,1996,24.5,14.7,5.8
NZL-1997,NZL,1997,24.5,15.1,6.3
NZL-1998,NZL,1998,24.6,15.5,6.8
NZL-1999,NZL,1999,21.2,13.7,6.7
NZL-2000,NZL,2000,21.0,12.3,4.3
NZL-2001,NZL,2001,21.5,13.5,6.2
NZL-2002,NZL,2002,19.5,12.3,5.7
NZL-2003,NZL,2003,20.1,13.3,7.1
NZL-2004,NZL,2004,20.3,12.4,5.3
NZL-2005,NZL,2005,19.6,12.7,6.3
NZL-2006,NZL,2006,19.6,12.7,6.5
NZL-2007,NZL,2007,18.9,11.9,5.4
NZL-2008,NZL,2008,18.9,12.4,6.3
NZL-2009,NZL,2009,19.2,12.0,5.4
NZL-2010,NZL,2010,18.7,12.4,6.7
NZL-2011,NZL,2011,17.6,11.2,5.1
NZL-2012,NZL,2012,18.7,12.4,6.4
NZL-2013,NZL,2013,17.7,11.8,6.5
NZL-2014,NZL,2014,17.9,11.5,5.7
NZL-2015,NZL,2015,17.8,11.8,6.2
NZL-2016,NZL,2016,18.4,12.1,6.1
PER-1990,PER,1990,1.2,0.7,0.4
PER-1991,PER,1991,0.7,0.4,0.2
PER-1992,PER,1992,2.2,1.3,0.7
PER-1994,PER,1994,2.7,1.8,1.1
PER-1995,PER,1995,3.1,2.0,1.2
PER-1996,PER,1996,2.5,2.0,1.4
PER-1997,PER,1997,2.2,1.4,0.9
PER-1998,PER,1998,2.1,1.5,1.0
PER-1999,PER,1999,1.5,1.0,0.6
PER-2000,PER,2000,1.7,1.0,0.5
PER-2001,PER,2001,1.5,1.0,0.6
PER-2002,PER,2002,1.6,1.0,0.5
PER-2003,PER,2003,1.6,1.0,0.4
PER-2004,PER,2004,1.6,1.0,0.4
PER-2005,PER,2005,1.1,0.8,0.5
PER-2006,PER,2006,1.2,0.9,0.6
PER-2007,PER,2007,2.4,1.6,0.9
PER-2008,PER,2008,2.2,1.5,0.9
PER-2009,PER,2009,0.9,0.5,0.2
PER-2010,PER,2010,1.5,1.0,0.5
PER-2011,PER,2011,2.7,1.8,1.0
PER-2012,PER,2012,3.2,2.3,1.5
PER-2013,PER,2013,1.9,1.2,0.6
PER-2014,PER,2014,2.0,1.4,0.9
PER-2015,PER,2015,1.3,0.9,0.6
PER-2016,PER,2016,2.1,1.4,0.7
PER-2017,PER,2017,2.0,1.3,0.6
PER-2018,PER,2018,2.5,1.7,0.9
POL-1990,POL,1990,25.2,14.5,5.1
POL-1991,POL,1991,27.5,15.5,4.9
POL-1992,POL,1992,28.8,16.5,5.5
POL-1993,POL,1993,28.2,16.1,5.5
POL-1994,POL,1994,28.0,15.7,4.9
POL-1995,POL,1995,27.3,15.5,5.1
POL-1996,POL,1996,26.9,15.2,4.9
POL-1999,POL,1999,27.9,15.5,4.7
POL-2000,POL,2000,28.2,15.8,5.0
POL-2001,POL,2001,28.3,15.7,4.4
POL-2002,POL,2002,27.8,15.8,5.1
POL-2003,POL,2003,27.7,15.4,4.6
POL-2004,POL,2004,28.6,15.9,4.6
POL-2005,POL,2005,28.4,15.8,4.6
POL-2006,POL,2006,27.3,15.1,4.3
POL-2007,POL,2007,24.8,13.7,4.1
POL-2008,POL,2008,26.7,14.7,4.0
POL-2009,POL,2009,30.2,16.7,4.7
POL-2010,POL,2010,29.8,16.3,4.1
POL-2011,POL,2011,28.8,15.6,3.7
POL-2012,POL,2012,29.7,16.2,3.9
POL-2013,POL,2013,28.9,15.8,4.1
POL-2014,POL,2014,27.3,15.1,3.9
POL-2015,POL,2015,25.1,13.7,3.6
POL-2016,POL,2016,21.9,11.9,2.9
POL-2017,POL,2017,20.6,11.3,2.9
POL-2018,POL,2018,20.6,11.3,2.8
POL-2019,POL,2019,21.1,11.6,3.0
PRT-1990,PRT,1990,16.2,9.7,4.7
PRT-1991,PRT,1991,18.0,10.5,4.8
PRT-1992,PRT,1992,16.2,9.6,4.7
PRT-1993,PRT,1993,14.6,8.5,3.8
PRT-1994,PRT,1994,14.3,8.2,3.4
PRT-1995,PRT,1995,14.0,8.6,4.4
PRT-1996,PRT,1996,12.2,7.0,3.2
PRT-1997,PRT,1997,11.4,6.5,2.7
PRT-1998,PRT,1998,9.6,5.7,2.6
PRT-1999,PRT,1999,9.5,5.5,2.5
PRT-2000,PRT,2000,9.5,5.2,1.9
PRT-2001,PRT,2001,13.1,7.4,3.1
PRT-2002,PRT,2002,20.5,11.7,4.8
PRT-2003,PRT,2003,19.2,11.1,4.7
PRT-2007,PRT,2007,15.5,9.3,4.5
PRT-2008,PRT,2008,16.2,9.4,4.0
PRT-2009,PRT,2009,16.3,9.2,3.6
PRT-2010,PRT,2010,16.7,9.7,4.3
PRT-2011,PRT,2011,15.6,8.9,3.7
PRT-2012,PRT,2012,16.8,9.3,3.4
PRT-2013,PRT,2013,15.7,9.1,3.8
PRT-2014,PRT,2014,17.8,10.6,4.8
PRT-2015,PRT,2015,15.6,9.7,5.1
PRT-2016,PRT,2016,14.4,8.4,3.6
PRT-2017,PRT,2017,15.0,9.1,4.4
PRT-2018,PRT,2018,14.1,8.5,4.0
ROU-1990,ROU,1990,15.7,10.3,5.3
ROU-1991,ROU,1991,17.0,10.8,5.1
ROU-1992,ROU,1992,21.8,13.2,5.5
ROU-1993,ROU,1993,22.6,13.7,5.6
ROU-1994,ROU,1994,23.7,14.1,5.5
ROU-1995,ROU,1995,22.9,13.5,4.9
ROU-1996,ROU,1996,23.8,13.7,4.6
ROU-1997,ROU,1997,24.0,13.8,4.5
ROU-1998,ROU,1998,23.6,13.5,4.5
ROU-1999,ROU,1999,22.7,13.1,4.5
ROU-2000,ROU,2000,23.2,13.5,4.7
ROU-2001,ROU,2001,22.4,12.8,4.0
ROU-2002,ROU,2002,25.5,14.6,4.8
ROU-2003,ROU,2003,23.9,13.7,4.6
ROU-2004,ROU,2004,22.7,12.9,4.0
ROU-2005,ROU,2005,21.5,12.4,4.2
ROU-2006,ROU,2006,22.3,12.8,4.3
ROU-2007,ROU,2007,19.8,11.5,4.1
ROU-2008,ROU,2008,20.1,11.6,4.0
ROU-2009,ROU,2009,21.7,12.1,3.5
ROU-2010,ROU,2010,22.6,12.8,4.1
ROU-2011,ROU,2011,21.1,11.8,3.5
ROU-2012,ROU,2012,21.9,12.2,3.3
ROU-2013,ROU,2013,20.9,11.7,3.4
ROU-2014,ROU,2014,19.4,10.8,2.9
ROU-2015,ROU,2015,19.5,10.9,3.1
ROU-2016,ROU,2016,17.1,9.6,2.9
ROU-2017,ROU,2017,16.5,9.4,3.0
ROU-2018,ROU,2018,16.7,9.5,3.0
ROU-2019,ROU,2019,15.6,8.6,2.2
RUS-1990,RUS,1990,53.7,29.6,12.2
RUS-1991,RUS,1991,53.6,29.3,11.7
RUS-1992,RUS,1992,62.4,33.8,12.5
RUS-1993,RUS,1993,77.5,41.2,13.8
RUS-1994,RUS,1994,86.8,45.3,14.2
RUS-1995,RUS,1995,82.8,44.2,14.4
RUS-1996,RUS,1996,78.4,41.7,13.1
RUS-1997,RUS,1997,74.2,39.5,12.8
RUS-1998,RUS,1998,69.0,37.0,12.0
RUS-1999,RUS,1999,76.0,40.7,13.1
RUS-2000,RUS,2000,76.0,40.2,12.0
RUS-2001,RUS,2001,76.2,40.2,11.8
RUS-2002,RUS,2002,72.8,38.7,11.8
RUS-2003,RUS,2003,70.1,36.2,10.9
RUS-2004,RUS,2004,65.9,34.3,10.6
RUS-2005,RUS,2005,61.4,31.8,9.6
RUS-2006,RUS,2006,56.7,29.7,9.3
RUS-2007,RUS,2007,53.5,28.4,9.4
RUS-2008,RUS,2008,50.2,26.5,8.9
RUS-2009,RUS,2009,48.5,25.7,8.3
RUS-2010,RUS,2010,43.2,22.8,7.3
RUS-2011,RUS,2011,39.7,21.3,7.1
RUS-2012,RUS,2012,37.7,20.3,6.9
RUS-2013,RUS,2013,36.9,19.6,6.3
RUS-2014,RUS,2014,34.5,18.3,5.9
RUS-2015,RUS,2015,31.9,17.1,5.7
RUS-2019,RUS,2019,22.2,11.7,3.6
SVK-1992,SVK,1992,30.4,17.2,5.9
SVK-1993,SVK,1993,28.5,15.8,4.7
SVK-1994,SVK,1994,26.8,14.7,4.4
SVK-1995,SVK,1995,28.1,15.5,5.0
SVK-1996,SVK,1996,25.3,13.9,4.2
SVK-1997,SVK,1997,23.8,13.2,4.3
SVK-1998,SVK,1998,24.7,13.4,3.5
SVK-1999,SVK,1999,25.9,14.0,3.9
SVK-2000,SVK,2000,25.5,14.6,5.3
SVK-2001,SVK,2001,25.4,13.9,4.3
SVK-2002,SVK,2002,26.7,14.3,3.9
SVK-2003,SVK,2003,27.0,14.6,3.9
SVK-2004,SVK,2004,22.6,12.8,4.2
SVK-2005,SVK,2005,24.1,12.9,3.5
SVK-2008,SVK,2008,20.2,11.0,3.0
SVK-2009,SVK,2009,21.8,11.1,2.1
SVK-2010,SVK,2010,21.3,11.6,3.3
SVK-2012,SVK,2012,19.6,10.4,2.5
SVK-2013,SVK,2013,21.0,11.2,2.9
SVK-2014,SVK,2014,18.8,10.0,2.8
SVK-2016,SVK,2016,12.5,6.9,2.0
SVK-2017,SVK,2017,11.9,6.7,2.3
SVK-2018,SVK,2018,12.9,7.4,2.5
SVK-2019,SVK,2019,12.0,6.6,1.9
SVN-1990,SVN,1990,52.4,31.0,13.7
SVN-1991,SVN,1991,62.1,35.5,15.1
SVN-1992,SVN,1992,52.0,32.1,15.3
SVN-1993,SVN,1993,57.9,33.1,13.2
SVN-1994,SVN,1994,56.3,33.0,14.1
SVN-1995,SVN,1995,50.7,29.9,12.8
SVN-1996,SVN,1996,54.3,32.2,14.5
SVN-1997,SVN,1997,53.9,30.8,11.8
SVN-1998,SVN,1998,54.0,31.7,13.3
SVN-1999,SVN,1999,51.5,30.7,13.8
SVN-2000,SVN,2000,50.3,30.4,15.1
SVN-2001,SVN,2001,51.9,29.6,11.7
SVN-2002,SVN,2002,47.0,27.0,10.1
SVN-2003,SVN,2003,48.2,28.0,11.5
SVN-2004,SVN,2004,37.8,24.8,13.2
SVN-2005,SVN,2005,41.7,24.4,10.2
SVN-2006,SVN,2006,44.4,25.6,10.4
SVN-2007,SVN,2007,34.7,20.7,8.9
SVN-2008,SVN,2008,33.2,19.2,7.6
SVN-2009,SVN,2009,34.6,20.8,8.4
SVN-2010,SVN,2010,34.0,19.2,6.9
SVN-2011,SVN,2011,35.4,20.1,7.6
SVN-2012,SVN,2012,35.6,20.1,7.1
SVN-2013,SVN,2013,35.2,20.3,7.3
SVN-2014,SVN,2014,31.1,17.5,5.3
SVN-2015,SVN,2015,32.3,18.9,7.6
SVN-2016,SVN,2016,28.4,16.8,6.5
SVN-2017,SVN,2017,31.3,18.1,6.9
SVN-2018,SVN,2018,26.2,15.7,6.7
SVN-2019,SVN,2019,28.5,17.2,7.3
SVN-2020,SVN,2020,26.8,15.7,5.7
SWE-1990,SWE,1990,25.3,17.4,10.5
SWE-1991,SWE,1991,25.4,17.5,10.3
SWE-1992,SWE,1992,22.9,15.9,9.6
SWE-1993,SWE,1993,23.3,16.0,9.6
SWE-1994,SWE,1994,22.3,15.2,8.7
SWE-1995,SWE,1995,22.4,15.5,9.2
SWE-1996,SWE,1996,20.7,14.3,8.4
SWE-1997,SWE,1997,20.4,13.7,7.7
SWE-1998,SWE,1998,20.9,14.0,7.7
SWE-1999,SWE,1999,20.3,13.9,8.0
SWE-2000,SWE,2000,18.8,12.7,7.2
SWE-2001,SWE,2001,19.6,13.4,7.9
SWE-2002,SWE,2002,19.9,13.2,6.9
SWE-2003,SWE,2003,17.8,12.3,7.3
SWE-2004,SWE,2004,19.1,12.8,6.9
SWE-2005,SWE,2005,19.0,13.4,8.3
SWE-2006,SWE,2006,18.3,13.0,8.2
SWE-2007,SWE,2007,17.8,12.2,7.0
SWE-2008,SWE,2008,18.8,12.5,6.7
SWE-2009,SWE,2009,19.3,13.2,7.5
SWE-2010,SWE,2010,17.9,12.0,6.3
SWE-2011,SWE,2011,16.8,11.6,6.7
SWE-2012,SWE,2012,17.3,11.9,6.9
SWE-2013,SWE,2013,17.9,12.6,7.4
SWE-2014,SWE,2014,16.2,11.7,7.4
SWE-2015,SWE,2015,17.6,12.0,6.7
SWE-2016,SWE,2016,15.8,11.3,7.0
SWE-2017,SWE,2017,16.7,11.7,6.9
SWE-2018,SWE,2018,17.5,12.4,7.6
TUR-2009,TUR,2009,3.7,2.1,0.9
TUR-2010,TUR,2010,3.8,2.4,1.2
TUR-2011,TUR,2011,2.8,1.8,0.8
TUR-2012,TUR,2012,3.4,2.2,1.1
TUR-2013,TUR,2013,4.2,2.7,1.3
TUR-2014,TUR,2014,3.7,2.3,1.1
TUR-2015,TUR,2015,3.4,2.2,1.0
TUR-2016,TUR,2016,4.2,2.6,1.1
TUR-2019,TUR,2019,7.0,4.4,2.0
USA-1990,USA,1990,23.2,13.3,5.2
USA-1991,USA,1991,22.9,13.1,5.0
USA-1992,USA,1992,22.2,12.8,4.9
USA-1993,USA,1993,22.4,12.9,4.9
USA-1994,USA,1994,22.1,12.7,4.7
USA-1995,USA,1995,22.0,12.6,4.6
USA-1996,USA,1996,21.4,12.3,4.5
USA-1997,USA,1997,20.8,12.1,4.6
USA-1998,USA,1998,20.6,11.9,4.5
USA-1999,USA,1999,19.4,11.3,4.2
USA-2000,USA,2000,18.9,11.0,4.1
USA-2001,USA,2001,19.3,11.3,4.2
USA-2002,USA,2002,19.6,11.5,4.4
USA-2003,USA,2003,19.1,11.3,4.3
USA-2004,USA,2004,19.1,11.5,4.7
USA-2005,USA,2005,19.1,11.4,4.5
USA-2006,USA,2006,19.1,11.5,4.7
USA-2007,USA,2007,19.7,11.9,4.9
USA-2008,USA,2008,20.2,12.2,5.0
USA-2009,USA,2009,20.5,12.4,5.1
USA-2010,USA,2010,21.0,12.8,5.2
USA-2011,USA,2011,21.3,13.0,5.5
USA-2012,USA,2012,21.6,13.2,5.6
USA-2013,USA,2013,21.7,13.4,5.8
USA-2014,USA,2014,22.1,13.8,6.1
USA-2015,USA,2015,22.4,14.0,6.3
USA-2016,USA,2016,22.6,14.2,6.4
USA-2017,USA,2017,23.7,14.8,6.4
USA-2018,USA,2018,24.1,15.0,6.5
USA-2019,USA,2019,23.6,14.7,6.3
USA-2020,USA,2020,23.0,14.1,5.7
ZAF-1996,ZAF,1996,1.1,0.6,0.2
ZAF-1997,ZAF,1997,0.6,0.4,0.2
ZAF-1998,ZAF,1998,1.4,0.7,0.3
ZAF-1999,ZAF,1999,1.5,0.9,0.4
ZAF-2000,ZAF,2000,1.3,0.7,0.3
ZAF-2001,ZAF,2001,1.8,0.9,0.3
ZAF-2002,ZAF,2002,1.1,0.6,0.2
ZAF-2003,ZAF,2003,1.2,0.7,0.4
ZAF-2004,ZAF,2004,2.0,1.1,0.4
ZAF-2005,ZAF,2005,2.4,1.2,0.5
ZAF-2006,ZAF,2006,2.4,1.3,0.5
ZAF-2007,ZAF,2007,1.7,1.0,0.5
ZAF-2008,ZAF,2008,1.9,1.1,0.4
ZAF-2009,ZAF,2009,1.4,0.8,0.4
ZAF-2010,ZAF,2010,1.7,1.0,0.4
ZAF-2011,ZAF,2011,1.3,0.8,0.3
ZAF-2012,ZAF,2012,1.9,1.1,0.5
ZAF-2013,ZAF,2013,2.3,1.3,0.5
ZAF-2014,ZAF,2014,2.1,1.2,0.4
ZAF-2015,ZAF,2015,1.8,1.0,0.4
ZAF-2016,ZAF,2016,1.5,0.8,0.3
ZAF-2017,ZAF,2017,1.1,0.7,0.3
ZAF-2018,ZAF,2018,0.9,0.6,0.3
